rms,hiz_rms,a1x,a1x_rms,a2x_a1x,a3x_a1x,altharmonik,thd,kurtosis,crest,rulman_bant,etiket,kutle_g,devir_hz,nominal_hz,kanal,blok,dosya,kayit_id
0.11140186449470935,0.00024092159532018156,0.01622000935107099,0.1455990833232033,2.09059076650763,1.8422098274927425,0.2129445077019671,3.171374750129589,4.341586648963494,5.453997643021871,0.14877904393594815,saglam,0,19.6608,20,underhang_radyal,0,19.6608.csv,saglam_0g_19.6608
0.10417614044593562,0.00019297310053518555,0.012263207159891789,0.11771608265846938,2.4549987286222503,1.039082749457866,0.21733969669872494,2.9440060967039794,3.7006130244265223,4.657222057127525,0.12877699668364276,saglam,0,19.6608,20,underhang_radyal,1,19.6608.csv,saglam_0g_19.6608
0.1104492438643812,0.00021845426382383908,0.014477415580438689,0.13107754361889692,2.0533044909922684,1.368964477141562,0.3316284087556078,2.603514244329178,4.094332424419452,5.295295113221339,0.13610078108674065,saglam,0,19.6608,20,underhang_radyal,2,19.6608.csv,saglam_0g_19.6608
0.10822389906289458,0.0002148508731659994,0.014060812508873791,0.1299233591701625,2.276042002433678,2.0348129786366864,0.2301368366898838,3.337563807235164,3.563530941560715,4.226118783489523,0.13268920318625826,saglam,0,19.6608,20,underhang_radyal,3,19.6608.csv,saglam_0g_19.6608
0.10288094412787917,0.00019557016432629647,0.010247050699263004,0.0996010562114059,2.8230143493881603,1.2645783002143138,0.6235427518115625,3.3373932452687796,3.857755329638982,4.907856325486102,0.12263195560876665,saglam,0,19.6608,20,underhang_radyal,4,19.6608.csv,saglam_0g_19.6608
0.10727065992282503,0.00022044727807172626,0.013653593698450548,0.12728171625070853,2.3084729801014077,1.5370978661651373,0.2777175108536962,3.0543241069718037,3.5803468692114198,4.564815095052257,0.12911193858802497,saglam,0,19.6608,20,underhang_radyal,5,19.6608.csv,saglam_0g_19.6608
0.10553506289281236,0.0001953142086271829,0.011571278311099005,0.10964392301297847,2.828344705649942,2.3062112743107916,0.2118725586017842,3.8814463889434814,4.296383024020265,4.98735478518701,0.12670774094816675,saglam,0,19.6608,20,underhang_radyal,6,19.6608.csv,saglam_0g_19.6608
0.02940968240258521,0.00012627694257660627,0.010176964516802429,0.34604129269895817,0.2601725662795335,0.46102513977738757,0.7277495192108515,0.6634816471124502,2.155045689669578,2.705168185027847,0.030523647589345594,saglam,0,19.6608,20,overhang_radyal,0,19.6608.csv,saglam_0g_19.6608
0.028258076990366688,0.00010028571552199816,0.0031294333705523614,0.110744739336242,0.9348454966440763,1.1416690987928626,3.06053814155867,2.0417005327612747,2.1317690300170153,2.666098431128128,0.03076332282982632,saglam,0,19.6608,20,overhang_radyal,1,19.6608.csv,saglam_0g_19.6608
0.028918297795546038,0.00010889339594998465,0.006654541712074414,0.23011526331502208,0.6932541175794183,0.678010578864188,1.1730746888238803,1.229379051174873,2.1692434553014417,2.881318162059646,0.030054151828546583,saglam,0,19.6608,20,overhang_radyal,2,19.6608.csv,saglam_0g_19.6608
0.028748698921685953,9.698154071238624e-05,0.006676396890817951,0.23223301022327394,0.5416044000896663,0.8015803835949808,1.0560836459329968,1.1439822554883339,2.214410390395135,2.973209028043732,0.030523261447420135,saglam,0,19.6608,20,overhang_radyal,3,19.6608.csv,saglam_0g_19.6608
0.02844539781590234,9.829469457138193e-05,0.004918252354423536,0.1729015141950694,0.6553320138693294,0.980298973607219,1.2428486204369533,1.5829563168007843,2.1870455507817246,2.613810746625405,0.030445983197279883,saglam,0,19.6608,20,overhang_radyal,4,19.6608.csv,saglam_0g_19.6608
0.028850025815625988,0.00013624382951006142,0.008633849371451502,0.2992666081593556,0.32225752752993114,0.4673663843342916,0.942417132384609,0.7113595358876221,2.1781503626853835,2.6475753240688635,0.030170903547409655,saglam,0,19.6608,20,overhang_radyal,5,19.6608.csv,saglam_0g_19.6608
0.027961033667219262,8.853770954626461e-05,0.0026267087641041295,0.09394176178435307,1.545657903710303,1.5120151831224227,2.327465941513512,2.770592826009573,2.1133028273444756,2.5786383360324656,0.03070192353856804,saglam,0,19.6608,20,overhang_radyal,6,19.6608.csv,saglam_0g_19.6608
0.11533877326596673,0.00018510021984799774,0.012877929267972972,0.1116530799071819,2.1171715350471425,1.1174037032532496,0.12800746542000285,2.70114506736128,3.8744003738193746,5.11308716280665,0.14530296943867024,saglam,0,20.2752,20,underhang_radyal,0,20.2752.csv,saglam_0g_20.2752
0.1127145390319513,0.00021444960581243276,0.013634940621488612,0.1209687830733401,2.3957243177653758,2.3457503645841,0.13135791815805992,3.6811812084451505,3.941709399747303,5.006374205218272,0.1339479294231547,saglam,0,20.2752,20,underhang_radyal,1,20.2752.csv,saglam_0g_20.2752
0.10546980790849761,0.00020281674065599222,0.015854328103193326,0.1503210105094506,1.9395303363718588,0.8924177667645624,0.17093316023843724,2.300880997663385,3.8834946171337563,5.674147373112465,0.134716154143979,saglam,0,20.2752,20,underhang_radyal,2,20.2752.csv,saglam_0g_20.2752
0.11097360329636513,0.00022006254523701361,0.01671597847418776,0.15063022175999444,2.0054948923044975,1.9398482582489958,0.1601052172420543,2.8615222959440896,3.7093317551902616,4.7567320683177465,0.1335538700090119,saglam,0,20.2752,20,underhang_radyal,3,20.2752.csv,saglam_0g_20.2752
0.10844915799921527,0.00019824694789072667,0.016229820834232724,0.1496537283784214,1.89359882380473,1.1764095708298503,0.18823778289926346,2.3359223761516095,3.855241593321523,5.089739256207967,0.12913030624963592,saglam,0,20.2752,20,underhang_radyal,4,20.2752.csv,saglam_0g_20.2752
0.10674351278972445,0.00021154060633793843,0.017228379123100837,0.16139977664851504,1.9183910643717985,1.4141153444758006,0.10799744376427348,2.4852132863209015,3.9541025039655446,5.26412042542246,0.12075943013896717,saglam,0,20.2752,20,underhang_radyal,5,20.2752.csv,saglam_0g_20.2752
0.12167107227349387,0.00019823376723434837,0.014908075123347336,0.12252768751568356,1.9864997018916197,1.6799834104557045,0.18393107289802688,2.876012284138358,3.692529264232557,4.510278911282898,0.15843726723424323,saglam,0,20.2752,20,underhang_radyal,6,20.2752.csv,saglam_0g_20.2752
0.027901141711337438,7.600649146806182e-05,0.002802313788993509,0.10043724439256085,1.3085764174861556,1.7020299037065771,1.9752482502789244,2.9029926171695934,2.1300847786228307,2.5417269792428163,0.030098455062747005,saglam,0,20.2752,20,overhang_radyal,0,20.2752.csv,saglam_0g_20.2752
0.02823795332798612,8.117793103008496e-05,0.0032437540474160725,0.11487213714197816,1.299241745924601,1.7396881472623114,2.0897991457183864,2.718589793057588,2.1161744280535912,2.4085013353818345,0.029725314614570855,saglam,0,20.2752,20,overhang_radyal,1,20.2752.csv,saglam_0g_20.2752
0.02869775017811749,0.00010881090857311561,0.004521772945619247,0.15756541601332946,1.1387874045662378,1.3108019777656488,1.9794229418992138,2.1699925403740883,2.113833003623605,2.501252386935017,0.030081551038166742,saglam,0,20.2752,20,overhang_radyal,2,20.2752.csv,saglam_0g_20.2752
0.028804467892847522,0.00010032314966966227,0.005755238809913006,0.1998036843146231,0.9944636076035769,0.9487910583284966,1.6174114562284982,1.7293629811837838,2.2498577383257126,3.032539399882352,0.030023064828346935,saglam,0,20.2752,20,overhang_radyal,3,20.2752.csv,saglam_0g_20.2752
0.02874339291211014,9.571105915280197e-05,0.006227800891334225,0.21666895450236373,0.9608169073342416,0.6146549771655241,0.9921071078712586,1.4814353284124167,2.140102137653937,2.800140926982291,0.02994849716311699,saglam,0,20.2752,20,overhang_radyal,4,20.2752.csv,saglam_0g_20.2752
0.02841838685863733,0.00010642383578365056,0.005472902042568133,0.1925831353341629,0.937960414258325,0.7322085376363281,1.0718950796864315,1.5244615137000763,2.1524257878133617,2.7427797939920335,0.030097039589200097,saglam,0,20.2752,20,overhang_radyal,5,20.2752.csv,saglam_0g_20.2752
0.028216882568393588,9.622694183912162e-05,0.004768132973981977,0.16898156492857566,0.5737944464940202,0.740286503181917,1.5697597906013385,1.4993904840898744,2.097787546095932,2.6982045966449597,0.030210645362545318,saglam,0,20.2752,20,overhang_radyal,6,20.2752.csv,saglam_0g_20.2752
0.10548731964825188,0.0002194535850844221,0.02541241673771797,0.24090494309851576,1.1295036758212955,0.7437783462001397,0.33864575513181605,1.6718446149064192,3.960351617429482,5.17797489849459,0.1195723379708932,saglam,0,21.7088,20,underhang_radyal,0,21.7088.csv,saglam_0g_21.7088
0.1069690201127837,0.00023452049038974934,0.0264669091642492,0.24742592889133846,1.140913344566363,0.6913731565291579,0.4232958750691574,1.6505410875462474,4.554039707613238,5.287853747330233,0.12776553730983367,saglam,0,21.7088,20,underhang_radyal,1,21.7088.csv,saglam_0g_21.7088
0.10369135780642633,0.00022868718348997282,0.026227432354100896,0.2529374955510757,1.0867304111526181,0.5618239573635836,0.3833777188814824,1.507217191835513,3.79302544139376,4.49327421667716,0.12297112256949645,saglam,0,21.7088,20,underhang_radyal,2,21.7088.csv,saglam_0g_21.7088
0.10742557745772426,0.00023473574033041752,0.02523383527563441,0.23489597051810046,1.1260176941516966,0.696367376683647,0.44032556003436973,1.7627166359521356,4.215275199369967,5.356640595470256,0.12254850677819845,saglam,0,21.7088,20,underhang_radyal,3,21.7088.csv,saglam_0g_21.7088
0.10456489813211617,0.00024177033821953976,0.026603243267633785,0.2544184878731156,1.1347783602574875,0.621020047441544,0.4449610392608363,1.580387152773406,3.6938866168417106,4.850107441337791,0.1234551995375458,saglam,0,21.7088,20,underhang_radyal,4,21.7088.csv,saglam_0g_21.7088
0.10742243065977193,0.00025036930672875986,0.02695700826394935,0.250943942509331,1.18411646544831,0.5488617615321275,0.4135907551617981,1.5771164104870534,4.3907480790721145,5.6655843552037926,0.13071519764235226,saglam,0,21.7088,20,underhang_radyal,5,21.7088.csv,saglam_0g_21.7088
0.10580402135749269,0.0002506975496427316,0.026850851353694173,0.2537791192521522,1.133302946799115,0.676074344834264,0.46770629477251846,1.744404742616584,4.314410829988739,5.057062442934144,0.1232888307421129,saglam,0,21.7088,20,underhang_radyal,6,21.7088.csv,saglam_0g_21.7088
0.02833591826422681,8.905761835861549e-05,0.006722012978410608,0.23722587408292,0.385189331710334,0.6575358392646371,0.9492771927025084,1.0711229036777317,2.097279792544818,2.552668675215771,0.029621423612811677,saglam,0,21.7088,20,overhang_radyal,0,21.7088.csv,saglam_0g_21.7088
0.02873438318028461,0.00013178526796401297,0.007744978326843634,0.2695369612766953,0.4733680979784708,0.3512160674214364,1.3982138692655366,0.9176132186711828,2.2433704323247015,2.675316252594766,0.029534966163529876,saglam,0,21.7088,20,overhang_radyal,1,21.7088.csv,saglam_0g_21.7088
0.028033940806613436,0.00010000954403028729,0.006608575710556309,0.23573481002576555,0.5344127490564676,0.5720001809884718,1.4945236747616395,1.1858717148586333,2.108969082289596,2.4209471128529887,0.030017598273439788,saglam,0,21.7088,20,overhang_radyal,2,21.7088.csv,saglam_0g_21.7088
0.028769110933213715,0.00012695460258093245,0.006642503836198985,0.23089013252402515,0.4654597904430087,0.7397429146641585,1.531293715214276,1.1895994778132994,2.13865407744024,2.779313275463157,0.02964473806320294,saglam,0,21.7088,20,overhang_radyal,3,21.7088.csv,saglam_0g_21.7088
0.02799621382528516,0.00010207491009615835,0.00456878537496368,0.1631929732824846,0.7525403530490272,1.165466887067213,1.998168269895816,1.7928159610012522,2.0676788931005197,2.612889583983176,0.02959272531851364,saglam,0,21.7088,20,overhang_radyal,4,21.7088.csv,saglam_0g_21.7088
0.028124918091834827,0.00011217529284587579,0.003924978645746736,0.1395552027135209,0.8398253104568436,0.9739237466671934,2.950342395325106,1.9794655898434117,2.0611987853999283,2.535073198841827,0.029543142034132885,saglam,0,21.7088,20,overhang_radyal,5,21.7088.csv,saglam_0g_21.7088
0.027681480773301587,9.699746522483864e-05,0.0027944572200479414,0.10095042396150307,1.0006947717541403,1.008521954779705,2.969240137199942,2.4879599129602514,2.0822307150523,2.587306800288569,0.029391824267273218,saglam,0,21.7088,20,overhang_radyal,6,21.7088.csv,saglam_0g_21.7088
0.11225715016330323,0.0002518861857945205,0.029217955660738867,0.26027701235934203,1.0125206250029986,0.7756377035378484,0.1914935229775938,1.4450528518586379,4.612545962694085,5.2621168680341714,0.13681822089136092,saglam,0,22.3232,20,underhang_radyal,0,22.3232.csv,saglam_0g_22.3232
0.10624470189907372,0.00024075306982513812,0.02667616303551339,0.25108228983129066,0.995478397933374,0.8487889811368804,0.11524160581622217,1.5554334660289542,3.9907652138250733,5.219249144202739,0.12486345737595246,saglam,0,22.3232,20,underhang_radyal,1,22.3232.csv,saglam_0g_22.3232
0.10499827930717205,0.00022577775734428695,0.024568855397150667,0.23399293358932657,1.056911781885331,0.8029289496753349,0.2260832485704852,1.4876692458076897,3.5510576304743204,4.728077625579767,0.12078722282907829,saglam,0,22.3232,20,underhang_radyal,2,22.3232.csv,saglam_0g_22.3232
0.10322215802762988,0.00021518447277417752,0.023624602221720473,0.22887142327685023,1.1070849528859947,0.9222491708561623,0.20069087498282456,1.5847779635880488,3.7836687988908615,5.134111360253536,0.11987154313132582,saglam,0,22.3232,20,underhang_radyal,3,22.3232.csv,saglam_0g_22.3232
0.10386536343073195,0.0002157596843360203,0.02459036020916031,0.23675226655633783,1.0963432410899507,0.9656650589971767,0.1807774076981703,1.678965998509535,3.759941141620917,5.426145001268186,0.1132102052665665,saglam,0,22.3232,20,underhang_radyal,4,22.3232.csv,saglam_0g_22.3232
0.10453302905185005,0.0002393970932601102,0.02713807490902873,0.2596124416839408,1.0058605482552276,0.7706298112158902,0.1774587055471308,1.3913675025853889,4.046398761467713,5.22138115287387,0.1250523643848018,saglam,0,22.3232,20,underhang_radyal,5,22.3232.csv,saglam_0g_22.3232
0.10470828952849755,0.00023753310487063545,0.02791777113982833,0.2666242688642485,0.9430874479098924,0.7051824096303099,0.20038682276237343,1.282752460037459,4.4405282748518005,6.281990179088241,0.12233077474445742,saglam,0,22.3232,20,underhang_radyal,6,22.3232.csv,saglam_0g_22.3232
0.027687922967557975,8.425240151893425e-05,0.0031555970769619707,0.11397016238976912,1.0371177454377993,0.8156105133944032,2.6452937496791336,2.135476434462288,2.1504113869381936,2.7759420380712783,0.029210606671357494,saglam,0,22.3232,20,overhang_radyal,0,22.3232.csv,saglam_0g_22.3232
0.027783442650325754,8.550820742123131e-05,0.005520510691202243,0.19869786334555697,0.7769559295983899,0.42019615417580697,1.285444238731841,1.1514487273683294,2.0871127486209122,2.418923398742147,0.029283474517461393,saglam,0,22.3232,20,overhang_radyal,1,22.3232.csv,saglam_0g_22.3232
0.02791022046258148,8.769831072865732e-05,0.00690034072669539,0.24723347261621484,0.48823721081216953,0.4150550206673966,1.101464670100128,0.9140259907143499,2.0695544614320163,2.509137253720061,0.028738649930587733,saglam,0,22.3232,20,overhang_radyal,2,22.3232.csv,saglam_0g_22.3232
0.028120115835802345,8.331293193797973e-05,0.0023498235727032607,0.08356379420129974,1.5565089289001446,1.1574009335163893,2.8946479650644314,2.88777435673489,2.049105604136246,2.595995751746967,0.0291444236433528,saglam,0,22.3232,20,overhang_radyal,3,22.3232.csv,saglam_0g_22.3232
0.02783515749499098,0.000106824861522951,0.007073632470374151,0.2541258288692258,0.49087140289610287,0.32689935317823243,1.0379003076348607,0.8308327952716322,2.0755342819931273,2.4799120600731572,0.029027368535863466,saglam,0,22.3232,20,overhang_radyal,4,22.3232.csv,saglam_0g_22.3232
0.028046157749599624,0.00011065320130296847,0.0068668709534420915,0.24484177171453295,0.5599669859476281,0.34987478811478817,1.1004977876918005,0.9851439173686969,2.107208398386032,2.5162582168633425,0.02954844102707239,saglam,0,22.3232,20,overhang_radyal,5,22.3232.csv,saglam_0g_22.3232
0.02817807470675103,8.073522950984015e-05,0.0024459114039782856,0.08680193481442794,1.6476430100138704,1.0291733399357552,2.4677461914583594,2.6720691453367067,2.038151062243971,2.5807306403088495,0.028887909574598754,saglam,0,22.3232,20,overhang_radyal,6,22.3232.csv,saglam_0g_22.3232
0.11740437296313683,0.0002809452303165911,0.040010860150810505,0.340795314012984,0.7583001125233844,0.5094729880970124,0.10700760392795784,1.3989884794089507,4.247553174816247,5.197390980506416,0.14315402106599598,saglam,0,23.552,20,underhang_radyal,0,23.552.csv,saglam_0g_23.552
0.11294524946164632,0.00028401765157879197,0.040232024670460324,0.3562082058508004,0.7812561690901044,0.4564175504645598,0.07412412949424164,1.177371044585539,3.8055877401039773,5.50974737546567,0.13877718188799512,saglam,0,23.552,20,underhang_radyal,1,23.552.csv,saglam_0g_23.552
0.11249885900837389,0.000284625033019205,0.04010410280230453,0.35648452931387403,0.7417522400765963,0.49277808113696836,0.09432756238989785,1.2448484453269186,3.9448342360627433,4.67142046485562,0.12465155537339373,saglam,0,23.552,20,underhang_radyal,2,23.552.csv,saglam_0g_23.552
0.11408640103039036,0.00027180235423683287,0.03818669773499698,0.33471734921754676,0.8155984063254343,0.3964949427860884,0.09871629658613035,1.2717975676031423,4.500262963979248,6.142649816043729,0.13992879733589492,saglam,0,23.552,20,underhang_radyal,3,23.552.csv,saglam_0g_23.552
0.11239230570962565,0.00028721775470234444,0.03976715637419891,0.353824544507403,0.7836117018805279,0.5021430125020522,0.09815583942822508,1.30088706504075,4.571329049912441,5.963766816986749,0.1277656768929647,saglam,0,23.552,20,underhang_radyal,4,23.552.csv,saglam_0g_23.552
0.11379428014186939,0.0002856593774478627,0.04009665399734513,0.3523608914877228,0.7920623610715061,0.3680971757548043,0.09966459735435901,1.126795768860042,3.953525709128253,4.734071228151961,0.13669808389495705,saglam,0,23.552,20,underhang_radyal,5,23.552.csv,saglam_0g_23.552
0.11227817381210065,0.0002806367023024565,0.040055359138416735,0.35675107439040893,0.7782342771889004,0.3865054036409134,0.07265136103756209,1.2442564275160874,4.224866359823308,5.435607797333044,0.12634320488487413,saglam,0,23.552,20,underhang_radyal,6,23.552.csv,saglam_0g_23.552
0.029010812384894075,9.617373384312563e-05,0.008152700839249702,0.2810228383405695,0.5880334183738083,0.304710761479913,1.0378063319011437,0.8415460160386506,2.2319232997602243,2.967646444483651,0.02887120681633242,saglam,0,23.552,20,overhang_radyal,0,23.552.csv,saglam_0g_23.552
0.028359362223969158,7.687861921617771e-05,0.0042604178374776895,0.15022967737005669,1.1172262485294446,0.7140572565494137,1.6243024835012119,1.8227949953878912,2.0990491818473576,2.4619932170647405,0.028884769723942945,saglam,0,23.552,20,overhang_radyal,1,23.552.csv,saglam_0g_23.552
0.027966640507570438,7.117311779586405e-05,0.002509157337215341,0.08971965497416125,0.8854293998887439,1.182454275464599,2.4171603310772154,2.698388988294224,2.1431148993709597,2.7646631889246116,0.029083523032855645,saglam,0,23.552,20,overhang_radyal,2,23.552.csv,saglam_0g_23.552
0.028049342196103503,8.165273005776334e-05,0.002484848166362251,0.08858846488809449,1.4344967731956921,1.1525711473823612,3.2697468419574727,2.9356670782720737,2.095578144767422,2.5242440028574413,0.028746686742052493,saglam,0,23.552,20,overhang_radyal,3,23.552.csv,saglam_0g_23.552
0.028725915385670948,9.851148314050566e-05,0.0054863776334542706,0.19099052404784264,0.9246674859766079,0.4492208359156524,1.490047884538593,1.4335796929732278,2.115757413479507,2.769886936791681,0.02874714829333668,saglam,0,23.552,20,overhang_radyal,4,23.552.csv,saglam_0g_23.552
0.02889378620716384,8.21452901419362e-05,0.006046489584275543,0.20926608720345308,0.8739266641618816,0.38442619479148726,1.4222891137641498,1.1713346292018567,2.2221508037023177,2.609708842714527,0.028816373377527103,saglam,0,23.552,20,overhang_radyal,5,23.552.csv,saglam_0g_23.552
0.02824222222932884,0.00010201078141996462,0.0077872248630634945,0.27572989120880603,0.43004560278738513,0.3114549449401648,1.1965916850585832,0.710826929728762,2.0886078721215013,2.5065092699925984,0.02887114282211169,saglam,0,23.552,20,overhang_radyal,6,23.552.csv,saglam_0g_23.552
0.12328652187093349,0.0003898794487822971,0.05853888587599213,0.4748198342135132,0.5315020677259766,0.46721071857932894,0.11948909287955316,0.8913047439996348,3.9891745898557947,5.287992773632878,0.1421990493575963,saglam,0,24.576,20,underhang_radyal,0,24.576.csv,saglam_0g_24.576
0.12344765090445578,0.00037398361919397516,0.05899771721803045,0.4779168885377554,0.5176797465817404,0.45362773485166796,0.1408601903085264,0.8711199156206219,4.281127542881374,6.341031788203565,0.14428927739382916,saglam,0,24.576,20,underhang_radyal,1,24.576.csv,saglam_0g_24.576
0.11960209025628434,0.0003783000552452972,0.0587596003632685,0.4912924200310099,0.5068083187408071,0.3624125010559395,0.1593499523868823,0.7493298784203634,4.090232444091935,5.154896612591586,0.14143628351719342,saglam,0,24.576,20,underhang_radyal,2,24.576.csv,saglam_0g_24.576
0.12336682280297574,0.0003661267431754365,0.055871908110564736,0.45289249443784935,0.5643622835172464,0.4173942242142787,0.18333022738532204,0.8230697684298481,3.726477461118264,4.993560796753543,0.14355254302365006,saglam,0,24.576,20,underhang_radyal,3,24.576.csv,saglam_0g_24.576
0.12231199799824416,0.00037724367640142026,0.056658187035383646,0.4632267313279746,0.5013065418917472,0.46585635687962057,0.11258440753099189,0.8635460574885799,4.091065844320755,5.351063299372974,0.14845518804782387,saglam,0,24.576,20,underhang_radyal,4,24.576.csv,saglam_0g_24.576
0.12241459360260494,0.0003821627526200921,0.05879901176295286,0.4803268142469356,0.5001441059108083,0.43133767572269366,0.1179301247737372,0.8135267616720211,4.243277793538169,5.44987505772248,0.1371577139125046,saglam,0,24.576,20,underhang_radyal,5,24.576.csv,saglam_0g_24.576
0.12734300801278883,0.00039104157711901687,0.0608670939363726,0.47797751039288977,0.5232622330540836,0.3803804569399913,0.12278457245937008,0.7620358302472026,3.7141426013252152,4.821458317375651,0.15071185566648554,saglam,0,24.576,20,underhang_radyal,6,24.576.csv,saglam_0g_24.576
0.028019286628071523,0.00010766574963750629,0.004997286863970546,0.1783516807592664,0.7020926371814924,0.7446701041402276,2.2563733582622127,1.4990939354887887,2.072528827942321,2.5121340802686998,0.028157953100551854,saglam,0,24.576,20,overhang_radyal,0,24.576.csv,saglam_0g_24.576
0.027710427917826796,9.906229399981757e-05,0.0036236180588754634,0.1307673078701731,0.9391891646018243,1.3363921296875403,2.6193225980097004,2.1901646815704177,2.0303316903926314,2.425502307554859,0.028370159965842013,saglam,0,24.576,20,overhang_radyal,1,24.576.csv,saglam_0g_24.576
0.02758439623984497,8.225634964628743e-05,0.0027127293558865556,0.09834289401156959,1.7063419234154469,1.245509281087587,2.8198945374715048,2.9571727420794844,2.1200634779955876,2.8616640148813217,0.028104511465801174,saglam,0,24.576,20,overhang_radyal,2,24.576.csv,saglam_0g_24.576
0.028681726496444786,9.74728115912831e-05,0.0027580330791479417,0.09615993930468764,1.5688279587652736,1.873650919056977,3.636320731911112,3.269353259778391,2.0839453455633157,2.4879500209146337,0.028196823968032438,saglam,0,24.576,20,overhang_radyal,3,24.576.csv,saglam_0g_24.576
0.027920242656507294,9.325778286783378e-05,0.004352628116401516,0.15589506759645463,1.1116311316057632,0.8327059785017532,2.2489185524744473,1.8555847023508014,2.1009305580188418,2.4922225683354755,0.028545621624752757,saglam,0,24.576,20,overhang_radyal,4,24.576.csv,saglam_0g_24.576
0.02821200683962584,0.00010668120701939344,0.0051892789891225515,0.18393866903682615,0.8582087743870581,0.9102047177194266,1.4864547991275183,1.6592531111187385,2.0769388529251573,2.3360837135038324,0.028166173910595785,saglam,0,24.576,20,overhang_radyal,5,24.576.csv,saglam_0g_24.576
0.027725968724792507,9.379637401670287e-05,0.005632866473178154,0.20316211595298,0.7395575099159216,0.8312075627043599,1.421435941783792,1.4633544210126725,2.092805585579071,2.564963727573843,0.028045247000796508,saglam,0,24.576,20,overhang_radyal,6,24.576.csv,saglam_0g_24.576
0.1363048218237001,0.0005712894301552431,0.0881562590401528,0.6467581840467056,0.41570266477413187,0.20794938395789392,0.034217048148583624,0.5283069733214716,3.814474411743365,5.0203926949533155,0.1422912203314079,saglam,0,25.6,30,underhang_radyal,0,25.6.csv,saglam_0g_25.6
0.13729310261899658,0.0005532124273553859,0.08608073971555402,0.6269851731285477,0.42361315478766887,0.18663594270530182,0.0390513588184175,0.5202234652500461,3.7228623948574784,4.422283200349364,0.1387569456604104,saglam,0,25.6,30,underhang_radyal,1,25.6.csv,saglam_0g_25.6
0.1375434966371321,0.0005546593433615706,0.08836159245027521,0.6424265385861808,0.42394514544205375,0.16157613811697574,0.03974640414238284,0.49049527867212306,3.639590634145876,4.57647586113138,0.1410830825297303,saglam,0,25.6,30,underhang_radyal,2,25.6.csv,saglam_0g_25.6
0.13595792228808268,0.0005621931130497909,0.08578772052337223,0.6309872869413578,0.40509634590881527,0.2097536914264549,0.03130860461442308,0.5116096876120246,3.4554512869863707,5.038399329044291,0.15261931140470222,saglam,0,25.6,30,underhang_radyal,3,25.6.csv,saglam_0g_25.6
0.14176240892581088,0.0005828482907911937,0.09184868084870802,0.6479057568507295,0.4269799912827136,0.2655744252451309,0.0366056916326421,0.5883334870984328,3.8916293764232432,4.834135844573684,0.148910069879527,saglam,0,25.6,30,underhang_radyal,4,25.6.csv,saglam_0g_25.6
0.13600762020530183,0.0005688546465980869,0.09051752595472731,0.665532753366515,0.389407494298589,0.17562957202310758,0.06287684054577514,0.4927817411130992,3.844424070531527,5.942199814522326,0.13985635474768726,saglam,0,25.6,30,underhang_radyal,5,25.6.csv,saglam_0g_25.6
0.13771051796929124,0.0005495657404453435,0.08739138579483284,0.6346021137883315,0.40186061298133374,0.1988528788700729,0.05342285239554035,0.4951856820222738,3.8889206210998153,5.685303929595455,0.1399566532127214,saglam,0,25.6,30,underhang_radyal,6,25.6.csv,saglam_0g_25.6
0.02817206110285787,0.00010112124593076643,0.00417368976717367,0.14814996147378534,1.5035393469721734,0.8044242675076191,1.7385795413048082,2.0059984841245693,2.0515890230054983,2.3574336897815567,0.027938914100330375,saglam,0,25.6,30,overhang_radyal,0,25.6.csv,saglam_0g_25.6
0.027797854717949006,9.987282298320445e-05,0.005373801914515236,0.19331714511235534,1.0121290861061452,0.5993270124024049,1.4807164558105699,1.3981792160258255,2.0355465446018908,2.4724610288600055,0.028227323785649402,saglam,0,25.6,30,overhang_radyal,1,25.6.csv,saglam_0g_25.6
0.028140627647330115,7.892674551252131e-05,0.002873125609750599,0.10209884604052506,2.097649771986335,1.2248102963779528,2.3628005881859915,2.9756398466131784,2.0878113727219123,2.520810604946421,0.028291433492325553,saglam,0,25.6,30,overhang_radyal,2,25.6.csv,saglam_0g_25.6
0.02794688382602535,9.690898919234432e-05,0.005121929935226534,0.18327374053322887,0.9143112726224601,0.6741364408105452,1.3407023368105178,1.5688908491743903,2.0573878638571514,2.5765514860195755,0.028045285221599325,saglam,0,25.6,30,overhang_radyal,3,25.6.csv,saglam_0g_25.6
0.02824149641695976,9.390071639747663e-05,0.004104153700241339,0.1453235210876207,1.0954356371297351,0.7820652801811063,1.7531613962182024,1.9191104663325704,2.030593888991851,2.3991821691537156,0.028260634575428326,saglam,0,25.6,30,overhang_radyal,4,25.6.csv,saglam_0g_25.6
0.02812224946195519,0.00010144905776423034,0.004019734867089171,0.1429378852635625,1.1325337829372215,0.810068662615749,1.9293795594998857,2.0159696177718462,2.034652533905005,2.515718896299352,0.02793587484023641,saglam,0,25.6,30,overhang_radyal,5,25.6.csv,saglam_0g_25.6
0.027635241834600838,7.242613324098094e-05,0.003099813298382289,0.11216885008000849,0.9546383903072104,1.0012423637882075,1.9144748397555948,2.2895758841290847,2.073559147427977,2.6904516449496407,0.028113611591964276,saglam,0,25.6,30,overhang_radyal,6,25.6.csv,saglam_0g_25.6
0.15665992715714025,0.0007788432269883949,0.14242417599966106,0.9091295941679526,0.22239003587864645,0.11187949646460316,0.07698852469350509,0.26971237610434506,3.7673958430131824,4.9826110758858855,0.15458632746237533,saglam,0,26.624,30,underhang_radyal,0,26.624.csv,saglam_0g_26.624
0.15652826690462124,0.000762906851040764,0.14086987661784664,0.8999644562779461,0.23413775782551927,0.0758307644573968,0.07653566436575863,0.27642166595043816,3.238015089723013,4.263252071404297,0.15428375170494585,saglam,0,26.624,30,underhang_radyal,1,26.624.csv,saglam_0g_26.624
0.15683470414038178,0.0007634402520772176,0.1406556433227929,0.8968400462948306,0.22898171586400007,0.09583659365720966,0.09429933379338244,0.2754073741611033,3.4743513524065692,4.211550723624776,0.14048180372993507,saglam,0,26.624,30,underhang_radyal,2,26.624.csv,saglam_0g_26.624
0.15722809456038164,0.0007439524072715382,0.13773505704942915,0.8760206465241971,0.2570015850388338,0.08040023694549293,0.05673010025265402,0.3057509348031946,3.6788516720609694,5.089780878729753,0.14543813791162882,saglam,0,26.624,30,underhang_radyal,3,26.624.csv,saglam_0g_26.624
0.15428846291370735,0.0007953666129115244,0.14473095986710863,0.9380543245616347,0.20929371003550185,0.11021245695428368,0.08483366407904891,0.2606943500048086,3.294307236114836,4.505576114750461,0.1464289624455296,saglam,0,26.624,30,underhang_radyal,4,26.624.csv,saglam_0g_26.624
0.1566888622004582,0.0007576478860339933,0.13949016958028007,0.8902366614988537,0.22102945963962053,0.08492782161247488,0.09053924365463821,0.24992181305639324,3.5578965061692096,4.411023677144755,0.1450628123701417,saglam,0,26.624,30,underhang_radyal,5,26.624.csv,saglam_0g_26.624
0.1578557815477799,0.0007508398515441493,0.13784953656935203,0.8732625135225368,0.2513556114663834,0.07411329302159446,0.059392416684671046,0.27871444073971285,3.6180793837595773,4.4800509452284745,0.16615436505962383,saglam,0,26.624,30,underhang_radyal,6,26.624.csv,saglam_0g_26.624
0.028191276740672983,0.00011639581296434648,0.002061664819680541,0.07313130365014442,0.8214934400261108,1.3935077781522582,5.226777303969192,2.799222070423724,2.0605775530537915,2.509448688713106,0.027940470531516035,saglam,0,26.624,30,overhang_radyal,0,26.624.csv,saglam_0g_26.624
0.027619362058919707,7.753076834014861e-05,0.003437969016543696,0.1244767713709348,0.8867151855405341,0.9462258046162145,2.1055539732329174,2.1539080040368606,2.0443659919254564,2.4086417383812413,0.028084315578410356,saglam,0,26.624,30,overhang_radyal,1,26.624.csv,saglam_0g_26.624
0.027734507553227414,7.777219193894769e-05,0.0038468332326404638,0.13870205645869177,0.7909950312223533,0.8408471076045508,1.8705126769717637,1.6684412121650636,2.082673752510883,2.6449780593167347,0.027562209572101568,saglam,0,26.624,30,overhang_radyal,2,26.624.csv,saglam_0g_26.624
0.027765133704295817,0.00010404063201588174,0.003252010838233279,0.11712570422857364,0.8367299272939058,1.0375261753008747,2.749542992501645,1.8666874003392373,2.0892248670062603,2.543047983944888,0.02799010744922629,saglam,0,26.624,30,overhang_radyal,3,26.624.csv,saglam_0g_26.624
0.028086999619987073,0.0001253431456739261,0.006308041115551588,0.22458935452963494,0.3781307880084137,0.4916927656933444,1.9266977801871568,1.0252893667566545,1.9969977299737518,2.3556660392278705,0.02814278878054319,saglam,0,26.624,30,overhang_radyal,4,26.624.csv,saglam_0g_26.624
0.027819816981369202,0.00010334207284459311,0.00611019713471235,0.21963469919966352,0.37097447486200813,0.49543799150224865,1.490638273537882,1.0277592765694958,2.0264990583064977,2.4120361357519746,0.02810491099846409,saglam,0,26.624,30,overhang_radyal,5,26.624.csv,saglam_0g_26.624
0.02801909597195041,9.255868216777395e-05,0.006013870473142893,0.21463470766325488,0.3834545102761975,0.5039421066167578,1.427287399469922,0.954696676773021,2.0406707752804767,2.503533166535363,0.028003297497480973,saglam,0,26.624,30,overhang_radyal,6,26.624.csv,saglam_0g_26.624
0.1840735591557206,0.0008990066023592375,0.15735405019821974,0.8548433078552481,0.18188793222816932,0.18206667947745542,0.03918889350076671,0.3069502295168465,3.224392287038903,4.395792482211635,0.1802044876603467,saglam,0,27.4432,30,underhang_radyal,0,27.4432.csv,saglam_0g_27.4432
0.1819045671092553,0.0009101090850586992,0.15911937206706922,0.8747409402350211,0.15278724007159605,0.1748861223223428,0.04224012255122129,0.2852775696527127,3.286139486588894,3.8269517767795715,0.17020672391436867,saglam,0,27.4432,30,underhang_radyal,1,27.4432.csv,saglam_0g_27.4432
0.18803916885036087,0.0008984154548473382,0.15788383042541004,0.8396326754146223,0.1305954989184712,0.17982764544950935,0.04163386306793715,0.26617425780234877,3.47595397057779,4.146401255403523,0.1649542228385363,saglam,0,27.4432,30,underhang_radyal,2,27.4432.csv,saglam_0g_27.4432
0.18517730411026262,0.0008939685988269819,0.15661670109727927,0.8457661798725459,0.16472219159870288,0.17657408280191383,0.0339163937807266,0.27952374203466396,3.4025701494764906,4.23780102057566,0.1949713000239424,saglam,0,27.4432,30,underhang_radyal,3,27.4432.csv,saglam_0g_27.4432
0.18419842281887502,0.0009041571194011612,0.15626600449672384,0.848356908297386,0.16543191118534317,0.18310136454797532,0.044811507879751945,0.29713132613337634,3.4748190056262853,4.358226301998551,0.1829734869069164,saglam,0,27.4432,30,underhang_radyal,4,27.4432.csv,saglam_0g_27.4432
0.18057684607350902,0.0008870667081560992,0.15569166238642757,0.8621906172964533,0.16067102066918548,0.1934760987209191,0.037250425413584434,0.2868841795586454,3.1895544129018543,4.288421114896484,0.18053199168040363,saglam,0,27.4432,30,underhang_radyal,5,27.4432.csv,saglam_0g_27.4432
0.18364725816056565,0.0009148815459670318,0.16282997193288457,0.8866452652924072,0.14242442024836985,0.16208892789669263,0.04368029058650532,0.2723982113513525,3.2279297989637,4.877880907287143,0.17250175562932663,saglam,0,27.4432,30,underhang_radyal,6,27.4432.csv,saglam_0g_27.4432
0.08720751056706054,0.0005342279956079825,0.04420658144664134,0.5069125486862808,0.4010173482989267,0.2952017951399648,0.4868846982014427,0.6204538867492145,2.815681578919297,3.2751126194997258,0.04355083794113588,saglam,0,27.4432,30,overhang_radyal,0,27.4432.csv,saglam_0g_27.4432
0.10110608894726394,0.00030100172003477357,0.03840374955169604,0.3798361696232485,0.5473095742054213,0.22472930840226182,0.22774500828514432,0.6491272685090472,2.9066785785188234,3.738655244592621,0.03856088090912147,saglam,0,27.4432,30,overhang_radyal,1,27.4432.csv,saglam_0g_27.4432
0.07774907144796667,0.000563211701474115,0.04145310477125832,0.5331652712851692,0.15468223603333664,0.35560932904963904,0.7072192963922233,0.45576951680329075,2.6793340589927923,3.3422785636251406,0.03974755475111896,saglam,0,27.4432,30,overhang_radyal,2,27.4432.csv,saglam_0g_27.4432
0.08491908504844217,0.0003964504220687836,0.04362661924407287,0.5137433972430612,0.25614846213153575,0.39021294295235925,0.3613251727320962,0.5232986687678021,2.8580603599611236,3.26628698717779,0.041017460449034523,saglam,0,27.4432,30,overhang_radyal,3,27.4432.csv,saglam_0g_27.4432
0.08373525828095041,0.00039828640307351074,0.03250688933304738,0.3882102951613444,0.40253144658719825,0.47153912590745933,0.3641694611390975,0.732154528753568,2.6241867740289404,3.6776285005963274,0.040280736354337994,saglam,0,27.4432,30,overhang_radyal,4,27.4432.csv,saglam_0g_27.4432
0.07257069660141884,0.00039648662692089485,0.04011342981945707,0.552749686822216,0.18117155256363213,0.30954981685103966,0.3352906733985623,0.46802916365015285,2.9354031590139305,3.5547235678907994,0.03615742603796811,saglam,0,27.4432,30,overhang_radyal,5,27.4432.csv,saglam_0g_27.4432
0.07040597451653045,0.00032757087702327774,0.03460320415564048,0.491481076609835,0.34491869004731385,0.3618999667530385,0.2954018497457773,0.6097480592746086,3.175911122789416,3.527397427449089,0.03652498011528139,saglam,0,27.4432,30,overhang_radyal,6,27.4432.csv,saglam_0g_27.4432
0.20251317625491555,0.0008449489777482308,0.1445885840715432,0.7139712424875844,0.18811217514394718,0.18476326487220637,0.05075641573122137,0.3769874250421152,3.9706886130913883,4.676360202154948,0.21766011540743513,saglam,0,28.8768,30,underhang_radyal,0,28.8768.csv,saglam_0g_28.8768
0.1981796370031445,0.0008520150590129066,0.14552191854584925,0.7342929916800987,0.19589154126605018,0.2089933175901121,0.04368949121033953,0.39742324107829335,3.5327564196740813,4.902815798584854,0.1950641820836986,saglam,0,28.8768,30,underhang_radyal,1,28.8768.csv,saglam_0g_28.8768
0.20309446575523563,0.0008578265284613824,0.1466095245568928,0.7218784815774402,0.2013218549676841,0.22848921575998654,0.04885644940647555,0.42625713972754714,3.7295856175260464,4.587764506545442,0.2074072593500106,saglam,0,28.8768,30,underhang_radyal,2,28.8768.csv,saglam_0g_28.8768
0.19609118183911228,0.000851738309837791,0.14647262753112103,0.7469618274347035,0.20039843964020812,0.20639376994508835,0.038055181977952046,0.3967234619224233,3.336822021500526,4.830737765744908,0.21959841447898393,saglam,0,28.8768,30,underhang_radyal,3,28.8768.csv,saglam_0g_28.8768
0.20103557974919606,0.0008594619670615906,0.1467914767589458,0.7301766032726486,0.21239346593908995,0.19849132943628528,0.043807755261774536,0.3968002930654168,3.674919269012501,4.568751961204708,0.2134578183785083,saglam,0,28.8768,30,underhang_radyal,4,28.8768.csv,saglam_0g_28.8768
0.20299791714826457,0.0008507692402046821,0.14603963686612662,0.7194144596012949,0.17979535935218105,0.1769369696141876,0.04078223334781759,0.349393148669182,3.749890246139798,4.570679216226993,0.21900778884774824,saglam,0,28.8768,30,underhang_radyal,5,28.8768.csv,saglam_0g_28.8768
0.199649656800747,0.0008629430440306938,0.1476103742351111,0.7393469971335281,0.18681771330197203,0.19034724639663855,0.04612053818702401,0.3821998506791008,3.276994757040598,4.317169483154407,0.20979397817271933,saglam,0,28.8768,30,underhang_radyal,6,28.8768.csv,saglam_0g_28.8768
0.02890679991552882,9.714145000887287e-05,0.0075920348867572094,0.2626383725863791,0.34232417506687335,0.5274270329287801,0.9997677146401437,0.9033208418650843,2.111113045684527,2.4162291948183747,0.027567584297482732,saglam,0,28.8768,30,overhang_radyal,0,28.8768.csv,saglam_0g_28.8768
0.028506182845541125,8.22535634734964e-05,0.0023932879487605307,0.08395680199079783,0.9399689711843792,1.6999620227150698,2.4426473538981983,3.170240833509658,2.0538975713704297,2.496209076566908,0.027576495593960377,saglam,0,28.8768,30,overhang_radyal,1,28.8768.csv,saglam_0g_28.8768
0.028508454487806967,8.263385754092813e-05,0.006858734921654814,0.24058599614187087,0.3779519679385374,0.5432325818930619,0.8457647564924659,1.0144314949490074,2.182761024079523,2.739221314228986,0.027396577995425244,saglam,0,28.8768,30,overhang_radyal,2,28.8768.csv,saglam_0g_28.8768
0.027492834751316177,0.00010584126893395024,0.005706826767271401,0.20757505796271591,0.5914338329976645,0.6985084015470996,1.392292256908557,1.2219117484092497,2.038246760176034,2.4777681171557284,0.027563728777990845,saglam,0,28.8768,30,overhang_radyal,3,28.8768.csv,saglam_0g_28.8768
0.02786977456144339,8.869522078307379e-05,0.003946309188142802,0.14159817401109334,0.7958647507206731,0.9855748363554352,1.6987655492546332,1.9275108718796525,2.130081229852612,2.5434272211065427,0.027393485310698705,saglam,0,28.8768,30,overhang_radyal,4,28.8768.csv,saglam_0g_28.8768
0.028673799971947595,9.216408361843868e-05,0.008255946640734466,0.2879264920772123,0.4127534057622878,0.4906446881322357,0.7384399558983057,0.9506587782700243,2.1088531632527747,2.4990187679229665,0.02758073713620208,saglam,0,28.8768,30,overhang_radyal,5,28.8768.csv,saglam_0g_28.8768
0.028309277597675507,9.267441852704627e-05,0.0018335558424869432,0.06476872594490822,1.2875802923030366,2.3390515323282726,3.7831284621419865,4.260394542340416,2.026433158970035,2.4248979629753147,0.02748957224790813,saglam,0,28.8768,30,overhang_radyal,6,28.8768.csv,saglam_0g_28.8768
0.20656080117473477,0.0008234232001142559,0.16734116824630335,0.8101303214056343,0.20338855281834653,0.2084351416504383,0.012540915584856791,0.36216257356251436,3.6487889228563195,4.372695862080265,0.2109416537668971,saglam,0,29.4912,30,underhang_radyal,0,29.4912.csv,saglam_0g_29.4912
0.20557402633910435,0.0008051430453021747,0.16513611152179233,0.8032926846925156,0.1440049123354725,0.2236553500377921,0.011335124444129261,0.3502266818143335,4.212081797714005,5.390009544157769,0.22746908996041673,saglam,0,29.4912,30,underhang_radyal,1,29.4912.csv,saglam_0g_29.4912
0.19818821330030226,0.0008115929516507712,0.16647229267365282,0.8399707020950219,0.18327703832048647,0.2352008012273252,0.013830653333538943,0.39593106429965713,3.18497638160185,4.479893438630261,0.20527487333424474,saglam,0,29.4912,30,underhang_radyal,2,29.4912.csv,saglam_0g_29.4912
0.198857298123967,0.0008013295540207302,0.1648312423878245,0.8288920946931521,0.15925311795226108,0.22030214839948395,0.020772060663105617,0.4100683233339453,3.5310937659902653,4.844722118277517,0.20936636063111616,saglam,0,29.4912,30,underhang_radyal,3,29.4912.csv,saglam_0g_29.4912
0.19946137299785358,0.0008082264467231711,0.16585247523997032,0.8315017225963023,0.15425051404375673,0.22586837995385972,0.005599382271741607,0.40028981924814516,3.3781453040476004,4.204877607389371,0.1886158363962857,saglam,0,29.4912,30,underhang_radyal,4,29.4912.csv,saglam_0g_29.4912
0.19695799529184962,0.0008253272123481224,0.16922805111154565,0.8592088422707931,0.16379635183171798,0.2055502153384204,0.021105161532694268,0.36134463143449647,3.3320359334981484,4.349574519626407,0.19294631198067982,saglam,0,29.4912,30,underhang_radyal,5,29.4912.csv,saglam_0g_29.4912
0.19777256007572633,0.0008092377265414627,0.16583617149031604,0.8385196178174541,0.10333000200841755,0.19952802805569086,0.010474666278266471,0.3246536666168456,3.4268945692446,4.959451187813921,0.20740759501900283,saglam,0,29.4912,30,underhang_radyal,6,29.4912.csv,saglam_0g_29.4912
0.028609294083760985,9.101617294239583e-05,0.002475781894420019,0.08653767852799865,1.9346427665057258,1.3678871906455012,3.127079403141786,2.946571517602994,2.102178737344911,2.7352711093074142,0.026967747591013655,saglam,0,29.4912,30,overhang_radyal,0,29.4912.csv,saglam_0g_29.4912
0.02836195676131288,8.454195306506762e-05,0.004105424705894866,0.14475110939278063,1.2286003597986237,0.8695734411362264,1.570011456250213,1.9372501949020962,2.1162882974457125,2.505189887439971,0.027523556823257335,saglam,0,29.4912,30,overhang_radyal,1,29.4912.csv,saglam_0g_29.4912
0.027504395813257025,7.441134340047852e-05,0.0042293203496884405,0.15376888764435806,1.1472606145258761,0.8149315019977896,1.221579725375509,1.9220268095633806,2.0612445027366304,2.366901540258501,0.027256102308476488,saglam,0,29.4912,30,overhang_radyal,2,29.4912.csv,saglam_0g_29.4912
0.02785265578839661,7.858413108406986e-05,0.004122327857864812,0.14800483979104662,1.2147708308469531,0.8005996927147317,1.4715327833333232,2.012757165859107,2.080872018490774,2.376961017690448,0.02722788790564361,saglam,0,29.4912,30,overhang_radyal,3,29.4912.csv,saglam_0g_29.4912
0.02802266437801593,8.536033105575731e-05,0.004427846496692912,0.15800947535911658,1.030267303105045,0.7050643372296812,1.5756601450334016,1.7188473616608593,2.035051054620191,2.4368419421177547,0.027178292068734938,saglam,0,29.4912,30,overhang_radyal,4,29.4912.csv,saglam_0g_29.4912
0.027720890704315087,8.183369216460775e-05,0.0042785808050176425,0.15434499744257082,1.0354002088664849,0.7470067061428883,1.6055744746681997,1.7002968046950373,2.0314765441069795,2.343152409226995,0.026808572816390486,saglam,0,29.4912,30,overhang_radyal,5,29.4912.csv,saglam_0g_29.4912
0.02816178416469471,7.673045040623868e-05,0.003611457169815987,0.12823964378703268,1.2840301708387627,0.9609088159467479,1.3866498009493522,2.0889433954544696,2.1104298056560586,2.5897886984930496,0.027078801999032058,saglam,0,29.4912,30,overhang_radyal,6,29.4912.csv,saglam_0g_29.4912
0.17846063916556615,0.0007240459155136798,0.14091511242403074,0.7896145227436269,0.139037539455907,0.13487841150820418,0.0352603608150405,0.27129647014739433,3.416119042160925,4.866036780694016,0.17716944944959434,saglam,0,30.72,30,underhang_radyal,0,30.72.csv,saglam_0g_30.72
0.18344526286638807,0.0007242020146440644,0.14029443731397612,0.764775471010088,0.12593486822931738,0.1302391413850962,0.02901418100043513,0.2404939387613462,3.2183777611696227,4.641066299767309,0.18313183966219068,saglam,0,30.72,30,underhang_radyal,1,30.72.csv,saglam_0g_30.72
0.18276828434814388,0.000720259878290959,0.1410427032431244,0.7717022882027457,0.1411881481739563,0.1049960840116862,0.035584688225320474,0.2429613941393292,3.2973595676781002,4.836049724681785,0.1839612006172596,saglam,0,30.72,30,underhang_radyal,2,30.72.csv,saglam_0g_30.72
0.1838571824649295,0.0007199529444415275,0.1398620369976537,0.7607102160589864,0.14119978255162455,0.11755561756427603,0.029159643661034098,0.2533207421117435,3.4503890261673478,4.6735572198842075,0.19091770307310493,saglam,0,30.72,30,underhang_radyal,3,30.72.csv,saglam_0g_30.72
0.17749801691430536,0.0007325442667893785,0.1417195774230385,0.7984290747916422,0.1352729004118334,0.1326315497781403,0.03087374151391462,0.24937524888000656,3.061662917579018,4.175480107449736,0.17724903275906198,saglam,0,30.72,30,underhang_radyal,4,30.72.csv,saglam_0g_30.72
0.18078429947989327,0.0007346685126834337,0.14307316729454192,0.7914026146372464,0.13959608786543085,0.11385612089162596,0.041586030619214766,0.24428790754618931,3.1218401638606164,4.793673017009732,0.187360875317292,saglam,0,30.72,30,underhang_radyal,5,30.72.csv,saglam_0g_30.72
0.18064837020771116,0.0007285655355031113,0.14219159026250502,0.7871180354310682,0.13450940419508395,0.10223393636809858,0.0393273057528801,0.2493155441602946,3.45162160181134,4.59157887969618,0.17931963424728475,saglam,0,30.72,30,underhang_radyal,6,30.72.csv,saglam_0g_30.72
0.028262677700568898,8.773128578783546e-05,0.004997441219253875,0.17682122239169365,0.5678201141564129,0.6619145563563702,1.4888875440020848,1.3853463557486456,2.076829776655047,2.5677200207787774,0.02728316482856927,saglam,0,30.72,30,overhang_radyal,0,30.72.csv,saglam_0g_30.72
0.028060127040317705,9.577745909111938e-05,0.0047454098719733,0.16911576576206605,0.5531406080729698,0.7410822663969028,1.5359845507570475,1.635464124852334,2.0687548127814153,2.4098572681666597,0.02713569706065537,saglam,0,30.72,30,overhang_radyal,1,30.72.csv,saglam_0g_30.72
0.027917160492208153,8.351199856163557e-05,0.0035385221582438686,0.12675079040021783,0.6819813906145502,0.8796465197197354,1.6467156756358146,1.9441590368054744,2.0478930711423606,2.478199231579413,0.027203392489760128,saglam,0,30.72,30,overhang_radyal,2,30.72.csv,saglam_0g_30.72
0.02770726482967992,8.607938624019556e-05,0.003951861501882495,0.14262907313415674,0.6179540209628425,0.8275264226774244,1.5194455348871314,1.8113057129336432,2.067136669325892,2.453647327676708,0.02700259022154926,saglam,0,30.72,30,overhang_radyal,3,30.72.csv,saglam_0g_30.72
0.028642651767717308,8.41510267665546e-05,0.004911655654249961,0.17148047931841046,0.500453617706743,0.6171723880345622,1.2124518571002403,1.367503072070615,2.10919364715307,2.3772811799995393,0.026959447930034724,saglam,0,30.72,30,overhang_radyal,4,30.72.csv,saglam_0g_30.72
0.027871333544869564,9.209323160735023e-05,0.004721570862328277,0.16940599037206808,0.5083395407000539,0.6524094223866924,1.4062244100442804,1.5338112283872931,2.0643919160330038,2.409658777778973,0.02714540157658194,saglam,0,30.72,30,overhang_radyal,5,30.72.csv,saglam_0g_30.72
0.027462641590896703,8.212809485093488e-05,0.0029369321727913495,0.10694281403934351,0.8199114149859166,1.1364142470507852,2.3288948926145756,2.4506798876856823,2.0848336486582832,2.355007269301021,0.02685063511927096,saglam,0,30.72,30,overhang_radyal,6,30.72.csv,saglam_0g_30.72
0.19695214779268216,0.0006951542105135851,0.14273253195016655,0.724706653616626,0.2056999109594853,0.12346130891896938,0.03277801834960213,0.3435936062502974,3.845607642569416,5.752018267146803,0.21874741126589115,saglam,0,31.744,30,underhang_radyal,0,31.744.csv,saglam_0g_31.744
0.1902344940570158,0.00069629801322496,0.1437378025113476,0.7555822261524867,0.1932654121172859,0.11374106095418143,0.032116382099480104,0.32118216980623165,3.5578539012785706,4.4067800637429775,0.20834415398089307,saglam,0,31.744,30,underhang_radyal,1,31.744.csv,saglam_0g_31.744
0.1924756359603004,0.000703195455073651,0.14463546980737127,0.7514481980277857,0.18776712456340675,0.11034546716038673,0.026977123330220367,0.3035105634345809,3.416201158072582,5.051750064216158,0.20944284868416863,saglam,0,31.744,30,underhang_radyal,2,31.744.csv,saglam_0g_31.744
0.18650478004089685,0.0007021453151594342,0.14451875512008924,0.7748796309007427,0.19345724369811987,0.11127561048354383,0.02957212790260655,0.33123640220438194,3.4598252245891676,4.719430060514244,0.19787210061575564,saglam,0,31.744,30,underhang_radyal,3,31.744.csv,saglam_0g_31.744
0.18688373295587699,0.0006946027073111434,0.14278029909730577,0.7640060311201725,0.1874829082842329,0.11114029977262303,0.02056405622230378,0.3170976759398298,3.4053318679500943,3.6486220523317363,0.19790807800451488,saglam,0,31.744,30,underhang_radyal,4,31.744.csv,saglam_0g_31.744
0.18744345057886766,0.0006915406051990198,0.1424398907438973,0.7599086033854523,0.19002955491163637,0.11726038456226645,0.03170341682757744,0.323161507340543,3.262160202327161,4.003337940234083,0.2002653705960254,saglam,0,31.744,30,underhang_radyal,5,31.744.csv,saglam_0g_31.744
0.18687790664308335,0.0006937424771999133,0.14185689055140796,0.7590886108414101,0.20086400869856944,0.12617218875172206,0.035141332621797666,0.3247921226334188,3.1637851522743112,4.020129320317203,0.19868999292358422,saglam,0,31.744,30,underhang_radyal,6,31.744.csv,saglam_0g_31.744
0.027660448956329062,8.486793185881468e-05,0.0030892311984229057,0.11168405846154447,1.4369619458170784,1.3892461486300767,1.5410955153052275,2.6412618497603484,2.0760055649573506,2.659796324811011,0.02676363183471085,saglam,0,31.744,30,overhang_radyal,0,31.744.csv,saglam_0g_31.744
0.027631158630730547,8.273994166132951e-05,0.00530127680536504,0.19185865044679162,0.7656096290675922,0.7537935247299729,1.0446218914093544,1.4836547690101554,2.0266126686030788,2.4648021017763915,0.026788420002251928,saglam,0,31.744,30,overhang_radyal,1,31.744.csv,saglam_0g_31.744
0.028069061698942542,9.04008780341524e-05,0.005813026337886275,0.2070972802734683,0.7220867589043422,0.7538185192669431,0.847906613958775,1.4041787698505428,2.0677394994970166,2.329268199959239,0.02673601358800991,saglam,0,31.744,30,overhang_radyal,2,31.744.csv,saglam_0g_31.744
0.028252980322593307,8.766904063626711e-05,0.0022566687647101076,0.07987365364161685,1.9577294642412144,1.9173209599087875,2.2616851022205244,3.6751583909826904,2.0972939364393817,2.53404005956389,0.02709023489313373,saglam,0,31.744,30,overhang_radyal,3,31.744.csv,saglam_0g_31.744
0.02790128153038498,9.930807723986513e-05,0.006748795285088268,0.2418811937902147,0.6485850560890859,0.6412303657696007,0.9349898117991846,1.2057179116618146,2.0807793476798,2.3375108926867845,0.027296998294994598,saglam,0,31.744,30,overhang_radyal,4,31.744.csv,saglam_0g_31.744
0.027860323520689248,8.618565499376767e-05,0.0028536218007656224,0.10242601090199399,1.3776381393274213,1.4497951062851775,1.7741923182080617,2.7517463302806613,2.0391502198142266,2.522014230064937,0.026912965182113145,saglam,0,31.744,30,overhang_radyal,5,31.744.csv,saglam_0g_31.744
0.027997382528274595,9.807166125167812e-05,0.005974106078074234,0.21338087843846099,0.6510692846156314,0.7005118128691876,0.9932061958586282,1.2827407855319324,2.0257837506966734,2.5098575489268753,0.026769036513013263,saglam,0,31.744,30,overhang_radyal,6,31.744.csv,saglam_0g_31.744
0.19456543147258193,0.0006215487005479353,0.13971791485221172,0.7181024593836064,0.09514390506224732,0.1956068409180963,0.018469060271601015,0.2607856604559125,3.572180020052715,5.632618355707206,0.20624180651868898,saglam,0,32.9728,30,underhang_radyal,0,32.9728.csv,saglam_0g_32.9728
0.18958779078897472,0.0006194827307472811,0.13951271015423483,0.7358739166320417,0.07624554726334318,0.19307092962970518,0.023439706168980765,0.2464525410168889,3.5409586073334323,4.271759653310454,0.20745782347387307,saglam,0,32.9728,30,underhang_radyal,1,32.9728.csv,saglam_0g_32.9728
0.19321433899243592,0.0006283167645213659,0.14134010808347647,0.7315197661819406,0.10589731610232866,0.19307971131000262,0.024275516024989976,0.28058443355537477,3.3671807249955767,4.722124944279125,0.2215345502028633,saglam,0,32.9728,30,underhang_radyal,2,32.9728.csv,saglam_0g_32.9728
0.18846727293596782,0.0006273337471119103,0.14022762724769267,0.7440423213137448,0.1350481999656955,0.19009034900288055,0.02917798565431274,0.29235024887396227,3.2824438298950973,3.9251973362696067,0.21054268244013696,saglam,0,32.9728,30,underhang_radyal,3,32.9728.csv,saglam_0g_32.9728
0.1920161067470631,0.0006323802433681785,0.1414679286460721,0.7367503228866457,0.14165393356205705,0.21610395808368627,0.021147168193585364,0.2971367965312885,3.583453615028995,4.671650383632129,0.2172887469645298,saglam,0,32.9728,30,underhang_radyal,4,32.9728.csv,saglam_0g_32.9728
0.19431554819434596,0.0006284059369843325,0.14151051121768485,0.7282510974130796,0.13549401279722406,0.19184560256939656,0.02605447981730533,0.2709481178366247,3.6766833581666587,5.072911671926582,0.2048056675991568,saglam,0,32.9728,30,underhang_radyal,5,32.9728.csv,saglam_0g_32.9728
0.18364107109371555,0.0006182599037155178,0.13900606212921776,0.7569443006435274,0.13277322524668153,0.19583244353154788,0.030716770198033292,0.26983853984538964,3.3192018269804997,4.242399760340818,0.1907648517420416,saglam,0,32.9728,30,underhang_radyal,6,32.9728.csv,saglam_0g_32.9728
0.02798356325765558,8.968472247418294e-05,0.007716797033141555,0.27576177350304654,0.33054584276053856,0.4333236928282386,0.8688338825304663,0.7750714068711352,2.070699289574147,2.5032954222174175,0.02639193951256144,saglam,0,32.9728,30,overhang_radyal,0,32.9728.csv,saglam_0g_32.9728
0.028017170748448617,8.501677524528432e-05,0.007005697780934101,0.25005015115853463,0.3481587072504976,0.4846721553894165,0.8992875000206733,0.837379547597891,2.005240834961584,2.297698144630624,0.026807913691783487,saglam,0,32.9728,30,overhang_radyal,1,32.9728.csv,saglam_0g_32.9728
0.02736167849281362,0.00010140002467828287,0.004525512625015131,0.16539601640441517,0.48901966513994466,0.7539898094061318,1.3535494202972393,1.318330785791249,2.0058978083183483,2.3098408782134014,0.026708093341566503,saglam,0,32.9728,30,overhang_radyal,2,32.9728.csv,saglam_0g_32.9728
0.027361221929861675,8.895504768695365e-05,0.001660268650061371,0.06067962367531167,1.2346013666257998,1.9785459706949158,3.743621557275376,3.580043632813482,1.9910613338022412,2.376373684840528,0.02644142027376326,saglam,0,32.9728,30,overhang_radyal,3,32.9728.csv,saglam_0g_32.9728
0.027462294299123037,0.00010105300776894381,0.0011984335771463535,0.04363923727745443,1.799249883149865,2.690057772728952,6.372668792303896,4.846578593610604,2.013176342303364,2.595661740574928,0.02682592208338315,saglam,0,32.9728,30,overhang_radyal,4,32.9728.csv,saglam_0g_32.9728
0.027410123024129585,0.00010751220638848498,0.004516723520970189,0.16478304445511827,0.4361204975536396,0.7610409814659468,1.4819158520878484,1.2595813031168215,1.9802757591770008,2.2343082730139763,0.026485631236163515,saglam,0,32.9728,30,overhang_radyal,5,32.9728.csv,saglam_0g_32.9728
0.0278897698294173,8.947357137588e-05,0.006649554955617994,0.2384227261842017,0.37531069664954236,0.4963666621571766,1.1601855013147415,0.8894451060768565,1.9998829414649117,2.2375333740448786,0.02677477024179351,saglam,0,32.9728,30,overhang_radyal,6,32.9728.csv,saglam_0g_32.9728
0.19216039534314067,0.0005895591755666557,0.10961191815164452,0.5704188834298565,0.09211325088088737,0.3013896286435668,0.05724934430145761,0.35578073006207717,3.584179261109165,4.488590942676421,0.22780814448651607,saglam,0,33.5872,30,underhang_radyal,0,33.5872.csv,saglam_0g_33.5872
0.1948587481445778,0.0005999659873193192,0.11317375848232686,0.5807989610903967,0.09940548158829075,0.316416414416588,0.03568162239300625,0.39308677266639125,3.4408322733885006,4.9313669515772975,0.23275899198967367,saglam,0,33.5872,30,underhang_radyal,1,33.5872.csv,saglam_0g_33.5872
0.1954122822523777,0.0006050312165907966,0.11177465796679244,0.5719940255437062,0.09056696220631331,0.3380559743327291,0.043077855407409105,0.3870988022927859,3.597458541056156,4.419268791750009,0.24488699362365293,saglam,0,33.5872,30,underhang_radyal,2,33.5872.csv,saglam_0g_33.5872
0.19361486255050078,0.0005979042726348343,0.11109348500079351,0.5737859353191085,0.0820103628128052,0.3249989662165488,0.043158866087039595,0.3919519444680135,3.5533392071033503,4.990861034001969,0.23470289551667703,saglam,0,33.5872,30,underhang_radyal,3,33.5872.csv,saglam_0g_33.5872
0.1886949083623785,0.0006002920183738098,0.11132038066799867,0.5899490433182429,0.08727909343603675,0.3575096886321244,0.04518918700581121,0.4167131544082924,3.2250448916233907,4.2165852394985235,0.2062359232428798,saglam,0,33.5872,30,underhang_radyal,4,33.5872.csv,saglam_0g_33.5872
0.1887581858384917,0.0005992404082992317,0.11197189701391608,0.593202867022308,0.08693236771881488,0.3580318918873078,0.02924603948753806,0.41888688551388714,3.301723209180573,4.293932454220184,0.22279636534970018,saglam,0,33.5872,30,underhang_radyal,5,33.5872.csv,saglam_0g_33.5872
0.1869199512573683,0.0005963511364943684,0.11086588434396634,0.593119587275748,0.08641344337600167,0.331314640177262,0.05773741488036399,0.37442603030626537,3.169190082920771,4.289867270887918,0.20153970107564784,saglam,0,33.5872,30,underhang_radyal,6,33.5872.csv,saglam_0g_33.5872
0.02805559724998073,9.981622539312271e-05,0.00378651717668459,0.1349647680928349,0.9127239492197693,0.9480938373743879,2.5658447834337097,1.7361739664953617,2.0648616503076633,2.3100018332864924,0.02656406452828933,saglam,0,33.5872,30,overhang_radyal,0,33.5872.csv,saglam_0g_33.5872
0.027968625456637138,9.001553449300086e-05,0.003652191852611277,0.13058174267959982,0.9851691379992066,0.8406421212739532,1.75729687770671,1.7647616458510975,2.0345558198429705,2.478559834436189,0.02649768558568118,saglam,0,33.5872,30,overhang_radyal,1,33.5872.csv,saglam_0g_33.5872
0.027976592764997706,0.00010194407280317022,0.0031405091595544344,0.11225488342423735,1.117370755496248,1.0340416972242206,3.072903075844974,2.0532646242254913,2.02025547056942,2.4063931372204483,0.02628319287863714,saglam,0,33.5872,30,overhang_radyal,2,33.5872.csv,saglam_0g_33.5872
0.028167614382112034,0.00011312175439957226,0.004341417530705655,0.15412798086686968,0.8272023295821969,0.7873844776759396,2.107003029262577,1.569192407630195,2.0368036600063215,2.3789169300668362,0.026651952382249756,saglam,0,33.5872,30,overhang_radyal,3,33.5872.csv,saglam_0g_33.5872
0.02778788387287818,0.00010555139806060944,0.0024750036408756797,0.08906772649940038,1.4107902544739457,1.3445632051889203,2.926711110735354,2.811987540471168,2.001494849209695,2.4019806109422945,0.026593391359560733,saglam,0,33.5872,30,overhang_radyal,4,33.5872.csv,saglam_0g_33.5872
0.028197721650810168,0.00010522562837257763,0.004631985051690493,0.1642680606925255,0.7039639958660147,0.6954660855534969,2.2144505848851623,1.4034748119814326,2.0353806508911094,2.2422176485457657,0.02632694574430252,saglam,0,33.5872,30,overhang_radyal,5,33.5872.csv,saglam_0g_33.5872
0.027520368326811366,9.35967975139832e-05,0.0027029960826868067,0.09821801984951013,1.2211953184251583,1.3413283093834651,2.533902994674036,2.3837128912213985,2.0086992923685068,2.287649672014273,0.026491362405604072,saglam,0,33.5872,30,overhang_radyal,6,33.5872.csv,saglam_0g_33.5872
0.1908257637994019,0.0005243015935267665,0.12192456827271386,0.6389313782610788,0.20298057774484998,0.4031158910623122,0.06979050957819312,0.5762215194278489,3.6189538677627318,5.34356111409349,0.23052794101757726,saglam,0,34.2016,30,underhang_radyal,0,34.2016.csv,saglam_0g_34.2016
0.1928217725116596,0.0005297236434303117,0.12281792974518245,0.6369505276543338,0.19473521034196675,0.42998156156508555,0.0499387211375443,0.5929310880879882,3.674913323045168,5.257039875060632,0.24111337055334528,saglam,0,34.2016,30,underhang_radyal,1,34.2016.csv,saglam_0g_34.2016
0.1971375614066497,0.0005484103508032476,0.1271279537121472,0.6448692618717466,0.22846214237500959,0.4307636740884071,0.11710688719449507,0.6451085470938136,3.5951649753187223,5.0712652771157725,0.2465033288893341,saglam,0,34.2016,30,underhang_radyal,2,34.2016.csv,saglam_0g_34.2016
0.20325528923550107,0.0005735438658030924,0.13333509471666358,0.6559981549189566,0.20055651181598336,0.4018262878275138,0.09474462051882057,0.5868586503024104,3.8685571946118094,5.532941195088904,0.24776260261708122,saglam,0,34.2016,30,underhang_radyal,3,34.2016.csv,saglam_0g_34.2016
0.19780998199877164,0.000543778536575205,0.12656883282023526,0.6398505856007882,0.18216773942688533,0.3201849104345667,0.06976320427129565,0.4918271344549675,3.7300744746446557,5.645594440253847,0.22703091628693023,saglam,0,34.2016,30,underhang_radyal,4,34.2016.csv,saglam_0g_34.2016
0.19976531956516888,0.0005427960536203444,0.1275160414644067,0.6383292242183668,0.20072265252231644,0.33201421920161334,0.08842969616514572,0.47902252640296056,3.8059662583555838,5.7922980112867215,0.21700109899600645,saglam,0,34.2016,30,underhang_radyal,5,34.2016.csv,saglam_0g_34.2016
0.19648940305632995,0.0005609390113092177,0.13250831091176354,0.6743789173867124,0.15796369689582349,0.3470274621178573,0.03243309246715618,0.45591460886483764,3.4204828464253367,4.697128322215913,0.19996087509706645,saglam,0,34.2016,30,underhang_radyal,6,34.2016.csv,saglam_0g_34.2016
0.027473625106128566,8.405521945614326e-05,0.0051588314474254335,0.18777396238426777,0.7317318715145404,0.5895113524604945,1.6643361267713221,1.4018517419597196,1.9864912178061922,2.3632967915926018,0.02625126089044764,saglam,0,34.2016,30,overhang_radyal,0,34.2016.csv,saglam_0g_34.2016
0.027498963587408738,8.237694612906e-05,0.004711206665886924,0.17132306280345688,0.7965141061675802,0.7563658995747602,1.8705630857473188,1.5680594174340046,1.9887239153347864,2.269414736273471,0.026338008464430053,saglam,0,34.2016,30,overhang_radyal,1,34.2016.csv,saglam_0g_34.2016
0.027623526824470054,8.711056576125543e-05,0.003976361385460407,0.14394836005495268,0.9246293157994484,1.0026684058316162,2.3587475498604733,1.8973621374423035,2.0418708283541585,2.4393929125304603,0.026327886399520092,saglam,0,34.2016,30,overhang_radyal,2,34.2016.csv,saglam_0g_34.2016
0.027867546727434973,9.842982562216661e-05,0.0029484134078012203,0.10580096757468689,1.194516652879648,1.3404995787606901,3.580747784940717,2.639143499912579,2.0400009556595613,2.406146886017023,0.02654156637656478,saglam,0,34.2016,30,overhang_radyal,3,34.2016.csv,saglam_0g_34.2016
0.02773172088694335,0.00010113658710295431,0.002751106799402793,0.09920433032336139,1.2495020074918455,1.2921135597502404,3.922529442361225,2.5897295582080924,2.0072751649333607,2.3525586070233024,0.02634005704661686,saglam,0,34.2016,30,overhang_radyal,4,34.2016.csv,saglam_0g_34.2016
0.02767010807774419,9.584710818302106e-05,0.0024742061962895958,0.0894180170618939,1.3025458932429002,1.4684083169318047,4.254337366103935,2.8871750899276867,2.010977241366947,2.2700027321581704,0.026514998931804104,saglam,0,34.2016,30,overhang_radyal,5,34.2016.csv,saglam_0g_34.2016
0.027659926120821694,0.00010393682264037616,0.0014973286945211683,0.05413350302985385,1.9738067357276892,2.21418043200614,6.984473227462633,4.6169502944125504,2.0223563724460387,2.361674917421467,0.026375992522005988,saglam,0,34.2016,30,overhang_radyal,6,34.2016.csv,saglam_0g_34.2016
0.21361081684787114,0.0005029002591932327,0.1121394770661548,0.5249709669220218,0.16720166901728403,0.23915553415085772,0.051268712222114945,0.45010639480473463,4.3051832515856825,5.823305844098904,0.2556291613077418,saglam,0,35.4304,40,underhang_radyal,0,35.4304.csv,saglam_0g_35.4304
0.21431863963705672,0.0005042403417999262,0.11401237330053428,0.5319760030815771,0.17009468189717322,0.22716494636108506,0.05210075839385457,0.4521851935169274,4.038903280034548,5.206205003159311,0.23475343681723143,saglam,0,35.4304,40,underhang_radyal,1,35.4304.csv,saglam_0g_35.4304
0.21243505900665666,0.0005067829428240971,0.11371452095752795,0.5352907447985288,0.19732949869707106,0.2019628168964672,0.06158477995816694,0.4018341076751529,4.0509375949074595,6.849876871986364,0.22217591483948013,saglam,0,35.4304,40,underhang_radyal,2,35.4304.csv,saglam_0g_35.4304
0.2228187352667631,0.0005015845112885677,0.11210449395299092,0.5031196942136577,0.16344845707725636,0.1950672323584263,0.05859547491946407,0.3568637979293584,4.344012360569808,6.517215728965462,0.22490096836555853,saglam,0,35.4304,40,underhang_radyal,3,35.4304.csv,saglam_0g_35.4304
0.22387855678565735,0.0005068091780413981,0.11460074414527598,0.5118879886941718,0.15993948702033411,0.1827692576163632,0.04777964508208174,0.35047879844844343,4.258879587115255,5.4160554091665025,0.23689062957367485,saglam,0,35.4304,40,underhang_radyal,4,35.4304.csv,saglam_0g_35.4304
0.22060014511932607,0.0005014348785153097,0.11258579883853309,0.5103613997040813,0.1622762069129086,0.20668192551065112,0.04996831409868193,0.37922613875365935,4.104422201887502,6.201589768574785,0.24811868056268413,saglam,0,35.4304,40,underhang_radyal,5,35.4304.csv,saglam_0g_35.4304
0.215920197523732,0.0005166727878371467,0.11658533523150603,0.5399464087566522,0.13628403531254868,0.2342624280437675,0.039253563505016485,0.4202874817044329,4.020620073655684,5.760096236799106,0.2658183817634912,saglam,0,35.4304,40,underhang_radyal,6,35.4304.csv,saglam_0g_35.4304
0.027725705860822798,7.511523967092631e-05,0.0030756971099369255,0.1109330498298346,1.0106291978370987,1.0705120410822246,2.172105908083127,2.082996529367114,2.044735360215346,2.298034128895633,0.026214449853032635,saglam,0,35.4304,40,overhang_radyal,0,35.4304.csv,saglam_0g_35.4304
0.027501306422982708,7.071378990358575e-05,0.00446430197041816,0.162330541742011,0.6833523710312676,0.9127198395694059,1.4461385920983438,1.4965888062751205,2.0362590749080303,2.427627422674585,0.02606746930834825,saglam,0,35.4304,40,overhang_radyal,1,35.4304.csv,saglam_0g_35.4304
0.028057123000411077,9.435548201858457e-05,0.005811251656869703,0.2071221506416548,0.5796840622914594,0.631886322289337,1.1289931652297904,1.1309880029659685,2.079162887217381,2.545421364592037,0.02602626810698989,saglam,0,35.4304,40,overhang_radyal,2,35.4304.csv,saglam_0g_35.4304
0.028141385944363655,9.877817915613151e-05,0.005348052220242911,0.19004224705301032,0.5144901360560559,0.6130885335354199,1.2052578358340433,1.1779578668008313,2.0350261703070935,2.5214317797612273,0.02580833365163626,saglam,0,35.4304,40,overhang_radyal,3,35.4304.csv,saglam_0g_35.4304
0.02831625647837373,0.00010494205198975621,0.0035240597949405114,0.12445359073179482,0.8765210365584027,1.1739546303261068,2.134580205070072,2.0479912359486336,2.0868773358521846,2.558201032224269,0.02584974591728574,saglam,0,35.4304,40,overhang_radyal,4,35.4304.csv,saglam_0g_35.4304
0.027711400739768043,8.842262853353196e-05,0.0029462002669385346,0.1063172625050378,0.9881254743436828,1.1970588311842616,1.8937851079582422,2.4114282889765684,2.06291375631998,2.51701893601668,0.026235136827065467,saglam,0,35.4304,40,overhang_radyal,5,35.4304.csv,saglam_0g_35.4304
0.027575940638841674,7.872583751097275e-05,0.005363811511958533,0.19451055476268714,0.5228279604991237,0.6906700835864332,1.3661476213576218,1.319477784829589,2.0393566878848577,2.3891821188295657,0.026190314288157518,saglam,0,35.4304,40,overhang_radyal,6,35.4304.csv,saglam_0g_35.4304
0.23143326686883073,0.0005231014345353379,0.12259565582429306,0.5297235677585055,0.12730358314645684,0.15497885555375343,0.04897172735791332,0.257147808618524,4.005026240909898,4.451946924263108,0.26557412677344383,saglam,0,36.4544,40,underhang_radyal,0,36.4544.csv,saglam_0g_36.4544
0.2395631111746556,0.0005254915339727604,0.12248190724206065,0.5112719844093728,0.13135706076452408,0.15075662546194468,0.048223094540091015,0.2800408974504327,4.117185072414152,5.015112151370943,0.297777863976449,saglam,0,36.4544,40,underhang_radyal,1,36.4544.csv,saglam_0g_36.4544
0.24054848258304293,0.0005320625525193378,0.1244186780139936,0.5172291118923361,0.12372302582409697,0.14863146713261596,0.04852292106243268,0.2673044772402201,4.050940343288523,5.22583969764671,0.3267640648292678,saglam,0,36.4544,40,underhang_radyal,2,36.4544.csv,saglam_0g_36.4544
0.24575691121329404,0.0005317253194360025,0.12339967261501303,0.5021208640900093,0.11533071769024998,0.16055206788859733,0.05992973937194228,0.2965009260856339,4.374069621114295,5.639530958629125,0.34351145978610886,saglam,0,36.4544,40,underhang_radyal,3,36.4544.csv,saglam_0g_36.4544
0.23455321640705998,0.0005292512794602129,0.1221635234772095,0.5208349957763,0.15032978169629724,0.16336825227510102,0.03630424280783869,0.3127363422185514,4.065152736804509,5.218267222916732,0.3010460525933788,saglam,0,36.4544,40,underhang_radyal,4,36.4544.csv,saglam_0g_36.4544
0.2311812378903667,0.0005334775505650481,0.12315595423734298,0.532724694100023,0.15207530822416762,0.20123236682278917,0.04835605065659616,0.3339686020740597,3.798971279804905,5.0038217855880855,0.29507388002497525,saglam,0,36.4544,40,underhang_radyal,5,36.4544.csv,saglam_0g_36.4544
0.2356513785172622,0.0005252749873820028,0.12178162842199984,0.516787252371461,0.13671155514378833,0.1601239870235865,0.059965237024105625,0.2732299684964057,3.8978592190535273,5.025104894904768,0.2866014054216941,saglam,0,36.4544,40,underhang_radyal,6,36.4544.csv,saglam_0g_36.4544
0.028330667833436806,0.00010199040922583871,0.00682076951978075,0.2407556913109508,0.6094699319971029,0.6036107559917612,1.2031385832008956,1.1345595105809356,2.0863128940056574,2.5113042073236866,0.025776801136625466,saglam,0,36.4544,40,overhang_radyal,0,36.4544.csv,saglam_0g_36.4544
0.02795045728232082,8.975133386123042e-05,0.004097729892435218,0.1466068998763931,1.0497549376505042,0.8711254554215896,1.9289545465761282,1.8122138032528907,2.0657945684198857,2.6922498998011792,0.026010420829647968,saglam,0,36.4544,40,overhang_radyal,1,36.4544.csv,saglam_0g_36.4544
0.027641211049598418,9.350875959063543e-05,0.00490887243012755,0.17759252375525983,0.8872397324090052,0.8492490112196854,1.6968287628040295,1.5313915182976747,2.068787506770893,2.6277275924191326,0.025593928570888203,saglam,0,36.4544,40,overhang_radyal,2,36.4544.csv,saglam_0g_36.4544
0.028127407931095645,0.00010033933801290048,0.0071101099061209915,0.2527822657276493,0.6069806752439831,0.5102379264118956,1.2165693528714325,1.0497216080415244,2.014987253909264,2.3454787599133358,0.025826779721663303,saglam,0,36.4544,40,overhang_radyal,3,36.4544.csv,saglam_0g_36.4544
0.027067163736664086,8.18121624827684e-05,0.0021311003942845147,0.0787337903202277,1.9142695228359892,1.7315412818793174,3.7650771376458163,3.4600214122378197,2.0058621147821745,2.288592761682179,0.02605026486709747,saglam,0,36.4544,40,overhang_radyal,4,36.4544.csv,saglam_0g_36.4544
0.027862794091071428,9.041781175160533e-05,0.006775636884938261,0.2431786583408848,0.5797048407247445,0.6169223636002995,1.1221653237469595,1.1422602776075022,2.031692488272498,2.5744575163854972,0.02620604060394544,saglam,0,36.4544,40,overhang_radyal,5,36.4544.csv,saglam_0g_36.4544
0.027613528292810382,9.418862487092245e-05,0.0037692019231398144,0.1364983816278446,1.033166642211686,1.0123089290277905,2.3358890672517396,1.9252891283225941,2.0513979110766645,2.360138867421323,0.025929303646312248,saglam,0,36.4544,40,overhang_radyal,6,36.4544.csv,saglam_0g_36.4544
0.23890319135836627,0.0004883818637719975,0.12333090068750072,0.5162379790146134,0.16073623522048439,0.2492165772320881,0.10125333628294385,0.3285297175855417,3.836227833619401,5.356253835970749,0.30115148076088427,saglam,0,37.6832,40,underhang_radyal,0,37.6832.csv,saglam_0g_37.6832
0.24684028335789107,0.0005005035598016378,0.1258040848549887,0.5096578368129526,0.1615057052139475,0.27570660766323496,0.058023641574431184,0.3519072197502526,4.283369677194143,5.945313191913806,0.3432632274394608,saglam,0,37.6832,40,underhang_radyal,1,37.6832.csv,saglam_0g_37.6832
0.23738007393695512,0.0005122236969405103,0.1283242192634394,0.5405854717906102,0.17915335607521102,0.2574263950886764,0.06784457364951381,0.35004395276487044,4.69838206847019,5.948991648586177,0.32517848238969826,saglam,0,37.6832,40,underhang_radyal,2,37.6832.csv,saglam_0g_37.6832
0.24058185045825276,0.0004952962124246702,0.12419673703637064,0.5162348564502616,0.17757846418255585,0.23695288867441264,0.09292553513032402,0.32980234162234234,4.312384453764203,5.015720476155784,0.29864468757067864,saglam,0,37.6832,40,underhang_radyal,3,37.6832.csv,saglam_0g_37.6832
0.24058460997218434,0.00048457437452170595,0.12233709039701775,0.5084992361342378,0.16847645803280037,0.25199711627832344,0.03638182088779082,0.33894887837981574,4.142767850982065,5.116059988869621,0.2669124824459506,saglam,0,37.6832,40,underhang_radyal,4,37.6832.csv,saglam_0g_37.6832
0.23669893182838733,0.0004925379975017399,0.12505510582545512,0.5283298275109871,0.1532372285880632,0.23893887458786675,0.10073325336912042,0.3149551702045959,3.868096201436066,4.930987628775147,0.21950703938106023,saglam,0,37.6832,40,underhang_radyal,5,37.6832.csv,saglam_0g_37.6832
0.2386729571532482,0.0005065930428306173,0.12760595751702172,0.5346477415728053,0.18070987298939498,0.25114520231279946,0.06133343717175392,0.33514794465517106,3.6459274888941664,4.708866039152579,0.22389417212371512,saglam,0,37.6832,40,underhang_radyal,6,37.6832.csv,saglam_0g_37.6832
0.028032018797521735,9.738961917602996e-05,0.00708368101844,0.2526996385580891,0.3624569526198142,0.5262947604403955,1.017609433870818,0.891312195855116,2.0371692967662085,2.3298864390384075,0.025504964407693186,saglam,0,37.6832,40,overhang_radyal,0,37.6832.csv,saglam_0g_37.6832
0.027536280675481705,8.30213470984707e-05,0.004128964101493622,0.14994632535904184,0.5863323179859943,0.8877242109606964,1.6426117868523793,1.5603271031831616,2.0414967949695058,2.325510829488452,0.025948221346602875,saglam,0,37.6832,40,overhang_radyal,1,37.6832.csv,saglam_0g_37.6832
0.027535997200258615,7.956933029266583e-05,0.0014859806179168384,0.05396501920943387,1.6165995426042428,2.701046026407213,4.575190258429945,4.351150664958437,2.035306500322183,2.37861237994567,0.02549398095311817,saglam,0,37.6832,40,overhang_radyal,2,37.6832.csv,saglam_0g_37.6832
0.027791636333418385,8.99289314410015e-05,0.00395173130767175,0.14219138665029782,0.6199104311476016,0.9317026590453257,1.9810268299460787,1.636767519998579,2.0130882820521294,2.523500170036071,0.025610882578130476,saglam,0,37.6832,40,overhang_radyal,3,37.6832.csv,saglam_0g_37.6832
0.027882792086273197,8.996840322375651e-05,0.006342220401771776,0.22746001841998512,0.3751716373671391,0.6117092241763357,1.2220517812569573,1.0405203088350405,2.0445410981811856,2.5984575106669534,0.02567508783152107,saglam,0,37.6832,40,overhang_radyal,4,37.6832.csv,saglam_0g_37.6832
0.028216609462530393,9.372773106702341e-05,0.00801873983414038,0.284185094757912,0.31228366114707706,0.47525546069792385,0.8432051330433608,0.7776977995588562,2.0234236762464053,2.257872925197788,0.02566097444657661,saglam,0,37.6832,40,overhang_radyal,5,37.6832.csv,saglam_0g_37.6832
0.02871996695126404,8.859278296992825e-05,0.006584383980253055,0.22926154445780092,0.35465328476925156,0.562297616326332,1.1290296482869466,0.9453666899192589,2.082996056313719,2.4700573805809665,0.025501979992939086,saglam,0,37.6832,40,overhang_radyal,6,37.6832.csv,saglam_0g_37.6832
0.2369685043872527,0.0005015590222105506,0.11227081406890746,0.4737794769762369,0.19082704052792654,0.4593755858977652,0.11802620808609683,0.5928013704951809,4.146380480189294,6.2269596197397625,0.30864484995965974,saglam,0,38.2976,40,underhang_radyal,0,38.2976.csv,saglam_0g_38.2976
0.2410924696101041,0.0004990651283922624,0.11202846423707265,0.4646701094305473,0.21059085963136925,0.4746836229057025,0.09021550031102418,0.6834919757160348,3.9243458846933184,4.619709403579942,0.3113669079592588,saglam,0,38.2976,40,underhang_radyal,1,38.2976.csv,saglam_0g_38.2976
0.22719399159136386,0.0004921109177991675,0.1105445242389242,0.4865644705836476,0.18858241376826693,0.45282805438135504,0.07898558297179704,0.6168579507288812,3.8364204687370114,5.03860372932282,0.2562102864108891,saglam,0,38.2976,40,underhang_radyal,2,38.2976.csv,saglam_0g_38.2976
0.23446013501423832,0.0004889087839144257,0.10831230980388735,0.46196471650435494,0.1928499339232182,0.44806286274428214,0.10189813860217713,0.5905645778685014,3.964713426372485,5.60148278238109,0.24978203102265092,saglam,0,38.2976,40,underhang_radyal,3,38.2976.csv,saglam_0g_38.2976
0.23917491205595226,0.00048366181452095516,0.1077218457056477,0.4503894023801167,0.1787583979779321,0.45309762395126424,0.10139408682461955,0.5617523700808558,4.689943717620132,6.151313305052701,0.24060793005272857,saglam,0,38.2976,40,underhang_radyal,4,38.2976.csv,saglam_0g_38.2976
0.2407128510042279,0.00048377328194391933,0.10830177120417368,0.44992101897302333,0.16743285241263986,0.4433519658222252,0.07029362512568266,0.5197736506081783,4.315625386546836,5.548644259422839,0.23766156527470664,saglam,0,38.2976,40,underhang_radyal,5,38.2976.csv,saglam_0g_38.2976
0.2400099798743845,0.000492677088581033,0.10914216150603001,0.4547400969022108,0.18075186643544708,0.44625297369165223,0.11243192578629768,0.5736250401363315,4.1647774804575,5.201267838159574,0.2510561057500792,saglam,0,38.2976,40,underhang_radyal,6,38.2976.csv,saglam_0g_38.2976
0.027877489579478578,9.435482153935817e-05,0.0029876322829106862,0.10717006186248558,1.149374907937077,1.2908932918355958,2.672229113634489,2.4341466960518434,2.0999214163767297,2.4934923832387805,0.02533430953802141,saglam,0,38.2976,40,overhang_radyal,0,38.2976.csv,saglam_0g_38.2976
0.02750169086670819,8.195290223384385e-05,0.004710583307586636,0.1712834069092707,0.6695713160116215,0.8248396462600341,1.62765542484136,1.510129276173238,2.0383185616918684,2.375075483831213,0.025620004641662652,saglam,0,38.2976,40,overhang_radyal,1,38.2976.csv,saglam_0g_38.2976
0.02831118539556401,8.636058070654255e-05,0.0023218049351937755,0.08201016321540396,1.3172510344459638,1.7221772358383514,3.247079639612191,2.8665981350476994,2.0555631503740095,2.65227212579587,0.025860693841092887,saglam,0,38.2976,40,overhang_radyal,2,38.2976.csv,saglam_0g_38.2976
0.028397033068034795,8.09432648316001e-05,0.0038330484032748882,0.13498059441479435,0.9212377822360601,0.9950605269279867,1.580504973671891,1.8904999988794526,2.0805930279051763,2.3339916033515773,0.025397870385231752,saglam,0,38.2976,40,overhang_radyal,3,38.2976.csv,saglam_0g_38.2976
0.02740384462608738,7.952244092400633e-05,0.0044849909955722135,0.1636628384303061,0.6965488879235499,0.8705293128884019,1.3004521092776873,1.5331672862829158,2.053042259997415,2.397403659307534,0.02514878692116802,saglam,0,38.2976,40,overhang_radyal,4,38.2976.csv,saglam_0g_38.2976
0.02722909680133081,8.765807666793659e-05,0.0027334198766945585,0.10038599137304394,1.2293838627241562,1.2941197735226284,3.232747078937415,2.4012214551100004,2.0557786598904038,2.48523659452326,0.02543098618131562,saglam,0,38.2976,40,overhang_radyal,5,38.2976.csv,saglam_0g_38.2976
0.027984729138374766,8.187564165072048e-05,0.004164406241187762,0.1488099534731035,0.8022669165339119,0.8006367143785947,1.838702659675598,1.5745314765469984,2.036156861170217,2.5878640369425554,0.025026971298350315,saglam,0,38.2976,40,overhang_radyal,6,38.2976.csv,saglam_0g_38.2976
0.25955941906205204,0.0005027723626214254,0.12945065178733692,0.49873224502745106,0.1922637975693966,0.2222701256848928,0.06700032262954503,0.3002455693245241,4.046217014330434,5.365714789141498,0.2514298523475901,saglam,0,39.3216,40,underhang_radyal,0,39.3216.csv,saglam_0g_39.3216
0.2610883475117629,0.0004811018401151872,0.12609737838296886,0.48296823502169045,0.20964352053483618,0.4229757465314704,0.05512159056130515,0.4787265104313446,4.109146204283735,4.971077403736352,0.2668589327618478,saglam,0,39.3216,40,underhang_radyal,1,39.3216.csv,saglam_0g_39.3216
0.2554275783181076,0.0005021683867794966,0.12936876579229142,0.5064792401964915,0.1755169963352099,0.30620297062733504,0.07505205836802054,0.36245115165715375,3.967248793940205,5.7037121361058265,0.27002298834548083,saglam,0,39.3216,40,underhang_radyal,2,39.3216.csv,saglam_0g_39.3216
0.26051841123465214,0.00048796620033713165,0.12675850153571316,0.4865625463263465,0.19280328774304062,0.37889574025311257,0.071889173503485,0.439166475442912,4.3361817973935874,7.0066501603834555,0.31015418089376434,saglam,0,39.3216,40,underhang_radyal,3,39.3216.csv,saglam_0g_39.3216
0.258335432343404,0.0005014813273680408,0.1284316897969452,0.4971508887937774,0.20064881257267744,0.42869698973226034,0.08046970756420796,0.48477306377635887,3.977287509880633,5.317175234674009,0.32333993500612285,saglam,0,39.3216,40,underhang_radyal,4,39.3216.csv,saglam_0g_39.3216
0.25101585237477364,0.0004943315566167252,0.12759290817650937,0.5083061765577311,0.2249949195327314,0.260176292349129,0.07432322895829138,0.36888808841496395,3.972339528202405,4.89108043459608,0.30980574292004975,saglam,0,39.3216,40,underhang_radyal,5,39.3216.csv,saglam_0g_39.3216
0.26702707957753524,0.00047268135238299374,0.1221550048311581,0.4574629847428307,0.20782936166535593,0.4942116064327542,0.08041176623230571,0.555846537329447,4.135105322164181,5.4859156334567905,0.2914960601610676,saglam,0,39.3216,40,underhang_radyal,6,39.3216.csv,saglam_0g_39.3216
0.028397692364426085,8.255524767996334e-05,0.0029861879629627165,0.10515600790852891,1.0510259040514087,0.9926454604745106,2.9900708594306624,2.34859740941891,2.1578196961374774,2.5052669432633405,0.024784465544922373,saglam,0,39.3216,40,overhang_radyal,0,39.3216.csv,saglam_0g_39.3216
0.029139845732397612,9.506366239400418e-05,0.0039992134399170765,0.13724209374703444,0.8637224552257611,0.6843732853493902,2.394478351712011,1.8224515590185932,2.1573669886008533,2.718615345990389,0.025074126924613145,saglam,0,39.3216,40,overhang_radyal,1,39.3216.csv,saglam_0g_39.3216
0.028243660646613745,8.691192113771977e-05,0.004642990425877021,0.16439053293430994,0.7845357898477342,0.69503471835815,2.0275538473365917,1.5973685288766897,2.1456972315402876,2.5679537153414147,0.025015322601400297,saglam,0,39.3216,40,overhang_radyal,2,39.3216.csv,saglam_0g_39.3216
0.028344349406323136,8.479263489641516e-05,0.004557685345556618,0.16079696450464584,0.7387064871257979,0.9382479347733091,1.748342533039375,1.7137087756462874,2.1413205028196316,2.648294480423959,0.025774284702376332,saglam,0,39.3216,40,overhang_radyal,3,39.3216.csv,saglam_0g_39.3216
0.02841447628705724,7.849061213431836e-05,0.0029701815985507364,0.10453057689467675,1.2925197780858035,1.4025926595542078,2.743497136680841,2.6762359772367845,2.0519478185291535,2.5035621416090525,0.02540786347784113,saglam,0,39.3216,40,overhang_radyal,4,39.3216.csv,saglam_0g_39.3216
0.028237057120466792,8.431887673569922e-05,0.002559796282302946,0.09065379126767781,1.2300465977352233,1.5799542335386487,3.6545295729334453,3.006422157332162,2.137597343803868,2.705007229187208,0.024987537562177774,saglam,0,39.3216,40,overhang_radyal,5,39.3216.csv,saglam_0g_39.3216
0.02825755409336053,8.27314231010318e-05,0.004108210781884418,0.14538451446172088,0.9222599480149855,0.6767430755382454,2.089935030467358,1.7667386120354283,2.100082564813151,2.442341149195673,0.02531527329437102,saglam,0,39.3216,40,overhang_radyal,6,39.3216.csv,saglam_0g_39.3216
0.26748289606218423,0.0005041110378466929,0.13537992710316474,0.5061255470749262,0.28742946305619815,0.3403977186845254,0.09314697200747829,0.4737705115599646,4.134584630120667,4.796361883549848,0.29016403593785084,saglam,0,40.3456,40,underhang_radyal,0,40.3456.csv,saglam_0g_40.3456
0.2828035598819373,0.0004751487581985796,0.12468698274613473,0.4408960863072135,0.29728253696861434,0.4088519853725241,0.036757966652817345,0.5335505376626908,4.630414300626026,5.986480518081452,0.36340005340239545,saglam,0,40.3456,40,underhang_radyal,1,40.3456.csv,saglam_0g_40.3456
0.27498729625367124,0.00047534676239084015,0.12435285606208503,0.4522130940438767,0.3006963424896552,0.4735431680945098,0.04659972160981363,0.6251020754337512,4.173915633906755,5.088158961705855,0.30830502292105544,saglam,0,40.3456,40,underhang_radyal,2,40.3456.csv,saglam_0g_40.3456
0.28114987553529003,0.00048030877540484947,0.12635196190546868,0.44941140971324933,0.31675520911333055,0.47971114329731945,0.06070490093278926,0.6714862144876138,4.424056631379381,4.889296431688916,0.2819123586399591,saglam,0,40.3456,40,underhang_radyal,3,40.3456.csv,saglam_0g_40.3456
0.29099460994056786,0.0005113300387466168,0.1345819701593592,0.46248956359151616,0.2960369510212603,0.3633174860059519,0.08181208818344934,0.5322395889056015,4.662779262979576,5.909556708319724,0.3120479348927077,saglam,0,40.3456,40,underhang_radyal,4,40.3456.csv,saglam_0g_40.3456
0.2868770694228783,0.0005045589694792458,0.13541738592830513,0.472039770206303,0.2865059616354062,0.34538070296491824,0.049292361485881085,0.4700730321335048,4.322244664588689,5.939357874581301,0.31279704530234675,saglam,0,40.3456,40,underhang_radyal,5,40.3456.csv,saglam_0g_40.3456
0.2945010486037669,0.0004954592844335494,0.13276724391104108,0.4508209547641389,0.29367449924564576,0.3711281336947205,0.07159103566285205,0.4997636057055831,4.3632104873866595,4.989612434547968,0.3736920081269502,saglam,0,40.3456,40,underhang_radyal,6,40.3456.csv,saglam_0g_40.3456
0.028657956744417835,8.389905266912178e-05,0.0021516372916021735,0.0750799266924779,1.5369216444423317,1.8648818628567045,3.2199910287923306,3.8057338220431545,2.123430654084022,2.4241327212493715,0.025340290054685938,saglam,0,40.3456,40,overhang_radyal,0,40.3456.csv,saglam_0g_40.3456
0.028497102973080186,8.274103677975748e-05,0.0038015592356781666,0.13340160363444353,0.9642122893376771,1.0455507275476417,1.6013914769591324,2.182874806379301,2.1246402400325093,2.432038662148619,0.024685290466993023,saglam,0,40.3456,40,overhang_radyal,1,40.3456.csv,saglam_0g_40.3456
0.027963813235168312,7.951692765481663e-05,0.003869192459282029,0.138364264794818,0.8066891873724289,1.1059245431917095,1.9209155806565743,1.9954757013208482,2.088294528729835,2.4307858578126282,0.024858636631008055,saglam,0,40.3456,40,overhang_radyal,2,40.3456.csv,saglam_0g_40.3456
0.02785903126404272,8.104560965075377e-05,0.0029089503111028293,0.10441677901244742,1.0639865354579314,1.372140582818243,2.3789817336114143,2.6243334641620173,2.026412251974895,2.3403636715305103,0.025040214614974167,saglam,0,40.3456,40,overhang_radyal,3,40.3456.csv,saglam_0g_40.3456
0.02856159668028535,8.200197247341133e-05,0.0028628983050800775,0.10023593348182659,1.1450022703805285,1.4453805296534357,2.3314121132383114,2.725795683908614,2.1267716715952134,2.55384912977114,0.02515305603683931,saglam,0,40.3456,40,overhang_radyal,4,40.3456.csv,saglam_0g_40.3456
0.028273432479426083,8.969124297614312e-05,0.0020739745427076905,0.07335418308843539,1.6949250435404373,2.0357520694450244,3.383588047521687,3.703976656630219,2.049493436572029,2.2975941941280715,0.02490284426703287,saglam,0,40.3456,40,overhang_radyal,5,40.3456.csv,saglam_0g_40.3456
0.027884761890639022,7.279346345274534e-05,0.0025320760229943437,0.09080500786895952,1.5326835706620383,1.6709917339512232,2.5924417775092254,3.146254885866529,2.0597953783036718,2.3644703965862983,0.02489974127194092,saglam,0,40.3456,40,overhang_radyal,6,40.3456.csv,saglam_0g_40.3456
0.34754065052725025,0.0005066101548383605,0.12809868228062846,0.368586184338214,0.2856574530440794,0.23375081260067412,0.04204193268471526,0.40657330024782645,5.598980691707364,6.834457064652658,0.4297096133630727,saglam,0,41.7792,40,underhang_radyal,0,41.7792.csv,saglam_0g_41.7792
0.3573823509546194,0.0005069095514748711,0.12962159641223747,0.3626972514608988,0.28016127740870583,0.23854003134066556,0.04438788946963131,0.3717372036143775,5.487199157677713,6.524890252175713,0.4157935687521165,saglam,0,41.7792,40,underhang_radyal,1,41.7792.csv,saglam_0g_41.7792
0.33168345919783593,0.0005032319993622911,0.129418793042751,0.3901876607152957,0.26648777976882015,0.2386277445028895,0.01908781548465167,0.3922527266675157,5.106261259105728,6.613177238990415,0.4179697564309889,saglam,0,41.7792,40,underhang_radyal,2,41.7792.csv,saglam_0g_41.7792
0.3677360763742306,0.0004977241184368292,0.12788306731886676,0.3477577413111283,0.27318590690209116,0.2625747941364579,0.042119064830862175,0.4056123219862037,5.25736892630837,5.723345129107913,0.44248997003550883,saglam,0,41.7792,40,underhang_radyal,3,41.7792.csv,saglam_0g_41.7792
0.33851254288407345,0.0005136347836342239,0.12992918221234623,0.38382383442866336,0.28435050462943573,0.24070809997511727,0.043888751144761394,0.4013267766649076,4.9922566202225385,5.914848723262555,0.44156213373615033,saglam,0,41.7792,40,underhang_radyal,4,41.7792.csv,saglam_0g_41.7792
0.34997727563404646,0.000509593265382675,0.13041750201998614,0.3726456290150235,0.29937197798238135,0.23832162415209177,0.028584904701302438,0.39969031253139353,5.418979388471762,6.425089789976217,0.4135914217950544,saglam,0,41.7792,40,underhang_radyal,5,41.7792.csv,saglam_0g_41.7792
0.3475285945571137,0.0005066817759101235,0.12938147196692926,0.37229014818604833,0.2860950381531204,0.2187195146407661,0.026920948880783814,0.4152162395551672,5.9295191491235375,6.178209109994052,0.4089582971864434,saglam,0,41.7792,40,underhang_radyal,6,41.7792.csv,saglam_0g_41.7792
0.028641015969856857,0.00010392446443071519,0.0030675616823534597,0.10710380125742751,1.4144628999996858,1.72059769817681,2.2778714930126274,2.7055196599380573,2.133353298849155,2.7921709151869427,0.024594803078537023,saglam,0,41.7792,40,overhang_radyal,0,41.7792.csv,saglam_0g_41.7792
0.028073783091510932,8.349064388710367e-05,0.005889889741993554,0.2098003579562016,0.9038994438490765,0.8118843286474315,1.1358907091076615,1.4551112674207813,2.0913383959055034,2.737468011450701,0.025213863859424403,saglam,0,41.7792,40,overhang_radyal,1,41.7792.csv,saglam_0g_41.7792
0.02832276146324443,8.751634876869664e-05,0.00712620623381333,0.2516070420184728,0.5270125230825219,0.6526589136963754,0.9284325239200099,1.1000674349013508,2.072899266816929,2.6076545098545583,0.024662552504554586,saglam,0,41.7792,40,overhang_radyal,2,41.7792.csv,saglam_0g_41.7792
0.02844479216307145,8.03846891347039e-05,0.005892004253840355,0.20713824238387413,0.8045004907941407,0.834189261731767,1.3473737916034318,1.4027998949591634,2.059065167938747,2.4989369085363946,0.0250609405877367,saglam,0,41.7792,40,overhang_radyal,3,41.7792.csv,saglam_0g_41.7792
0.02752263580197297,8.370620557195139e-05,0.0025739190271535733,0.09352007727673892,1.7946950860301003,1.9830418378615722,2.407918473720525,3.2828384883403503,2.059947724144086,2.5573877909849445,0.02512713251751249,saglam,0,41.7792,40,overhang_radyal,4,41.7792.csv,saglam_0g_41.7792
0.027925261697958385,8.384054222898704e-05,0.00238139615549845,0.08527748750112077,1.5462881582780896,1.8863538695668947,2.583651891867264,3.1176691147334146,2.087412813066063,2.5987214828465333,0.024916162263485676,saglam,0,41.7792,40,overhang_radyal,5,41.7792.csv,saglam_0g_41.7792
0.02851737822310697,8.578910147875034e-05,0.00575973915614482,0.20197295525841377,0.9405299322522781,0.9046781451359709,1.2023519691403368,1.5293418629099402,2.080971338865904,2.544960082856934,0.024792648865802843,saglam,0,41.7792,40,overhang_radyal,6,41.7792.csv,saglam_0g_41.7792
0.29337617115971815,0.0005342256187023184,0.14753178889998333,0.5028758413346464,0.2239211980013385,0.4052120554950698,0.04160076107709092,0.503608383933253,3.376981983339398,4.037269102952037,0.2688254872997162,saglam,0,42.3936,40,underhang_radyal,0,42.3936.csv,saglam_0g_42.3936
0.3075221810624887,0.0005313692508849739,0.14729351869947124,0.47896876313147035,0.21364480653452836,0.41558978033309857,0.05220871796985737,0.5037828149746859,4.333921181105785,5.346828188304628,0.31553103651630116,saglam,0,42.3936,40,underhang_radyal,1,42.3936.csv,saglam_0g_42.3936
0.28985599385652844,0.0005356602169406549,0.1468676685479281,0.5066918458140193,0.24367173085457722,0.47280509683670946,0.030919489523035793,0.5624063633036133,3.8901707780489145,4.615071570535518,0.2952808266333688,saglam,0,42.3936,40,underhang_radyal,2,42.3936.csv,saglam_0g_42.3936
0.3164370194425002,0.0005407403506159409,0.14634332947691975,0.4624722155905951,0.23602827866380405,0.4586011979989557,0.04524612070853485,0.5461115305323027,4.1383994654200205,5.012625898550371,0.30307673248205996,saglam,0,42.3936,40,underhang_radyal,3,42.3936.csv,saglam_0g_42.3936
0.31456823740415574,0.0005357903945717062,0.1454692754460523,0.46244108002134887,0.2625410087055601,0.4557786079872797,0.03745836905347417,0.5670397781739461,4.4484615468235695,5.334705660362749,0.29140571037088986,saglam,0,42.3936,40,underhang_radyal,4,42.3936.csv,saglam_0g_42.3936
0.31358257039578435,0.0005352887523789621,0.14607352123188197,0.46582155713262785,0.24962168588211195,0.45237231553864526,0.028440131601355157,0.5466588603868674,4.251689692474345,5.120706747418939,0.32090212294291925,saglam,0,42.3936,40,underhang_radyal,5,42.3936.csv,saglam_0g_42.3936
0.31547804321194,0.0005347969819619875,0.1457550366227557,0.4620132518204274,0.25976037274673097,0.4719564050950676,0.025794280024591134,0.5635438280042,4.772371107778252,5.990473617644291,0.37504158972123697,saglam,0,42.3936,40,underhang_radyal,6,42.3936.csv,saglam_0g_42.3936
0.02770875786970323,8.739022700929461e-05,0.00634502475330602,0.2289898660529523,0.5069608929599551,0.4977046975228978,1.0015993418102849,1.1288984028727325,2.0699555178969113,2.5732891128079474,0.024895712624936242,saglam,0,42.3936,40,overhang_radyal,0,42.3936.csv,saglam_0g_42.3936
0.028285577587504347,8.581634804298886e-05,0.0012173741856130777,0.0430386893039029,2.0180964679424793,2.343817595042579,4.934843058946095,5.336174156191347,2.3270934929519917,3.85694276244681,0.02473056010987463,saglam,0,42.3936,40,overhang_radyal,1,42.3936.csv,saglam_0g_42.3936
0.027824424813568192,8.167142498130602e-05,0.005155519593443172,0.18528755321273946,0.5186160587930194,0.6824700545041691,1.2771672494130077,1.4198891296027025,2.0447770402790804,3.038157861779736,0.024694982879582526,saglam,0,42.3936,40,overhang_radyal,2,42.3936.csv,saglam_0g_42.3936
0.028026127453126142,9.11567272277053e-05,0.006736678415021545,0.24037136154641084,0.449232150705058,0.4820699345959036,1.0973983305270607,1.0268999758774233,2.035513875006247,2.334173967954749,0.02444044112153136,saglam,0,42.3936,40,overhang_radyal,3,42.3936.csv,saglam_0g_42.3936
0.02746523024233806,8.92436884723752e-05,0.0031127741160753646,0.11333508179238352,0.8810697555928547,1.0807764056283449,1.8931719776021958,2.1811073237176988,2.0260731923616735,2.9818167922109806,0.024853261313820756,saglam,0,42.3936,40,overhang_radyal,4,42.3936.csv,saglam_0g_42.3936
0.027655245830934646,8.462575028427112e-05,0.004445770762498097,0.16075687012568093,0.6290543828955151,0.7277363261222339,1.4729806516256947,1.570255998578211,2.0194295211080684,2.5095932289812897,0.02462801898998062,saglam,0,42.3936,40,overhang_radyal,5,42.3936.csv,saglam_0g_42.3936
0.027610220767932084,8.831124906996814e-05,0.006516386888526099,0.23601357421446442,0.45978153613715206,0.5130914209663497,1.1149411859624792,1.0797652588671043,2.0286619025097066,2.6105378696576804,0.024537138241332305,saglam,0,42.3936,40,overhang_radyal,6,42.3936.csv,saglam_0g_42.3936
0.34135141923915,0.0006285506428947785,0.18464718823692347,0.5409298975464906,0.12452305228290345,0.1863482577779758,0.029536121343891008,0.2542290882546532,5.176469904666511,6.1015609597102145,0.37524033167946813,saglam,0,43.6224,40,underhang_radyal,0,43.6224.csv,saglam_0g_43.6224
0.36765301028891073,0.0006332020999456226,0.18637370482571775,0.5069282709769024,0.0945746624133059,0.1575930251009701,0.037299931727906584,0.23775566764195918,6.018765535964629,6.920059364313748,0.3835554478226525,saglam,0,43.6224,40,underhang_radyal,1,43.6224.csv,saglam_0g_43.6224
0.35298428042116536,0.0006296208642732101,0.18333086302519983,0.519374015199595,0.11266811068058377,0.15631713824075705,0.06420092120118981,0.2655604052270071,5.445283235741188,5.989693544875902,0.4346415419468897,saglam,0,43.6224,40,underhang_radyal,2,43.6224.csv,saglam_0g_43.6224
0.3184032116448276,0.000634946519198039,0.18627386479524474,0.5850250813501356,0.12268973904474059,0.16924807098105027,0.048654149965860795,0.28323169029171125,3.820132017885613,5.1534083296063065,0.3387775340860593,saglam,0,43.6224,40,underhang_radyal,3,43.6224.csv,saglam_0g_43.6224
0.3458111078655655,0.0006401097471160633,0.1877158405565696,0.5428276775568515,0.1086769995919286,0.1527203107039355,0.04632545052100319,0.26655897936071865,4.541025151176914,5.678055265097555,0.35496232626059443,saglam,0,43.6224,40,underhang_radyal,4,43.6224.csv,saglam_0g_43.6224
0.3651164759830867,0.000625040718422647,0.18417170876396569,0.5044190576926818,0.09679998248217155,0.11593855984663516,0.04431643272820335,0.24195403973763407,6.087903846852673,6.384991284924319,0.35342855818704505,saglam,0,43.6224,40,underhang_radyal,5,43.6224.csv,saglam_0g_43.6224
0.3544450003980529,0.0006320746267916026,0.18478770497993924,0.5213438044601998,0.11610432811052124,0.14580442364692234,0.03235217053422196,0.2831495485795508,5.816169332036817,6.144300579321505,0.40583594285834457,saglam,0,43.6224,40,underhang_radyal,6,43.6224.csv,saglam_0g_43.6224
0.02881006343715587,0.00011148403699593174,0.0035498421763536818,0.12321535438385368,1.0692040734044141,0.7031642341959363,2.212386392077309,2.0502197139291174,2.3227514712291195,3.3634624518834646,0.025356547163145293,saglam,0,43.6224,40,overhang_radyal,0,43.6224.csv,saglam_0g_43.6224
0.02800299360509492,0.00010862158346187445,0.00200751202042908,0.07168919325797153,1.760507837857753,1.3243545559599865,4.390444621101717,3.4000278498609924,2.1212858393617733,3.250742744146011,0.024764901552077268,saglam,0,43.6224,40,overhang_radyal,1,43.6224.csv,saglam_0g_43.6224
0.028324508230831755,8.315731176659265e-05,0.002078482726004788,0.07338107016696374,2.064662374404943,1.4356541210593856,4.156024917331313,3.4338703118251166,2.2644083696563166,4.106265746630528,0.024550279637575244,saglam,0,43.6224,40,overhang_radyal,2,43.6224.csv,saglam_0g_43.6224
0.028129619171872768,8.443706475970723e-05,0.002575064668630674,0.09154282014290394,1.668934589218631,1.2200397566299224,3.0379805732355765,2.9131772909542426,2.160076726712301,3.179288475846782,0.024511342454158775,saglam,0,43.6224,40,overhang_radyal,3,43.6224.csv,saglam_0g_43.6224
0.028385601739931102,8.455729278088471e-05,0.0034673186564736576,0.12215061312136634,1.1456883667315958,0.771150955861883,2.2775020339444954,1.9128364752955258,2.333605724782374,3.9858755375633144,0.024711806442033947,saglam,0,43.6224,40,overhang_radyal,4,43.6224.csv,saglam_0g_43.6224
0.027866982306728988,8.335589150653337e-05,0.00402790546810336,0.14454042506734605,0.9499825417616241,0.773020683269186,1.9340330368279015,1.7517254127038335,2.0684013955614917,2.700086370677035,0.024212501320570002,saglam,0,43.6224,40,overhang_radyal,5,43.6224.csv,saglam_0g_43.6224
0.027457364044526332,8.065713551366149e-05,0.004660103585891131,0.16972144806633063,0.7350589304947119,0.6235612233845761,1.7547032403180505,1.3526435243486876,1.9995019576898874,2.249863475650166,0.02412441824865733,saglam,0,43.6224,40,overhang_radyal,6,43.6224.csv,saglam_0g_43.6224
0.3775971738748445,0.0006999440708711585,0.19194093135885407,0.5083219489930956,0.14470214397509595,0.14468113476932598,0.026111369748980328,0.37708853682259874,5.265942129040952,6.051511388878052,0.4653034437424737,saglam,0,44.6464,40,underhang_radyal,0,44.6464.csv,saglam_0g_44.6464
0.38822790810135266,0.0006997356028446232,0.1935895023884017,0.49864911395644346,0.1630419274557146,0.15490235878238628,0.03726856804283428,0.40064789982460874,5.115257549709106,5.907953166881932,0.40800409959727635,saglam,0,44.6464,40,underhang_radyal,1,44.6464.csv,saglam_0g_44.6464
0.40567282691254725,0.0007062495634350814,0.19245752999445156,0.4744156305925467,0.15285451448626552,0.12115822334256973,0.03680094301119598,0.36270778128632,5.923725445925741,7.503418219152459,0.4265373117534773,saglam,0,44.6464,40,underhang_radyal,2,44.6464.csv,saglam_0g_44.6464
0.4090896316161089,0.0006991410826826949,0.1911120827450566,0.4671643277528228,0.146925398938284,0.14203107024415138,0.02308789810827658,0.35873474752972745,5.595566986481295,5.906153023936571,0.4578420903268771,saglam,0,44.6464,40,underhang_radyal,3,44.6464.csv,saglam_0g_44.6464
0.39295706708650935,0.000700560088188418,0.19140172892019633,0.487080510700097,0.1530116751811442,0.13579261899012884,0.037885294945880985,0.4577240600674449,5.475171823390456,6.33908065347531,0.4722958312491437,saglam,0,44.6464,40,underhang_radyal,4,44.6464.csv,saglam_0g_44.6464
0.397691629302937,0.0006981688865858215,0.19135098464455888,0.4811541670602233,0.1455674894355245,0.12770614082177498,0.03048048779083453,0.41840754566769683,5.078305123279824,6.023474757912398,0.41477769519016705,saglam,0,44.6464,40,underhang_radyal,5,44.6464.csv,saglam_0g_44.6464
0.39348269846465356,0.0006938568146283635,0.1898631226010441,0.48251962117113756,0.137717932146867,0.11004509245560973,0.02912204429776876,0.3327990496551259,5.703426304750419,6.65733155625521,0.44031653151955524,saglam,0,44.6464,40,underhang_radyal,6,44.6464.csv,saglam_0g_44.6464
0.027650233490063483,7.613203422837641e-05,0.003101688715901143,0.11217585981339379,0.749204660732255,1.1635804654864612,2.3223061415188266,2.230945257011817,2.031040269806418,2.4954675468936576,0.024250805909229265,saglam,0,44.6464,40,overhang_radyal,0,44.6464.csv,saglam_0g_44.6464
0.02772324016820242,8.562619057243494e-05,0.0053625409799135,0.19343124927621969,0.44992998626232805,0.5999601705896239,1.1422261616806237,1.2788186861848676,2.0737848217773562,2.728420699887838,0.023927484222064466,saglam,0,44.6464,40,overhang_radyal,1,44.6464.csv,saglam_0g_44.6464
0.02756546035076061,8.756068337333475e-05,0.006156079361498044,0.22332583178154158,0.3682950254356424,0.4915880632450641,0.9187038623024139,1.0417680762146038,2.071434777239926,2.475388051663551,0.02347544166980085,saglam,0,44.6464,40,overhang_radyal,2,44.6464.csv,saglam_0g_44.6464
0.02798924482453559,0.0001024304934376007,0.0033085001323855676,0.1182061235666889,0.7215913168609336,0.9696541465598039,2.0777531179852016,2.149887982583927,2.04218645878825,2.7753735000884983,0.023573679334768543,saglam,0,44.6464,40,overhang_radyal,3,44.6464.csv,saglam_0g_44.6464
0.02820181666812785,9.829434019962631e-05,0.0034776920648792375,0.12331446962018658,0.6328715807043716,1.0684459848968466,1.7436218950937,2.0144769548826367,2.0901983345270816,3.291606385882712,0.023950013520885587,saglam,0,44.6464,40,overhang_radyal,4,44.6464.csv,saglam_0g_44.6464
0.028533229449410447,0.0001226296141054324,0.004923613434800826,0.1725571738508555,0.5555779515778475,0.6270609981438747,1.2145000165051332,1.35634718911382,2.153312876607781,3.5497634605229837,0.024465378249682302,saglam,0,44.6464,40,overhang_radyal,5,44.6464.csv,saglam_0g_44.6464
0.028777195118428845,9.868680015059323e-05,0.005390117292698848,0.18730516543843861,0.4436727186073287,0.6702503117984742,1.3351115412032308,1.2831984656887632,2.373387402037832,4.176041138095276,0.023867070356012272,saglam,0,44.6464,40,overhang_radyal,6,44.6464.csv,saglam_0g_44.6464
0.43278761763969065,0.0007119982889390181,0.2171450178111211,0.5017357451095088,0.10653946991254197,0.2169882803548727,0.01664181656226001,0.32231504755515245,5.083965006247398,6.6753696921108645,0.4927895035335691,saglam,0,45.4656,50,underhang_radyal,0,45.4656.csv,saglam_0g_45.4656
0.4382984049049207,0.0007175493416358337,0.220139096576126,0.5022584935561838,0.10580593564377212,0.18610131413830458,0.029086842712097147,0.2867311819304204,5.14490816515594,5.9469331118893125,0.47006682031956587,saglam,0,45.4656,50,underhang_radyal,1,45.4656.csv,saglam_0g_45.4656
0.4436397624064501,0.0007219208532083736,0.22138897898886462,0.49902871146508126,0.10462480759725257,0.16279066046932414,0.017503719329897024,0.26253183840659616,5.191847581572495,6.029966448185731,0.4766236227520346,saglam,0,45.4656,50,underhang_radyal,2,45.4656.csv,saglam_0g_45.4656
0.43632201052865355,0.0007192663398240644,0.2197488047746351,0.5036390543486011,0.10578952510418696,0.20236759513559696,0.016012158412401917,0.3059661513220836,5.163759704725285,5.406167097568688,0.5046528845901903,saglam,0,45.4656,50,underhang_radyal,3,45.4656.csv,saglam_0g_45.4656
0.4440136177887085,0.0007264042349927551,0.2211968651320942,0.4981758582838248,0.10778133492810182,0.19449803921031947,0.019365803416342923,0.314351142107194,5.009787997234268,5.585587353711627,0.48973199148873703,saglam,0,45.4656,50,underhang_radyal,4,45.4656.csv,saglam_0g_45.4656
0.43721934121013967,0.0007140699371518832,0.21977808407300212,0.502672373697366,0.10577466071819813,0.16791314980003663,0.01704293144270735,0.2515953372324423,5.424443131187359,6.568368080537978,0.44781633465617543,saglam,0,45.4656,50,underhang_radyal,5,45.4656.csv,saglam_0g_45.4656
0.4390790700127991,0.0007253884304499491,0.22067233628448593,0.502579948248389,0.11129532303346389,0.1981338827782564,0.008760270223248321,0.2957937387294943,4.947758194553164,5.766815177277494,0.47498136238216054,saglam,0,45.4656,50,underhang_radyal,6,45.4656.csv,saglam_0g_45.4656
0.02838955976906278,8.619327631591491e-05,0.006860222875184789,0.241645975870996,0.46394076264749745,0.46616179898615406,1.1163809701834546,1.0251880109535163,2.1696519620479338,3.3037161037940774,0.02450047602414312,saglam,0,45.4656,50,overhang_radyal,0,45.4656.csv,saglam_0g_45.4656
0.027864548148848783,7.883838987444452e-05,0.00517145657444179,0.18559269458205283,0.5633392069692145,0.58196397264069,1.5696154700868648,1.278815881940372,2.0628243775092274,3.4428232392554357,0.02373333556025852,saglam,0,45.4656,50,overhang_radyal,1,45.4656.csv,saglam_0g_45.4656
0.02750663643961805,0.00011010511126986594,0.0026830750930661403,0.09754282748668394,1.1861437085067654,1.2666850660007294,3.044498061686791,2.500849792072633,2.038107251876191,2.565199620315022,0.024110391541778967,saglam,0,45.4656,50,overhang_radyal,2,45.4656.csv,saglam_0g_45.4656
0.028399571161987512,8.455237086476941e-05,0.0036254885609389225,0.12765997557258668,0.8499480635411892,0.9537180544095472,2.2124733808513573,1.8887801138157665,2.1746596015235484,3.129482342817266,0.024134755883978665,saglam,0,45.4656,50,overhang_radyal,3,45.4656.csv,saglam_0g_45.4656
0.027961550694483698,9.529086734666006e-05,0.005890903382988776,0.21067870831428048,0.5025457848403898,0.5667893879183019,1.2949856011633705,1.1551806656608279,2.077936964880738,2.7331899769208508,0.023743779765950292,saglam,0,45.4656,50,overhang_radyal,4,45.4656.csv,saglam_0g_45.4656
0.02793889655060045,8.797051332785251e-05,0.006534621211315718,0.23388973860320159,0.43290640394834423,0.5586354826619623,1.1821177366943751,1.035822444928769,2.06526950444135,2.4083028477540913,0.02413870547479053,saglam,0,45.4656,50,overhang_radyal,5,45.4656.csv,saglam_0g_45.4656
0.028247065993491235,8.59460956124061e-05,0.005346923480874696,0.1892912871700536,0.5789414520361624,0.6598054349333549,1.5319341251422716,1.2481809065804903,2.158984694774073,3.9605720361720773,0.02405646679544772,saglam,0,45.4656,50,overhang_radyal,6,45.4656.csv,saglam_0g_45.4656
0.4697939983817635,0.0007334072571521674,0.21617836939995552,0.4601556642786755,0.14496021826303157,0.15959333013840077,0.009394668820487216,0.43914956904333036,5.077478391772062,6.263386398534762,0.501961500386408,saglam,0,46.2848,50,underhang_radyal,0,46.2848.csv,saglam_0g_46.2848
0.4407262268803654,0.0007318307119544113,0.216031717578329,0.4901721395320556,0.12812956638614934,0.14499269001842968,0.021750571344293354,0.4114567340714585,4.718642637380233,5.507514221349356,0.5105697031103403,saglam,0,46.2848,50,underhang_radyal,1,46.2848.csv,saglam_0g_46.2848
0.46461240473345294,0.000728656176299657,0.21415208089509005,0.46092630914038485,0.1350588263615448,0.1592551943435961,0.01619342396434482,0.5292826320844484,4.866727264088605,5.35525803530751,0.5228759324167891,saglam,0,46.2848,50,underhang_radyal,2,46.2848.csv,saglam_0g_46.2848
0.4756638593107923,0.0007162880202168238,0.209888870853007,0.4412546102549852,0.14027245895589388,0.14807547369942517,0.01842588096353012,0.4724532558141338,4.8055188401075215,6.193130022761123,0.4742303734201434,saglam,0,46.2848,50,underhang_radyal,3,46.2848.csv,saglam_0g_46.2848
0.44370284570593466,0.00072678492287269,0.21232826580438036,0.47853708367834763,0.14242212213478136,0.1398204512799086,0.01898178082082773,0.44556688571714836,4.3737466783441326,4.945032866241677,0.5024404891569588,saglam,0,46.2848,50,underhang_radyal,4,46.2848.csv,saglam_0g_46.2848
0.458096066096919,0.0007317582600866849,0.21422377612624813,0.46763941448136637,0.1278497913269678,0.1489905876028594,0.012013373913903905,0.47677350917815386,4.662710239693702,5.778947868945858,0.5147549312958772,saglam,0,46.2848,50,underhang_radyal,5,46.2848.csv,saglam_0g_46.2848
0.46147662191164024,0.0007263973932338465,0.2121297658746137,0.4596760828217446,0.1286831493919848,0.13737943400014802,0.023050954733756207,0.4771754005947156,4.628244266145511,5.420389453206947,0.46651017926286487,saglam,0,46.2848,50,underhang_radyal,6,46.2848.csv,saglam_0g_46.2848
0.027601570299499594,8.016846443207159e-05,0.0030004757978308034,0.10870670636360477,1.032653562477785,0.9767656334286939,2.504713876704453,2.112035239164818,2.1968174755280048,3.8637774419703947,0.024082851926175673,saglam,0,46.2848,50,overhang_radyal,0,46.2848.csv,saglam_0g_46.2848
0.027883969988297355,8.369455731377712e-05,0.0064165169085550556,0.23011489795096945,0.669348047498821,0.7704508840963025,1.1340852437353472,1.3519768760029263,2.0773749633002736,2.6569347621470922,0.023538138718085858,saglam,0,46.2848,50,overhang_radyal,1,46.2848.csv,saglam_0g_46.2848
0.02824315430606568,9.457285773313493e-05,0.007726739669405333,0.27357920384524154,0.3369584656856111,0.38996007935971416,0.9502875537190277,0.9121818614982137,2.0086021294373433,2.3537479003621877,0.0237811216104962,saglam,0,46.2848,50,overhang_radyal,2,46.2848.csv,saglam_0g_46.2848
0.02829228827625502,8.393692984158686e-05,0.00703326187409627,0.24859289588642114,0.47002418564806664,0.5612026295614958,1.0634620810524855,0.9938132973384018,2.198829287939275,4.050202703294649,0.02454082336972108,saglam,0,46.2848,50,overhang_radyal,3,46.2848.csv,saglam_0g_46.2848
0.027836062618524546,8.476412060764143e-05,0.003496183701993238,0.12559907447330476,1.2216109499351675,0.6420405536984422,2.137624276004703,1.8941960455342262,2.050858280364775,2.6005779440029864,0.0237966673394767,saglam,0,46.2848,50,overhang_radyal,4,46.2848.csv,saglam_0g_46.2848
0.02755891716080113,8.437734514509914e-05,0.0016642135000739867,0.060387477864359634,1.365028383685216,3.073944163256411,4.433024341101068,4.7754760375910585,2.073252880639526,2.537005754759883,0.02406373526942798,saglam,0,46.2848,50,overhang_radyal,5,46.2848.csv,saglam_0g_46.2848
0.02849759881235025,9.32206785756308e-05,0.006397058698135936,0.2244771126169097,0.6397202684853251,0.5686457849272848,1.1976690337810376,1.2333699945089447,2.2435810478219467,3.8454597474273258,0.023452953636352632,saglam,0,46.2848,50,overhang_radyal,6,46.2848.csv,saglam_0g_46.2848
0.5121475541107583,0.0007176986455968656,0.1944819907690516,0.3797382008518051,0.07414820922879958,0.20722850792977063,0.022309016310411305,0.3518935665294589,4.77859925309075,5.881895101119028,0.566679617517685,saglam,0,47.7184,50,underhang_radyal,0,47.7184.csv,saglam_0g_47.7184
0.5102850947919286,0.0007112017779543454,0.1914580711477176,0.3751982432985044,0.0947288106960425,0.1977032469312001,0.035277569366833746,0.3147118380607586,4.35324631091319,5.419987669967969,0.5495380564495752,saglam,0,47.7184,50,underhang_radyal,1,47.7184.csv,saglam_0g_47.7184
0.5081191503471065,0.0007223936222147721,0.19724476609544614,0.3881860503787666,0.10603551850320919,0.20127783557963966,0.034886729387236734,0.35407875013733264,4.364774078086736,5.571520588127862,0.5927366857938531,saglam,0,47.7184,50,underhang_radyal,2,47.7184.csv,saglam_0g_47.7184
0.5076063835492218,0.0007255492816035256,0.19848083059811153,0.39101326742569253,0.09005057662200487,0.19378307715660195,0.027757006927403554,0.3591980894086705,4.008738101709053,4.792092961724359,0.5803338795884565,saglam,0,47.7184,50,underhang_radyal,3,47.7184.csv,saglam_0g_47.7184
0.5230605356268297,0.0007156882350778798,0.196597917373279,0.3758607350051796,0.07594971386594913,0.2036013091359454,0.03029876733651488,0.3352092747286481,4.546863089427673,5.3918646342325465,0.5643384387623281,saglam,0,47.7184,50,underhang_radyal,4,47.7184.csv,saglam_0g_47.7184
0.505553791907223,0.0007132144235280933,0.19317967059549165,0.38211496716567206,0.09335841990315792,0.22823017259799228,0.02403980385567061,0.35353182931733174,4.535832032930822,5.820155071221886,0.549479051130377,saglam,0,47.7184,50,underhang_radyal,5,47.7184.csv,saglam_0g_47.7184
0.5112995382813139,0.0007083595490807774,0.19182820715227375,0.3751777437482368,0.07983833567811957,0.2270328315283431,0.0250530565914068,0.3788272459804893,4.388578534682686,5.73946903058831,0.6081227377537795,saglam,0,47.7184,50,underhang_radyal,6,47.7184.csv,saglam_0g_47.7184
0.028190484130008707,8.595326283658387e-05,0.004048848204679068,0.14362464248088075,1.1013816111407984,0.8605023430637001,1.464775119318334,1.8528055822546925,2.1363929209589574,2.841266236470807,0.023420086117378128,saglam,0,47.7184,50,overhang_radyal,0,47.7184.csv,saglam_0g_47.7184
0.028485524923750477,8.60739976469141e-05,0.005495644872496982,0.1929276320873389,0.7695968398529011,0.5921564134581516,1.137706417482951,1.372816524573026,2.338035226709702,4.342660479118641,0.023064433593030193,saglam,0,47.7184,50,overhang_radyal,1,47.7184.csv,saglam_0g_47.7184
0.02807641719674235,8.681739469056355e-05,0.0031889549143784154,0.11358126259196782,1.2321025293253731,1.0049738353469182,2.4665172256833343,2.182485736971772,2.136285796110296,2.7821505616174176,0.02307954735890852,saglam,0,47.7184,50,overhang_radyal,2,47.7184.csv,saglam_0g_47.7184
0.02805104402911562,8.509970391964476e-05,0.003459759873536934,0.12333800730634245,1.259180667235498,1.003092996269584,2.07821560084179,2.212174127522544,2.0552913751476436,2.462426082347619,0.023437226318206102,saglam,0,47.7184,50,overhang_radyal,3,47.7184.csv,saglam_0g_47.7184
0.031265628075619056,9.106829201337986e-05,0.00607472360102687,0.19429398910971013,0.8380402797961684,0.7332900677395235,1.12624176180422,1.5690093419698246,3.5687700501931814,5.570960592933544,0.025346605344883137,saglam,0,47.7184,50,overhang_radyal,4,47.7184.csv,saglam_0g_47.7184
0.02818945237650329,9.129340830635263e-05,0.0026142550130766372,0.0927387654810547,1.542595442122056,1.9041226865394074,3.2982958046852446,3.010345387605336,2.1386972521539986,2.9231181335138525,0.023098722893539977,saglam,0,47.7184,50,overhang_radyal,5,47.7184.csv,saglam_0g_47.7184
0.028127522413284024,8.735368695225265e-05,0.004732478707432257,0.16825081988127608,0.883488290595359,0.9032024652580678,2.0426925247964998,1.6441606666489263,2.145808991573092,3.084866021459281,0.02334718804470094,saglam,0,47.7184,50,overhang_radyal,6,47.7184.csv,saglam_0g_47.7184
0.49381117493711757,0.0006871940899448359,0.17139140008594375,0.34707882037586907,0.2080905887975406,0.17939160215515876,0.046197664051298826,0.5091015706056469,4.832310795940364,5.954662910620097,0.4985149125281545,saglam,0,48.9472,50,underhang_radyal,0,48.9472.csv,saglam_0g_48.9472
0.4803733993507136,0.0006845249477192326,0.1714444392426153,0.3568982784516953,0.1991852839112157,0.1822234925810826,0.04030909531332564,0.5543899643823992,4.627035642999558,5.54202135389136,0.5491266055037882,saglam,0,48.9472,50,underhang_radyal,1,48.9472.csv,saglam_0g_48.9472
0.4718770997155423,0.0006958762259059194,0.17416710773433836,0.3690942150804965,0.21067026846577425,0.19492611034875004,0.04865098220139743,0.6067414697914744,4.5618335325380075,5.22800502971304,0.5643848603218056,saglam,0,48.9472,50,underhang_radyal,2,48.9472.csv,saglam_0g_48.9472
0.4738069329388604,0.0006926727460511331,0.17515615985247265,0.3696783387395156,0.19170006128739236,0.19503904304189318,0.0332087252161268,0.6384309031022122,4.4174947525581025,5.516139847805196,0.6250826344070988,saglam,0,48.9472,50,underhang_radyal,3,48.9472.csv,saglam_0g_48.9472
0.47386814790534715,0.0006939413775787508,0.17512706825010962,0.36956919139608607,0.1989391059788654,0.16901848966004535,0.03171943910699346,0.5427476334891383,4.265219394959781,5.6066326620236495,0.5951549730834151,saglam,0,48.9472,50,underhang_radyal,4,48.9472.csv,saglam_0g_48.9472
0.4858470112751659,0.0006915273702831214,0.17386320689793952,0.3578558740976014,0.19004108892727933,0.13784234754410768,0.05055151672285387,0.5331601971869924,4.64862945623246,5.439042956102953,0.5649884574128993,saglam,0,48.9472,50,underhang_radyal,5,48.9472.csv,saglam_0g_48.9472
0.4903935065206657,0.0006876184650710343,0.16954465611019304,0.34573185381830196,0.1979344932473883,0.11282673402777295,0.019232699087559427,0.5312390579946594,4.617970959997021,5.391613880899096,0.517502330368552,saglam,0,48.9472,50,underhang_radyal,6,48.9472.csv,saglam_0g_48.9472
0.02773556713998871,8.618154224481609e-05,0.004903341068867948,0.1767889239092428,1.118574173853329,0.8160165236664318,1.3466341997510562,1.6776411996928722,2.0557202156852927,2.8580370945244415,0.022467598727118256,saglam,0,48.9472,50,overhang_radyal,0,48.9472.csv,saglam_0g_48.9472
0.028771143797963243,8.707856191236154e-05,0.004386260263481565,0.1524534545491244,1.400773960888783,0.4892480556803495,1.6635732334647213,1.7933755750351796,2.4149160331975343,4.0006645698766095,0.023347045658331782,saglam,0,48.9472,50,overhang_radyal,1,48.9472.csv,saglam_0g_48.9472
0.02802203145444246,8.976040418758761e-05,0.005664157698010232,0.20213230104379656,1.008865057747016,0.9120200651119473,1.3847893431837994,1.6063276045876247,2.168698263844511,4.165523044089339,0.022893680146086358,saglam,0,48.9472,50,overhang_radyal,2,48.9472.csv,saglam_0g_48.9472
0.028253023418604816,8.962558802322264e-05,0.003591791937172317,0.12712947155524487,1.6906959362068157,0.9958451037162217,1.8355374161976838,2.4360620737598464,2.080614160685231,3.2342714412617526,0.022758307305279876,saglam,0,48.9472,50,overhang_radyal,3,48.9472.csv,saglam_0g_48.9472
0.02793534322545449,9.379998384546571e-05,0.005621819497464571,0.20124397441234104,1.0161958367830926,0.5918887313555774,1.1394480524395607,1.4168289515640726,2.2300429180383485,3.664451155294485,0.02377912490717507,saglam,0,48.9472,50,overhang_radyal,4,48.9472.csv,saglam_0g_48.9472
0.03186839982616315,9.546375063862793e-05,0.0042994683820761406,0.13491321827873745,1.395411723253274,0.7285426608434418,1.731666492849167,1.9461906270256484,3.1475726192238715,4.3576861158880185,0.022868341190113564,saglam,0,48.9472,50,overhang_radyal,5,48.9472.csv,saglam_0g_48.9472
0.036834505029558644,9.508782290743891e-05,0.005581824190128009,0.1515379176534941,1.145410250915705,0.9053368147972518,1.4274074522198343,1.678352098851969,5.908575778495144,5.325578348629864,0.022604935233273102,saglam,0,48.9472,50,overhang_radyal,6,48.9472.csv,saglam_0g_48.9472
0.36117250322145333,0.0006775325618143676,0.21316025226904517,0.5901895918631312,0.11547125404512021,0.09500728868549414,0.021093623860732644,0.26571177591479256,4.179065873102214,5.986927335417545,0.3100419416266649,saglam,0,49.5616,50,underhang_radyal,0,49.5616.csv,saglam_0g_49.5616
0.3835311743971299,0.0006881043160213254,0.2149189569334433,0.5603689381201218,0.12786652918970226,0.10855968431140992,0.026524807138122018,0.24895871458221652,3.9935506955414017,5.1975991948126605,0.33983463635749167,saglam,0,49.5616,50,underhang_radyal,1,49.5616.csv,saglam_0g_49.5616
0.38081859270944185,0.0006866397827876236,0.2153180102159904,0.5654083449116388,0.12722853670993936,0.1229156893077068,0.017129613809828626,0.3161034419604784,4.1603775709983255,5.423879619273323,0.3671945429789047,saglam,0,49.5616,50,underhang_radyal,2,49.5616.csv,saglam_0g_49.5616
0.36054251538133164,0.0006879349733935499,0.21551341282352438,0.5977475710319117,0.13047764427124442,0.1423397737611397,0.037947886680020755,0.32471976347073883,3.8747332849199543,4.980677164163206,0.3745794620632408,saglam,0,49.5616,50,underhang_radyal,3,49.5616.csv,saglam_0g_49.5616
0.36380973155274615,0.0006846223785643777,0.21451476981936873,0.5896345018128746,0.13700198487525111,0.15333019214669458,0.029007373191854504,0.3279129198794184,4.197129703967503,5.747436947154946,0.39192582104005985,saglam,0,49.5616,50,underhang_radyal,4,49.5616.csv,saglam_0g_49.5616
0.36348141564183073,0.000687306515361308,0.21734642926178224,0.597957474324779,0.12337032390090581,0.13347557273714694,0.026473001832262522,0.3142644551835136,4.176039818002543,5.204559341008077,0.42290262012519225,saglam,0,49.5616,50,underhang_radyal,5,49.5616.csv,saglam_0g_49.5616
0.3676011900065879,0.0006818441739821092,0.21524633518707056,0.5855430859258849,0.11777059710386258,0.11310704434987617,0.029943900247726054,0.33708946098199666,4.415376824401264,5.53090778461284,0.3860577171847332,saglam,0,49.5616,50,underhang_radyal,6,49.5616.csv,saglam_0g_49.5616
0.04330289571242821,0.00016875802357148954,0.004857249549169969,0.11216916257320267,1.201048036460535,0.7945255421499693,2.17940315459936,1.6879867086933151,2.869705900916291,3.3721502155609806,0.02118049097855689,saglam,0,49.5616,50,overhang_radyal,0,49.5616.csv,saglam_0g_49.5616
0.044538194082958144,0.00013939405724032553,0.004534054623203627,0.10180149232491471,1.1091056588852508,0.8282437067778844,1.1377850422978766,1.7881748804325615,2.879696646582757,3.4881598092707193,0.022442453901882677,saglam,0,49.5616,50,overhang_radyal,1,49.5616.csv,saglam_0g_49.5616
0.048420862216881716,0.0001396012297490333,0.0022971381187841832,0.04744108249141948,2.683322821025494,3.3240087282548463,2.9265221944422297,5.285774888798845,2.881141300919357,3.480361702344979,0.02155064958533427,saglam,0,49.5616,50,overhang_radyal,2,49.5616.csv,saglam_0g_49.5616
0.0458095401526183,0.00013244110111980875,0.0035069231607631314,0.0765544283789571,1.8072550835781378,2.2489515242421456,2.4809518900938987,3.8526321628658335,2.73230003066531,3.475552429802693,0.022101535950483215,saglam,0,49.5616,50,overhang_radyal,3,49.5616.csv,saglam_0g_49.5616
0.04460746311586999,0.0001237563746970796,0.0036515074600511127,0.08185866679941631,1.2191385305295204,4.049247690812812,2.4205712273590145,4.557181552890608,3.1397099616685265,3.8249264852686684,0.02076120411151978,saglam,0,49.5616,50,overhang_radyal,4,49.5616.csv,saglam_0g_49.5616
0.04164533382954912,0.00012679978399862595,0.004482928805344547,0.10764540449081657,1.332605866388942,2.5844503102764462,1.4512057522519533,3.115361225930943,3.0014482588017026,3.606850844362284,0.021652912349984853,saglam,0,49.5616,50,overhang_radyal,5,49.5616.csv,saglam_0g_49.5616
0.047316928270524174,0.00012023270228067655,0.004155321295497186,0.08781891486387763,1.3034654277425217,4.332924417639035,1.2911026783420871,5.124602153444565,2.781835320717004,3.5946681180753224,0.022408441044332993,saglam,0,49.5616,50,overhang_radyal,6,49.5616.csv,saglam_0g_49.5616
0.39508342419435394,0.0006178749080565732,0.21504342624030462,0.5442987811454568,0.09904446111540019,0.2034009611664353,0.014152402396401897,0.3066061392813498,5.4114150311946965,6.547434019290678,0.47549484096628614,saglam,0,51.8144,50,underhang_radyal,0,51.8144.csv,saglam_0g_51.8144
0.41407443089153373,0.0006214220050150182,0.21552574270201846,0.5205000034352633,0.1264315856010151,0.1794333971714497,0.008957761723911018,0.3293392639073056,5.262665568173363,5.539822247122605,0.42533954482836045,saglam,0,51.8144,50,underhang_radyal,1,51.8144.csv,saglam_0g_51.8144
0.4025592971550091,0.0006203769872672256,0.21438602180208013,0.5325576214899748,0.11904112780232308,0.22645502406015536,0.01804114787557297,0.42520439192519965,4.937676797883693,5.659633683536837,0.4315729614495306,saglam,0,51.8144,50,underhang_radyal,2,51.8144.csv,saglam_0g_51.8144
0.3936339536323567,0.0006248183371385876,0.21596359137211474,0.5486406581005209,0.0981195406717658,0.25721882888300773,0.012134775515410062,0.3607750548956898,4.8139350982272,5.629772030496418,0.5122633290772927,saglam,0,51.8144,50,underhang_radyal,3,51.8144.csv,saglam_0g_51.8144
0.38550345612555365,0.0006300037064141257,0.21725932210465443,0.5635729554479849,0.10198914588951179,0.22415527802203652,0.010235011043554511,0.29834584312766976,4.972285386847585,5.6706371302714835,0.5110724655704195,saglam,0,51.8144,50,underhang_radyal,4,51.8144.csv,saglam_0g_51.8144
0.4009781834029348,0.000624566033443441,0.2172231688857068,0.5417331363060268,0.11879541774400394,0.16389006769530112,0.01708189409198036,0.3158321249832694,5.223513276587207,5.373985001372386,0.418485482601206,saglam,0,51.8144,50,underhang_radyal,5,51.8144.csv,saglam_0g_51.8144
0.4119804130061166,0.0006254842895759504,0.21816800988227,0.5295591804712846,0.11142863407014833,0.17115294160872108,0.014794738714152399,0.3053507489975019,5.459125679783067,5.662011008627192,0.3757749566611029,saglam,0,51.8144,50,underhang_radyal,6,51.8144.csv,saglam_0g_51.8144
0.044335880950925353,0.00010929000915358552,0.004106938776336751,0.0926323936314702,0.932783622233304,3.333805139605936,1.1842170729091326,3.97445036551385,2.9434183940804193,3.7672671631578694,0.021116530492559595,saglam,0,51.8144,50,overhang_radyal,0,51.8144.csv,saglam_0g_51.8144
0.04401876260782737,0.00011614921578189946,0.008226032985315915,0.18687560707729425,0.7620531530030692,0.7022959061311668,0.855827166732931,1.1208491283467679,3.3477272529787503,3.568737266520266,0.02024114429181351,saglam,0,51.8144,50,overhang_radyal,1,51.8144.csv,saglam_0g_51.8144
0.05114487991135771,0.000161263772254641,0.008154821278460147,0.15944550642086397,0.5449947126352449,1.3422823282001684,0.5734954993621106,1.5820264365853673,3.067388285369076,3.7300370792786994,0.021629601056020017,saglam,0,51.8144,50,overhang_radyal,2,51.8144.csv,saglam_0g_51.8144
0.03951218912915035,0.0001176979860026389,0.00271048499956545,0.0685987048360521,2.101197399316511,6.232976112176024,1.8029826999708576,7.08854567699986,2.9567749058575994,3.3780977611729592,0.020278593860630918,saglam,0,51.8144,50,overhang_radyal,3,51.8144.csv,saglam_0g_51.8144
0.040671968858382083,9.488455851637416e-05,0.005005064510006776,0.12305931211029197,0.9671882847663834,3.1735141217140046,1.0941016509933978,3.5767388032526672,2.8687851189375073,3.458986072368459,0.02060383589344319,saglam,0,51.8144,50,overhang_radyal,4,51.8144.csv,saglam_0g_51.8144
0.047161846407287926,0.00012166485656055234,0.009106034164857713,0.19308052712833304,0.6153286703582914,1.0432865566916179,0.848342137045862,1.4812129120470547,2.9915226333555855,3.5941870146517316,0.021015667348100293,saglam,0,51.8144,50,overhang_radyal,5,51.8144.csv,saglam_0g_51.8144
0.039649334556378917,0.00017632057109095233,0.005848498443269124,0.1475055888972213,0.6269797128434823,1.286917437222305,0.996576902007441,1.5759870109786787,2.908732219135125,3.425803736362212,0.020937860603202713,saglam,0,51.8144,50,overhang_radyal,6,51.8144.csv,saglam_0g_51.8144
0.1391209204696296,0.0008602178981486819,0.12163074578124615,0.8742807722216309,0.17183725719270787,0.17814645659483275,0.058523862872809834,0.34819262891319624,2.725692239824844,3.9321900511655943,0.12838105420653007,dengesiz,10,20.48,20,underhang_radyal,0,20.48.csv,dengesiz_10g_20.48
0.13860303909915808,0.0008532179399314986,0.12060040274360963,0.8701136968321503,0.17433715768109795,0.18526330373579178,0.05689347230314445,0.3644809176834163,2.8757252086133294,3.9747042379020474,0.13423207667024303,dengesiz,10,20.48,20,underhang_radyal,1,20.48.csv,dengesiz_10g_20.48
0.13939358506639346,0.0008458732023783534,0.11933557401899667,0.8561052071463745,0.1828766797895089,0.18542610770194207,0.04979509603585056,0.349008106355631,2.785399920180237,3.3168928335609547,0.12743263389649231,dengesiz,10,20.48,20,underhang_radyal,2,20.48.csv,dengesiz_10g_20.48
0.1376157956727668,0.0008571604013060316,0.1194134079768097,0.8677303894670069,0.16855650143930231,0.16949246244450783,0.06792256206810088,0.34296679987501444,2.8544382069392675,3.82763799797903,0.12406629660624441,dengesiz,10,20.48,20,underhang_radyal,3,20.48.csv,dengesiz_10g_20.48
0.13713054734340943,0.0008472312608364467,0.11954558166214796,0.8717647816420068,0.19280813412271688,0.15155127740067958,0.03309100307960494,0.3361094715987799,2.804446866310928,3.6141536155288296,0.1293508329122673,dengesiz,10,20.48,20,underhang_radyal,4,20.48.csv,dengesiz_10g_20.48
0.1380753879100834,0.0008332582731645634,0.11862788972775146,0.8591530432935987,0.19062374440831606,0.14107191832995655,0.0544481190198143,0.3336714705834035,2.797729135361017,3.761195777575025,0.12499326729842886,dengesiz,10,20.48,20,underhang_radyal,5,20.48.csv,dengesiz_10g_20.48
0.13666084964996783,0.0008452939132602825,0.11808026856353425,0.864038741637503,0.16951190825938953,0.14591595479126762,0.04638689569260448,0.3275223807170968,2.7110141289361165,3.6555229339528954,0.12575950777031006,dengesiz,10,20.48,20,underhang_radyal,6,20.48.csv,dengesiz_10g_20.48
0.032733395525008924,0.00018436442766368359,0.02053204713823267,0.6272507574693421,0.2974254529909642,0.07603989599564824,0.42652113135251507,0.4259831772394154,2.452542367592578,2.653697319485584,0.026833501580876884,dengesiz,10,20.48,20,overhang_radyal,0,20.48.csv,dengesiz_10g_20.48
0.03455363612807919,0.0001852040538754513,0.02108477319012412,0.6102041797094655,0.23011534787303498,0.2155315027127219,0.34394693701374046,0.4471293084379637,2.5591128949186954,2.879077795526684,0.02617649574590404,dengesiz,10,20.48,20,overhang_radyal,1,20.48.csv,dengesiz_10g_20.48
0.03429453160620025,0.00019042499258732046,0.021892650477169935,0.6383714677290854,0.3592543804689778,0.07705462660468285,0.5429949391441535,0.4774978910136171,2.6954484215992327,2.8663643509778183,0.026995240534924553,dengesiz,10,20.48,20,overhang_radyal,2,20.48.csv,dengesiz_10g_20.48
0.03521008716135695,0.00020383683463804655,0.020331055292701197,0.5774213281254554,0.2821745074345059,0.16451242184029868,0.3261649740788166,0.4783291003742455,2.606622053610668,2.8709551298069798,0.027112044130452345,dengesiz,10,20.48,20,overhang_radyal,3,20.48.csv,dengesiz_10g_20.48
0.03378149496959231,0.00016946672637429348,0.020747920890863934,0.6141800683754686,0.18801710380562664,0.16511014039674551,0.3035962298107438,0.3644634341676293,2.5238838647007564,2.902930733713504,0.02791176129533182,dengesiz,10,20.48,20,overhang_radyal,4,20.48.csv,dengesiz_10g_20.48
0.03505622021772596,0.00016177241822497534,0.01904376426910557,0.5432349566007396,0.4166123899569085,0.2429763691613119,0.47565717932331353,0.5567773091896498,2.5101709864051798,2.9696526027746586,0.027007099185790102,dengesiz,10,20.48,20,overhang_radyal,5,20.48.csv,dengesiz_10g_20.48
0.03739081263407323,0.00018047146054033238,0.02233221116842034,0.5972646646217136,0.33193706176158433,0.1372466626368179,0.4276529620005141,0.4641347979136806,2.4523055587614264,2.7363201458839628,0.026082179495738492,dengesiz,10,20.48,20,overhang_radyal,6,20.48.csv,dengesiz_10g_20.48
0.34582012620598085,0.0021102033339418665,0.4157349546362461,1.2021710800817293,0.08726218906802935,0.032083381697594865,0.005614342768306536,0.12081233419247818,1.8577555930542053,3.077575343113971,0.14056295937814664,dengesiz,10,30.3104,30,underhang_radyal,0,30.3104.csv,dengesiz_10g_30.3104
0.3488138585076756,0.0021557583374438426,0.4198070255256555,1.2035273693554072,0.07650189426770722,0.05246967909209345,0.00852435500626435,0.1243134707574828,1.8476686350386275,2.8047926639909373,0.1427822137833044,dengesiz,10,30.3104,30,underhang_radyal,1,30.3104.csv,dengesiz_10g_30.3104
0.34689288397293344,0.0021344026009532417,0.4168549345268693,1.2016819997904398,0.053453054020043696,0.054121775556239024,0.004385258508438885,0.08370190370996981,1.8450636752829301,3.397220135807421,0.153036955748588,dengesiz,10,30.3104,30,underhang_radyal,2,30.3104.csv,dengesiz_10g_30.3104
0.3473865122887979,0.0021440685005025832,0.4179137967379646,1.2030225180110943,0.09733684018573228,0.0455626409567717,0.0057981662428119455,0.1221734775151019,1.843630293794118,2.636356386010148,0.14978450621520475,dengesiz,10,30.3104,30,underhang_radyal,3,30.3104.csv,dengesiz_10g_30.3104
0.3465035384530171,0.002128189737994101,0.4130668559658257,1.1920999647183745,0.07238158436893052,0.054653021927544516,0.006279989568643264,0.11995796455044394,1.8800191046274457,3.099637342119393,0.14374296980737838,dengesiz,10,30.3104,30,underhang_radyal,4,30.3104.csv,dengesiz_10g_30.3104
0.34770963602952437,0.0021334537502049515,0.4132578412618062,1.1885142039190641,0.06454450935837092,0.0587253688794239,0.007592767230281614,0.12287278467266886,1.819208488374942,2.459154544332432,0.1535923584932083,dengesiz,10,30.3104,30,underhang_radyal,5,30.3104.csv,dengesiz_10g_30.3104
0.34683687554560105,0.002141172645431213,0.41697486917935495,1.2022218471499584,0.08650292600706644,0.05367639142591826,0.00420593407128413,0.10711634493670066,1.8508350226067427,2.9842990558270515,0.14400396517906008,dengesiz,10,30.3104,30,underhang_radyal,6,30.3104.csv,dengesiz_10g_30.3104
0.02997698521651798,0.00010598263692140876,0.01054947806156503,0.3519192468827758,0.08644400576164714,0.4268149607361404,0.783518896314142,0.713044069361685,2.591726502922957,3.2398572454788677,0.024177632962481113,dengesiz,10,30.3104,30,overhang_radyal,0,30.3104.csv,dengesiz_10g_30.3104
0.027824762012431274,9.383150616754561e-05,0.012149722616465417,0.436651447750052,0.15164832224658692,0.2796653829565408,0.6166174323583264,0.6038499409741384,2.443448216190128,2.9837467408947993,0.02358101377414467,dengesiz,10,30.3104,30,overhang_radyal,1,30.3104.csv,dengesiz_10g_30.3104
0.033038896928838546,0.00010610713437219163,0.011600932119699037,0.3511295230084344,0.19336608002606928,0.2795083320059949,0.7398616996132921,0.5691477201692662,2.538634020533353,2.8465084681172272,0.024043426314705196,dengesiz,10,30.3104,30,overhang_radyal,2,30.3104.csv,dengesiz_10g_30.3104
0.029473040599553437,0.00011083935390245175,0.011277476534279985,0.38263702368286423,0.416039050578945,0.2214270803559371,0.7163138618459224,0.6312621796730997,2.473015854053253,2.8909298818562226,0.0235955346259822,dengesiz,10,30.3104,30,overhang_radyal,3,30.3104.csv,dengesiz_10g_30.3104
0.03270599199433884,9.170620589952584e-05,0.011059694550577473,0.338154994722486,0.5784197660539869,0.24479949637184728,0.5268738480003733,0.7550025243159277,2.806098873946473,3.4843422475989696,0.023979411170099062,dengesiz,10,30.3104,30,overhang_radyal,4,30.3104.csv,dengesiz_10g_30.3104
0.031934354881048205,0.00010099218843424915,0.013525179436045729,0.42353069244711333,0.3789972450766067,0.28369124654983735,0.4831080014972694,0.6114664121763466,3.155389448798904,3.432595482324602,0.024160069665224708,dengesiz,10,30.3104,30,overhang_radyal,5,30.3104.csv,dengesiz_10g_30.3104
0.03214585182866176,9.830443041517031e-05,0.011312508481330993,0.35191192136624816,0.5560877107018563,0.24662206056845418,0.629121316817026,0.7937057813158992,2.5190195195370455,2.9814195129912062,0.0235592856426052,dengesiz,10,30.3104,30,overhang_radyal,6,30.3104.csv,dengesiz_10g_30.3104
0.36777995420851095,0.0009598771833004953,0.26764150899509354,0.7277218508832264,0.041196425671442265,0.03496021147002479,0.02742446504616593,0.1835656054660789,9.148269423138341,7.113192152508819,0.43451870448569463,dengesiz,10,40.5504,40,underhang_radyal,0,40.5504.csv,dengesiz_10g_40.5504
0.3575754807772885,0.0009783432330890977,0.272724381122972,0.7627043681221317,0.0657321748623451,0.035187831264456015,0.028325389495741104,0.1825938400938755,8.458665985434987,7.474889893973789,0.4534689780051321,dengesiz,10,40.5504,40,underhang_radyal,1,40.5504.csv,dengesiz_10g_40.5504
0.36311770799993254,0.0009758035615725233,0.2722106747150978,0.7496485814853148,0.08794507291142611,0.022398728157161023,0.032853747082369975,0.16358050565075968,7.881301447879773,7.350517912544349,0.4247959954653381,dengesiz,10,40.5504,40,underhang_radyal,2,40.5504.csv,dengesiz_10g_40.5504
0.3720086917594194,0.000954839406339075,0.2678473337799593,0.7200028916325912,0.0773189098051487,0.044876184819216056,0.034129670848566225,0.17477187111356657,8.654514584578209,7.738381017104932,0.40881227056337666,dengesiz,10,40.5504,40,underhang_radyal,3,40.5504.csv,dengesiz_10g_40.5504
0.3789546903479498,0.0009556978994009047,0.26809178484955015,0.7074507630521352,0.058409173365944096,0.061789983020587975,0.03672232488444556,0.18440208954464374,8.506894997348862,6.904779893795145,0.4108198623627228,dengesiz,10,40.5504,40,underhang_radyal,4,40.5504.csv,dengesiz_10g_40.5504
0.37586133517441483,0.0009718516409295257,0.27205548801044915,0.7238187665232462,0.047994438691959664,0.05188980484698837,0.03969360404486936,0.1378958008356088,8.875252944040936,7.654675393958538,0.389076551022386,dengesiz,10,40.5504,40,underhang_radyal,5,40.5504.csv,dengesiz_10g_40.5504
0.36102991465931333,0.0009794652647911488,0.2742335844515481,0.7595868744272054,0.056372824119187794,0.030126703918753217,0.030956786082806772,0.14025589909625022,8.686175973615194,7.607074578862714,0.3925760721463277,dengesiz,10,40.5504,40,underhang_radyal,6,40.5504.csv,dengesiz_10g_40.5504
0.027688553755176804,7.745790726516515e-05,0.004738194595241576,0.17112466895041684,0.7353030561191541,0.8519191318579449,1.4695620568291086,1.5619282745285619,2.405294285308435,2.975119660535229,0.021617922677691193,dengesiz,10,40.5504,40,overhang_radyal,0,40.5504.csv,dengesiz_10g_40.5504
0.029387523578303872,8.423223321045392e-05,0.0038628705764839526,0.13144593711885186,1.0789537458945515,1.2146537105340365,1.6083503632865492,2.102200518432616,2.4903910180833444,3.0806833136867238,0.021308177983257275,dengesiz,10,40.5504,40,overhang_radyal,1,40.5504.csv,dengesiz_10g_40.5504
0.02660443880380259,7.705965885342838e-05,0.004074684370497579,0.15315806510310692,1.0016682542513329,1.0170124781152745,1.4087544337668456,1.86949443036133,2.3259609296045984,2.866651936368134,0.02160871321619955,dengesiz,10,40.5504,40,overhang_radyal,2,40.5504.csv,dengesiz_10g_40.5504
0.02836447390590819,7.911853191804177e-05,0.004684266845289881,0.16514555710300075,0.8365026500309649,0.8911538292306089,1.2100040054481271,1.5720532214029368,2.396600057046305,2.882020554250173,0.021471702086704413,dengesiz,10,40.5504,40,overhang_radyal,3,40.5504.csv,dengesiz_10g_40.5504
0.028710354023449406,8.385439530612989e-05,0.005643444849900245,0.19656479488530001,0.6732320582745107,0.7264912982041588,1.085945291574971,1.2991561958054287,2.397499967119567,2.7852283502815385,0.021394399691508522,dengesiz,10,40.5504,40,overhang_radyal,4,40.5504.csv,dengesiz_10g_40.5504
0.028849899134134757,8.034011364082543e-05,0.00740424543004639,0.25664718602184483,0.5426249943993617,0.644673042800436,0.7164150248225902,1.0946621948824777,2.4759823428934045,2.996533100234171,0.02158040662923041,dengesiz,10,40.5504,40,overhang_radyal,5,40.5504.csv,dengesiz_10g_40.5504
0.02930089553305948,9.23061446046217e-05,0.007168540112489014,0.24465259446272808,0.6254847486248847,0.5438724287191699,0.8549051683107719,1.1975071415930765,2.456929494242793,2.861853131740308,0.02178147481426757,dengesiz,10,40.5504,40,overhang_radyal,6,40.5504.csv,dengesiz_10g_40.5504
0.7890987280419641,0.0028619004889742033,1.0074509446891613,1.2767108967311738,0.017500945212137655,0.035593380545093416,0.005000469855679135,0.060651122412335445,2.454060048663849,3.6970793679040224,0.4264080271005354,dengesiz,10,49.9712,50,underhang_radyal,0,49.9712.csv,dengesiz_10g_49.9712
0.7932119476420182,0.00288086213718103,1.014553253211939,1.2790443414608457,0.026598787782937054,0.014643763863775392,0.004997849942502248,0.0410260593012134,2.5534564975311973,3.8751656799415093,0.3491597787390795,dengesiz,10,49.9712,50,underhang_radyal,1,49.9712.csv,dengesiz_10g_49.9712
0.7858719081532543,0.0028661401969407524,1.0088921703924916,1.283787039496088,0.03791741419543448,0.00913616654248486,0.00520876733334271,0.056257837392685264,2.374815163960694,3.5229240438717806,0.3787331286548513,dengesiz,10,49.9712,50,underhang_radyal,2,49.9712.csv,dengesiz_10g_49.9712
0.7840006562443251,0.0028814209961976704,1.016412420874476,1.296443329195921,0.03572717452908304,0.016440267927395107,0.003047249689553468,0.07824689799588393,2.202804413417733,3.5083551739453718,0.40670768770260135,dengesiz,10,49.9712,50,underhang_radyal,3,49.9712.csv,dengesiz_10g_49.9712
0.7889337089418604,0.0028722185596451524,1.0129556886684077,1.283955390910762,0.018662204405521556,0.033560602346825834,0.0028314557795924185,0.07813833305381292,2.378471434520934,3.207524171244308,0.41493770726875323,dengesiz,10,49.9712,50,underhang_radyal,4,49.9712.csv,dengesiz_10g_49.9712
0.7955991994369715,0.0028668667970464636,1.0121587157422194,1.2721967498926974,0.03340277155073809,0.022739792019675905,0.0026028009667047386,0.05893874199357266,2.583667811304577,3.854590153222226,0.37418409673117975,dengesiz,10,49.9712,50,underhang_radyal,5,49.9712.csv,dengesiz_10g_49.9712
0.7931386405855649,0.002874054347521944,1.0146990833596392,1.2793464237339633,0.0388834123585534,0.02026040062683527,0.002296656812014302,0.05779924830588185,2.5588134623163006,4.326862753598167,0.4231330610684549,dengesiz,10,49.9712,50,underhang_radyal,6,49.9712.csv,dengesiz_10g_49.9712
0.02630166216395093,8.029630527816578e-05,0.005582582892170889,0.21225209483566893,0.5137361732129162,0.4566332044218805,0.7800008202217041,1.0580212143832524,2.2835359847091032,2.6349835600032097,0.01959402104342642,dengesiz,10,49.9712,50,overhang_radyal,0,49.9712.csv,dengesiz_10g_49.9712
0.026429690137868656,7.368089869577864e-05,0.003905698976818708,0.1477769491922577,0.8317362630551894,0.7177352459626075,1.1131287789314248,1.6963571932425745,2.2018678642860015,2.525030957942741,0.019582177402623618,dengesiz,10,49.9712,50,overhang_radyal,1,49.9712.csv,dengesiz_10g_49.9712
0.02607543113112663,8.037595038601833e-05,0.004275899800882884,0.16398194067114377,0.7855057501054558,0.627498771776898,1.3423119110667732,1.5353966691016845,2.2415701188396584,3.0010363158137516,0.019407080487256704,dengesiz,10,49.9712,50,overhang_radyal,2,49.9712.csv,dengesiz_10g_49.9712
0.025435272580535996,7.442318377894249e-05,0.0050522745045541865,0.19863260707580307,0.5641750941231249,0.5612447296558526,1.043573535222089,1.2373279887655606,2.232641890148703,2.6450673107706173,0.019338898621225238,dengesiz,10,49.9712,50,overhang_radyal,3,49.9712.csv,dengesiz_10g_49.9712
0.026067774426722073,7.29124100245386e-05,0.006617103256607511,0.25384227851728214,0.4493282344183809,0.4627204430798578,0.5714476183068925,1.0783512332782512,2.370964922301271,2.793726573276237,0.019184888724343607,dengesiz,10,49.9712,50,overhang_radyal,4,49.9712.csv,dengesiz_10g_49.9712
0.02514296149256108,9.151463049806709e-05,0.008883672125567703,0.3533264022156954,0.33417916536174075,0.36098785103797315,0.4726553821600717,0.7583631126071306,2.1506646997582726,2.6493486159111366,0.019265395132814965,dengesiz,10,49.9712,50,overhang_radyal,5,49.9712.csv,dengesiz_10g_49.9712
0.025692035019477547,0.00010538112103276336,0.008648604782930903,0.3366259144531615,0.36831061128176046,0.4375095797064928,0.4829314344406203,0.7510079606763329,2.1558639496389445,2.457238965982924,0.019395209394095843,dengesiz,10,49.9712,50,overhang_radyal,6,49.9712.csv,dengesiz_10g_49.9712
0.1456307039116131,0.0010906706226352803,0.13300610224193488,0.9133108518224721,0.20951360621219234,0.10168141183893349,0.041860517872435436,0.2697836489702885,2.5885623682748045,3.110845611583461,0.11122138392743812,dengesiz,15,19.6608,20,underhang_radyal,0,19.6608.csv,dengesiz_15g_19.6608
0.14647271859721933,0.001062275787707094,0.1307343367780155,0.8925507632354741,0.2430805491868546,0.21158421318752463,0.04510552481594586,0.3369768081207449,2.5479901574777006,3.3168215406341823,0.11126487569458653,dengesiz,15,19.6608,20,underhang_radyal,1,19.6608.csv,dengesiz_15g_19.6608
0.14842326080238563,0.001046503738412783,0.12959645854306528,0.8731546379023435,0.25959482855698396,0.20848743150767798,0.038018089411666824,0.3580880492692363,2.6312019273299505,3.214774328480002,0.12182879417822579,dengesiz,15,19.6608,20,underhang_radyal,2,19.6608.csv,dengesiz_15g_19.6608
0.14650034588026106,0.0010392545115747679,0.12824833448799677,0.8754131856585676,0.23741937743070343,0.15560357394164145,0.03263243834437143,0.3064585724735799,2.570870884319575,3.0317977498497704,0.12390784130091864,dengesiz,15,19.6608,20,underhang_radyal,3,19.6608.csv,dengesiz_15g_19.6608
0.14795363731943872,0.0010512030890885307,0.12956630747534512,0.8757223534473151,0.23686567825037227,0.2754297808832206,0.025830476183050868,0.3943339702753912,2.576317901722893,3.5883416481429258,0.1216021385882245,dengesiz,15,19.6608,20,underhang_radyal,4,19.6608.csv,dengesiz_15g_19.6608
0.1473295721981046,0.001051204029041759,0.12879338528366804,0.8741855647935614,0.20737466156828074,0.10946505213015494,0.0428686044104214,0.2681846464310024,2.6680549543353957,3.3900164188461464,0.13054578866178781,dengesiz,15,19.6608,20,underhang_radyal,5,19.6608.csv,dengesiz_15g_19.6608
0.15119713322029738,0.0010878139209888446,0.13385168461819053,0.8852792494569361,0.21655923358165016,0.25373369447403776,0.02835817434347699,0.36385792106575715,2.633686342673693,3.8807600353927167,0.11762698721137625,dengesiz,15,19.6608,20,underhang_radyal,6,19.6608.csv,dengesiz_15g_19.6608
0.0310841341165183,0.00015973953317968286,0.016333733664034546,0.5254685107933964,0.20851399515878452,0.4120685206277936,0.39958865779838226,0.49185525117276063,2.5239146459402253,2.6312487521405252,0.02689776737591283,dengesiz,15,19.6608,20,overhang_radyal,0,19.6608.csv,dengesiz_15g_19.6608
0.031511465188587315,0.00015617563525272771,0.01576628299078633,0.5003348113434015,0.2330561396316428,0.48487395108027315,0.5181290337166073,0.6157662246236405,2.4913218115434503,2.6697106512589577,0.027050992761524444,dengesiz,15,19.6608,20,overhang_radyal,1,19.6608.csv,dengesiz_15g_19.6608
0.03145948217493882,0.00015189296653026057,0.012800506775190746,0.4068886672578791,0.5310078822163102,0.45654367355773995,0.5750531086544871,0.8446764688541212,2.5464174217147626,3.025186944151274,0.02743794366832471,dengesiz,15,19.6608,20,overhang_radyal,2,19.6608.csv,dengesiz_15g_19.6608
0.03204055073590771,0.00014848725167881436,0.014459701785592456,0.4512937965493906,0.3806054820491538,0.4554519386001658,0.3037186211265856,0.6385689210027591,2.463261486686702,2.966144617359213,0.026827845217997203,dengesiz,15,19.6608,20,overhang_radyal,3,19.6608.csv,dengesiz_15g_19.6608
0.03041291288783738,0.0001541632045815568,0.016238115307711628,0.5339217380151572,0.17167731450373466,0.37997176842246133,0.3763415647859121,0.48877051612369377,2.39487521405792,2.707531175835474,0.026774200138098624,dengesiz,15,19.6608,20,overhang_radyal,4,19.6608.csv,dengesiz_15g_19.6608
0.032965501944705655,0.00012099705910627591,0.010395047678614886,0.31533109053626973,0.406178805003739,0.5700375908883695,0.6138587373607367,0.8564241397740007,2.5315633817770915,2.839859545086475,0.026808509708035128,dengesiz,15,19.6608,20,overhang_radyal,5,19.6608.csv,dengesiz_15g_19.6608
0.030967309877875496,0.00017403299366611786,0.01670089564614828,0.539307279562597,0.35121891817061685,0.3998397089009543,0.3078044476314025,0.5448971185413911,2.6532642950350764,3.01660492182673,0.026485870088436034,dengesiz,15,19.6608,20,overhang_radyal,6,19.6608.csv,dengesiz_15g_19.6608
0.44070699822763326,0.0027432410442593718,0.5779209043567431,1.3113495058613185,0.06584797960545469,0.02844943526568727,0.006845988789532478,0.09169917732300048,1.8168752467396296,2.745674672337576,0.20245744613629973,dengesiz,15,29.696,30,underhang_radyal,0,29.696.csv,dengesiz_15g_29.696
0.43695076280313394,0.002767636857649312,0.5808443807901275,1.3293131177127497,0.028479071335785908,0.024186727276467115,0.005577500679984983,0.061690344718580106,1.7380775730188067,2.5756870430162047,0.18275603504063445,dengesiz,15,29.696,30,underhang_radyal,1,29.696.csv,dengesiz_15g_29.696
0.43857903228418144,0.0027624477709247146,0.5796462918185645,1.321646155308345,0.03968952296107477,0.026730448072686853,0.006450817205921088,0.10542512899631508,1.8054321284467247,3.0182762603148316,0.18213571995185476,dengesiz,15,29.696,30,underhang_radyal,2,29.696.csv,dengesiz_15g_29.696
0.4388280333715139,0.002784619345632108,0.5837330424922944,1.3302090980973704,0.06414643005019066,0.02593503316814885,0.005742825602356494,0.0839572568158881,1.79795970569343,2.5029268552099833,0.19479853127955765,dengesiz,15,29.696,30,underhang_radyal,3,29.696.csv,dengesiz_15g_29.696
0.438984018498933,0.0027704412895756363,0.5819276298228849,1.3256237250080525,0.03672884351765966,0.02399254757572375,0.004188476633796,0.08916117985287446,1.8099815399886718,3.129913180928981,0.20235462395317735,dengesiz,15,29.696,30,underhang_radyal,4,29.696.csv,dengesiz_15g_29.696
0.43773268380164787,0.002741271728857203,0.5775863649561958,1.3194956335876464,0.03772347689281759,0.019295893081684765,0.0020057189904418024,0.087432881721495,1.7678373434903234,2.550496751406821,0.1923511461197508,dengesiz,15,29.696,30,underhang_radyal,5,29.696.csv,dengesiz_15g_29.696
0.4398165834950246,0.002782263447228381,0.5842521414552635,1.3283995269372202,0.061788242016766116,0.026220601473902094,0.004751926553430205,0.07854159207909893,1.7865673117062308,2.5517229549349993,0.19584845553736482,dengesiz,15,29.696,30,underhang_radyal,6,29.696.csv,dengesiz_15g_29.696
0.03054589436200541,0.00011441043115722537,0.00900870595932632,0.29492362712538217,0.44951060146558136,0.22830496261233105,1.0085112387418829,0.7323307331979461,2.3381833655703677,2.498963926553864,0.024127935840447368,dengesiz,15,29.696,30,overhang_radyal,0,29.696.csv,dengesiz_15g_29.696
0.029008585579071114,9.604324323309666e-05,0.009537332719889413,0.32877620639461846,0.3996051588794258,0.2544281370957715,0.8498435884640256,0.6497607555653393,2.4568218192810667,2.7870552897842367,0.02398196553238792,dengesiz,15,29.696,30,overhang_radyal,1,29.696.csv,dengesiz_15g_29.696
0.027937144132227122,0.00010181909473893167,0.011532473161467856,0.41280071815757563,0.41842032577242944,0.1867771450145532,0.560824546632423,0.5598523623975844,2.4521847849242713,3.0423764377269698,0.023872929589439658,dengesiz,15,29.696,30,overhang_radyal,2,29.696.csv,dengesiz_15g_29.696
0.029045651030886802,8.884669325336679e-05,0.008429055887011809,0.29020027396728865,0.712035997666022,0.25405414428386713,0.9020092755074127,0.8664099337803645,2.4112569329289544,2.5525878350887754,0.023852778574816366,dengesiz,15,29.696,30,overhang_radyal,3,29.696.csv,dengesiz_15g_29.696
0.026857441343784146,9.130926591709889e-05,0.009573717972247594,0.3564642606622265,0.3928033937593695,0.23212768207059348,0.7603153352566691,0.622626960876999,2.3827034849879465,2.87252770474474,0.02374826001158739,dengesiz,15,29.696,30,overhang_radyal,4,29.696.csv,dengesiz_15g_29.696
0.029148194471975416,9.406862556249328e-05,0.010473154562433563,0.3593071458386107,0.20274092250249307,0.21188480352703531,0.6917617004471831,0.7152872297230105,2.469781344255831,2.92415319756815,0.02371684597393537,dengesiz,15,29.696,30,overhang_radyal,5,29.696.csv,dengesiz_15g_29.696
0.02759693394167179,9.053567009257878e-05,0.006071045416841952,0.21998985211377384,0.7159621660223969,0.33429563750755187,1.2372924015381255,1.1372943828930606,2.373448346821467,2.7232644594755957,0.024021750551098463,dengesiz,15,29.696,30,overhang_radyal,6,29.696.csv,dengesiz_15g_29.696
0.7121740857217782,0.002890856176630024,0.7845908525028471,1.101684080103215,0.12332318737362907,0.023873894502147875,0.012644000262617531,0.15292049496887453,4.963452746399922,6.584291189148224,0.6474393078381516,dengesiz,15,40.1408,40,underhang_radyal,0,40.1408.csv,dengesiz_15g_40.1408
0.7215264187602703,0.0029288771341239414,0.799324719696836,1.107824604772104,0.1272305453329018,0.023959862053053095,0.01627570753955463,0.15111956026130466,4.771643402344474,5.983050285147153,0.4919063065463836,dengesiz,15,40.1408,40,underhang_radyal,1,40.1408.csv,dengesiz_15g_40.1408
0.7203304491095435,0.002905206939787697,0.7935828271796028,1.1016927413793358,0.12394126099308335,0.031039943927766375,0.01444854863318349,0.14151785344314016,5.090563243005857,5.905904146471328,0.48037228211132504,dengesiz,15,40.1408,40,underhang_radyal,2,40.1408.csv,dengesiz_15g_40.1408
0.7055163378486913,0.002934072876572338,0.8001929519852324,1.134194786224372,0.11359446926266258,0.028320222490974427,0.011993034485268006,0.1291879543463265,4.136217286646065,6.051355645797248,0.5673819771715914,dengesiz,15,40.1408,40,underhang_radyal,3,40.1408.csv,dengesiz_15g_40.1408
0.7014140648596916,0.002904316497223943,0.7903827153026988,1.1268418397907052,0.1133150794022603,0.02054707018351859,0.01077638215774824,0.1367827185674418,4.442571808522392,6.0693448976107165,0.6991449054445923,dengesiz,15,40.1408,40,underhang_radyal,4,40.1408.csv,dengesiz_15g_40.1408
0.7053475433732401,0.002938454430416874,0.803421627722519,1.1390436321350357,0.11440763242240942,0.012793782705996327,0.012498447009767759,0.1417928853396811,3.9336920797487007,5.855989504529398,0.6584591131569539,dengesiz,15,40.1408,40,underhang_radyal,5,40.1408.csv,dengesiz_15g_40.1408
0.705121929334401,0.0029127736344719433,0.7935071939961547,1.1253474909567194,0.12269898729331552,0.031165236202314667,0.013272594328428323,0.1514131893114382,4.443768974002424,5.481293124170105,0.5781030418740747,dengesiz,15,40.1408,40,underhang_radyal,6,40.1408.csv,dengesiz_15g_40.1408
0.037197938192896664,9.724301120971467e-05,0.008311790079058676,0.22344760173891712,0.36169433518353794,0.3835751176614137,0.9812268728197849,1.1158066089740053,2.653586244114341,3.0399703670717124,0.022301738141001254,dengesiz,15,40.1408,40,overhang_radyal,0,40.1408.csv,dengesiz_15g_40.1408
0.027149480295300687,8.284471513708355e-05,0.004670816164832174,0.1720407209956283,0.6085545861440373,1.0706715358628986,1.2537331563270424,1.6511199418806235,2.558897116900074,3.4556905153608986,0.022022066233623457,dengesiz,15,40.1408,40,overhang_radyal,1,40.1408.csv,dengesiz_15g_40.1408
0.032606439308378365,8.775491150091239e-05,0.012012081369430591,0.36839598630984643,0.2546345348725955,0.305654582700379,0.537281083220074,0.7166876490973175,2.491701357085872,2.990017413886797,0.021963139833946987,dengesiz,15,40.1408,40,overhang_radyal,2,40.1408.csv,dengesiz_15g_40.1408
0.027383827301074366,8.64748503156448e-05,0.006500138810255021,0.2373714506212441,0.3517406624095037,0.5291733621114382,0.831144077841323,1.1642922052403357,2.4345972635192705,3.09324057621481,0.021710907156189247,dengesiz,15,40.1408,40,overhang_radyal,3,40.1408.csv,dengesiz_15g_40.1408
0.03843812707675214,0.00011127364500968034,0.014935983532533583,0.3885720941168978,0.23195595789076343,0.21000283924961297,0.4257820249176492,0.49165968339708177,2.5026595370433147,2.9894388073313456,0.02247759924178583,dengesiz,15,40.1408,40,overhang_radyal,4,40.1408.csv,dengesiz_15g_40.1408
0.027012658262097332,8.769355497019682e-05,0.004137267976807324,0.1531603419593602,0.6486431830068267,0.8314262358076058,1.4622836146962184,1.693119400960305,2.3183343357916897,2.616961216708422,0.02169211395686226,dengesiz,15,40.1408,40,overhang_radyal,5,40.1408.csv,dengesiz_15g_40.1408
0.03516872200343588,9.504376803415849e-05,0.011005083707058293,0.3129224799715556,0.27057382115827866,0.4844086913869791,0.5861701985038932,0.8750539037608892,2.8694872139603493,3.3549210024320653,0.021974757059240253,dengesiz,15,40.1408,40,overhang_radyal,6,40.1408.csv,dengesiz_15g_40.1408
1.0330701218151273,0.003959356103939721,1.3212230573477186,1.2789287285020121,0.037269751407053256,0.017563133209189143,0.004194333011872666,0.05942606251512942,1.9073765451225513,2.589214845916956,0.4062227500635372,dengesiz,15,49.5616,50,underhang_radyal,0,49.5616.csv,dengesiz_15g_49.5616
1.0362800928755203,0.0039633341245743125,1.3264752811089386,1.2800354751840215,0.042615970044779,0.006045399424061757,0.004616589541977116,0.06138734205395884,1.8925366612328034,3.088551145798114,0.41263840065047674,dengesiz,15,49.5616,50,underhang_radyal,1,49.5616.csv,dengesiz_15g_49.5616
1.0424363727060426,0.003963197744606525,1.324714654227196,1.2707870608803884,0.03354929879591305,0.018598848608432837,0.002799860360526441,0.058009052638254226,2.0920266895791007,3.208048870399583,0.34577927847766987,dengesiz,15,49.5616,50,underhang_radyal,2,49.5616.csv,dengesiz_15g_49.5616
1.041012815698325,0.0039650457500066795,1.325623147995099,1.2733975297936946,0.03389493145091045,0.01690911958242955,0.0023289061673748396,0.05257204585233357,1.9188200348751443,2.6233473918428096,0.3877585807926021,dengesiz,15,49.5616,50,underhang_radyal,3,49.5616.csv,dengesiz_15g_49.5616
1.0325049846502534,0.0039633634364472595,1.3279494608552973,1.2861433897133536,0.04274336312877225,0.007948835183003983,0.0029830711559361654,0.05982533903619776,1.93108574815252,3.3268612934050528,0.4429154004600851,dengesiz,15,49.5616,50,underhang_radyal,4,49.5616.csv,dengesiz_15g_49.5616
1.0423959714860742,0.003970113689711727,1.3242809556989772,1.2704202547998797,0.035767967750284055,0.018063783009978244,0.004200147514689778,0.06496733528869492,2.0540683704680416,3.1167357516129273,0.34311710836291565,dengesiz,15,49.5616,50,underhang_radyal,5,49.5616.csv,dengesiz_15g_49.5616
1.0410501971107688,0.00396765674768604,1.3256230911299147,1.2733517507682615,0.031669152780498665,0.017158407148353746,0.0033717519528002177,0.05144701493317449,1.9528050993931894,2.8648763524598593,0.35080846431563734,dengesiz,15,49.5616,50,underhang_radyal,6,49.5616.csv,dengesiz_15g_49.5616
0.025478493405590854,9.728890109963452e-05,0.006329673137743246,0.24843200250238764,0.4939580724980674,0.5803934694007467,1.1024807793902787,1.0149756851586664,2.2035837112838994,2.5242895701357733,0.019222164027519598,dengesiz,15,49.5616,50,overhang_radyal,0,49.5616.csv,dengesiz_15g_49.5616
0.025527020292994425,7.27338175403064e-05,0.008502964843684034,0.33309664605408223,0.36886994853005295,0.4761734050279104,0.7415604911268233,0.8047630255704701,2.191935452187809,2.7175196794489302,0.019578650724585818,dengesiz,15,49.5616,50,overhang_radyal,1,49.5616.csv,dengesiz_15g_49.5616
0.0257030678485797,9.62276261648247e-05,0.009756708921563727,0.37959316680258737,0.3127540909988377,0.3044913123026342,0.5959254622651328,0.6372620869198328,2.293272933477166,2.726410052162827,0.01950325626232798,dengesiz,15,49.5616,50,overhang_radyal,2,49.5616.csv,dengesiz_15g_49.5616
0.0261613590577018,9.79451705252085e-05,0.010680268655568403,0.4082459413367491,0.2786900167398577,0.3311112641881056,0.6315393673904981,0.60081057543978,2.228005964716342,2.900132031610165,0.019383279358207734,dengesiz,15,49.5616,50,overhang_radyal,3,49.5616.csv,dengesiz_15g_49.5616
0.025546299521845707,7.274862083123053e-05,0.009722097550053951,0.38056774294686446,0.3290306524742984,0.37612362052887377,0.622776066958842,0.6675050408528623,2.168265820552417,2.400457081964651,0.019440395609369582,dengesiz,15,49.5616,50,overhang_radyal,4,49.5616.csv,dengesiz_15g_49.5616
0.025536713005621246,9.92408083759934e-05,0.00873352483508463,0.3419987855453508,0.32974299982485256,0.3976008156755241,0.7039131852324005,0.7340661099757706,2.179985961331328,2.4893173567873497,0.019596401439687203,dengesiz,15,49.5616,50,overhang_radyal,5,49.5616.csv,dengesiz_15g_49.5616
0.025291770306763026,9.101590283076027e-05,0.006669484330687934,0.2637017594865952,0.44180599745370785,0.4654430413719658,0.9055948813986614,0.9036267965298987,2.1768766916907087,2.6909788136190786,0.01927205093465372,dengesiz,15,49.5616,50,overhang_radyal,6,49.5616.csv,dengesiz_15g_49.5616
0.18186840069807036,0.0014830018920179461,0.1789003158390632,0.983680040905411,0.2354329800981321,0.11797808451547542,0.05009692290930967,0.2868572077859804,2.3599445729837125,3.603278972717917,0.12466448842863884,dengesiz,20,19.456,20,underhang_radyal,0,19.456.csv,dengesiz_20g_19.456
0.18069297951953478,0.0014740708131282738,0.17802989569598232,0.9852618301407232,0.2359768912127325,0.09021265783206343,0.07017276318971827,0.27703281282694986,2.383642403973999,3.2308129985122904,0.1261745436707548,dengesiz,20,19.456,20,underhang_radyal,1,19.456.csv,dengesiz_20g_19.456
0.1822080687529639,0.0015082975788170098,0.18084562692187398,0.9925226042874664,0.23304414199343915,0.07297487440730449,0.05270740294439009,0.2769673283429086,2.364077894334927,3.1559192251441943,0.13160612679084016,dengesiz,20,19.456,20,underhang_radyal,2,19.456.csv,dengesiz_20g_19.456
0.18447426200798792,0.0015025105137346493,0.1802129629604386,0.9769003057546223,0.23628528881759436,0.0429810032466656,0.042856300460389914,0.27798308355184087,2.371226176077764,3.137666148596861,0.12629772678611598,dengesiz,20,19.456,20,underhang_radyal,3,19.456.csv,dengesiz_20g_19.456
0.18290602321558055,0.001508779536637951,0.18040584932502066,0.9863308279979417,0.2428014326935877,0.041804334307139146,0.05019103996736383,0.2732508149484739,2.262350763788811,2.986625977733999,0.1339777254818254,dengesiz,20,19.456,20,underhang_radyal,4,19.456.csv,dengesiz_20g_19.456
0.1834763605112363,0.0014930513087547165,0.17858511518801584,0.9733412778051357,0.2474591095345006,0.0778074807905567,0.06440371353473329,0.28267447487285596,2.2980238882964956,3.0430795102359394,0.12438487482152707,dengesiz,20,19.456,20,underhang_radyal,5,19.456.csv,dengesiz_20g_19.456
0.1799163576328123,0.0014724861991334652,0.17646322553225852,0.9808070141760983,0.23839735890867217,0.10766840714007933,0.06469901626723104,0.2896058595557537,2.324282157621033,3.167567204033768,0.12623746572790068,dengesiz,20,19.456,20,underhang_radyal,6,19.456.csv,dengesiz_20g_19.456
0.03216857062258266,0.00018064969002605096,0.016300667645257148,0.5067265137763749,0.35232081931915954,0.15683676118773265,0.4600050529117697,0.5524999880316311,2.6639870356553224,3.2951954050671066,0.027124121088232287,dengesiz,20,19.456,20,overhang_radyal,0,19.456.csv,dengesiz_20g_19.456
0.030808288103312244,0.000166630604409938,0.014693365627430705,0.4769289866960856,0.47966745878499945,0.38292672662221955,0.6889544942401822,0.6554623539123807,2.5947149425678933,3.015678140833384,0.026344161605417603,dengesiz,20,19.456,20,overhang_radyal,1,19.456.csv,dengesiz_20g_19.456
0.03278805255030275,0.00017838155995416802,0.016604874304243126,0.506430635923309,0.38384909399365214,0.2701719834992817,0.619097462929875,0.590812850879629,2.672575266111327,3.1741984070408695,0.0272574584928866,dengesiz,20,19.456,20,overhang_radyal,2,19.456.csv,dengesiz_20g_19.456
0.030940454866652343,0.00017039450607079197,0.014431369309267085,0.4664239543664501,0.49268744021796995,0.331873742610635,0.5665463599175133,0.6421754476464806,2.904620629966737,3.715336521718333,0.027070701499314048,dengesiz,20,19.456,20,overhang_radyal,3,19.456.csv,dengesiz_20g_19.456
0.032042110575674375,0.00015852209883427702,0.01612136897414955,0.5031306828422654,0.3980527385045757,0.2070295748507344,0.32339553071604754,0.5576436842591168,2.622307558992409,3.6426540780206302,0.02687708957808582,dengesiz,20,19.456,20,overhang_radyal,4,19.456.csv,dengesiz_20g_19.456
0.031716513099561215,0.00014832296137517716,0.0125221599521568,0.3948151523609707,0.6180435713332192,0.36844578047549875,0.47352249700318405,0.8321393400322372,2.6394008702436578,3.2150789781730036,0.02809712309145115,dengesiz,20,19.456,20,overhang_radyal,5,19.456.csv,dengesiz_20g_19.456
0.03376041441531068,0.0001918804372657114,0.01837298694277008,0.5442168664225145,0.3610477243599492,0.1889189286032198,0.5337627136416838,0.49040382206121486,2.7997078327880374,3.4292584392656957,0.026892896137009455,dengesiz,20,19.456,20,overhang_radyal,6,19.456.csv,dengesiz_20g_19.456
0.5313428881983302,0.0034578793467083444,0.7150109899820406,1.345667752146159,0.04950278497803091,0.027221884385612335,0.005455144155754591,0.07448318431822161,1.6871279859507236,2.1478729050205665,0.17930837467895067,dengesiz,20,29.4912,30,underhang_radyal,0,29.4912.csv,dengesiz_20g_29.4912
0.5351990094659976,0.0034633775359981904,0.7160632225588811,1.337938243331215,0.028121787593816488,0.025594897399163777,0.008301980041807391,0.07512270400062535,1.6704068982842228,2.3105270636180713,0.1738816960904064,dengesiz,20,29.4912,30,underhang_radyal,1,29.4912.csv,dengesiz_20g_29.4912
0.5297756878581239,0.0034507501138945143,0.714937369254097,1.349509586110359,0.04397407985072798,0.027432287827218065,0.0065981434610609515,0.08700052122778124,1.6681046178045318,2.082638674883562,0.174134200292092,dengesiz,20,29.4912,30,underhang_radyal,2,29.4912.csv,dengesiz_20g_29.4912
0.5318990168496986,0.0034893723803156446,0.7212280552670447,1.3559492167090992,0.03987073612714825,0.026173240155033885,0.0055099028749813735,0.0725620211756669,1.677385111941592,2.2770864830978783,0.17314543853849718,dengesiz,20,29.4912,30,underhang_radyal,3,29.4912.csv,dengesiz_20g_29.4912
0.5295072448206974,0.0034587597505660434,0.7169687931446168,1.3540301859062267,0.020347183192810522,0.02952660969807249,0.006371872307346624,0.055152731626179514,1.6690007312558999,2.2335659769539644,0.1785621281028156,dengesiz,20,29.4912,30,underhang_radyal,4,29.4912.csv,dengesiz_20g_29.4912
0.5335828257827276,0.0034673858111278957,0.7178041729468818,1.3452535169072757,0.05043840095324941,0.02486744269898055,0.009956655010937381,0.07974855572182474,1.6830957517378486,2.5059535214730406,0.17975146388404545,dengesiz,20,29.4912,30,underhang_radyal,5,29.4912.csv,dengesiz_20g_29.4912
0.5310132981269845,0.0034397009416383888,0.7147010637356147,1.3459193324445857,0.027402721617188833,0.027996253744355958,0.006197207357876474,0.07577954180055867,1.6753053151349866,2.073942892530067,0.17375425499880076,dengesiz,20,29.4912,30,underhang_radyal,6,29.4912.csv,dengesiz_20g_29.4912
0.029126325320419425,8.572623850130745e-05,0.008899047972115189,0.3055328083412861,0.6300583367586192,0.41761392810263837,0.6315832614583813,0.9109994584691669,2.4145800177039476,2.9241325387940207,0.023835573705821747,dengesiz,20,29.4912,30,overhang_radyal,0,29.4912.csv,dengesiz_20g_29.4912
0.028605852614009965,7.614540298194753e-05,0.008622929338039606,0.30143934019694324,0.6728877576143045,0.20729833425544597,0.5594480066066709,0.8422766474592367,2.4843453236118043,3.0367436957982674,0.02365749433510511,dengesiz,20,29.4912,30,overhang_radyal,1,29.4912.csv,dengesiz_20g_29.4912
0.028046173245546813,9.326910352946555e-05,0.00830704447540079,0.2961917264924403,0.6850608490475122,0.24429218302243863,0.9707394786336767,0.9820600115410255,2.473727928029139,2.822654633141388,0.023722396667646174,dengesiz,20,29.4912,30,overhang_radyal,2,29.4912.csv,dengesiz_20g_29.4912
0.030753411929310203,7.227033530370406e-05,0.006956864290446716,0.22621438903142035,0.6481845221707341,0.24338987926526776,0.7798626265065284,1.0757361049174237,2.4111985672415077,2.6757795278372933,0.02416620004378504,dengesiz,20,29.4912,30,overhang_radyal,3,29.4912.csv,dengesiz_20g_29.4912
0.029395243988841902,7.499983348285308e-05,0.0075124452893175955,0.255566692758654,0.4282097136067253,0.3237371809100594,0.8003085917584795,0.928290833670583,2.5958049115565225,3.1989094466670913,0.023669437423901245,dengesiz,20,29.4912,30,overhang_radyal,4,29.4912.csv,dengesiz_20g_29.4912
0.029232513510780423,8.5691453171293e-05,0.00816163898367621,0.2791973047540763,0.48420550916272714,0.3676833864241558,0.573333150985991,0.9089176515342708,2.4524943693440298,2.825770178493242,0.024092383210181593,dengesiz,20,29.4912,30,overhang_radyal,5,29.4912.csv,dengesiz_20g_29.4912
0.03009184955077823,8.807690146622269e-05,0.009990494985689716,0.3320000310548989,0.3840180030108494,0.40831263331390516,0.6619325451357875,0.7565799093324818,2.527052703432375,2.994486570754263,0.024159180350864666,dengesiz,20,29.4912,30,overhang_radyal,6,29.4912.csv,dengesiz_20g_29.4912
0.9209071668378849,0.004126945987630472,1.0381294386484412,1.1272899984174678,0.0753292389595139,0.02948461292552995,0.014794306327156247,0.08586592481805462,3.343225686557826,4.871506840992456,0.5574994918082087,dengesiz,20,39.936,40,underhang_radyal,0,39.936.csv,dengesiz_20g_39.936
0.908531196347945,0.0040958261390989575,1.0206526347240295,1.1234095635082864,0.07493553381938572,0.02980281245765016,0.007689346438066689,0.08722189777360635,3.1275561439531376,4.400554095660576,0.5973883655700079,dengesiz,20,39.936,40,underhang_radyal,1,39.936.csv,dengesiz_20g_39.936
0.9098477020007677,0.004111914732748015,1.029392848688505,1.1313902825975428,0.07351703112543807,0.03705725607263783,0.008713646340213007,0.10010506483884361,3.1113751812917627,4.32335449292537,0.630328677212478,dengesiz,20,39.936,40,underhang_radyal,2,39.936.csv,dengesiz_20g_39.936
0.8990456916161357,0.004108871905138694,1.0307507374571774,1.1464942739485695,0.07572104282766637,0.0351175786064088,0.010123965181076024,0.1092961114784004,2.8365904358096987,4.526751604208136,0.5926250235881316,dengesiz,20,39.936,40,underhang_radyal,3,39.936.csv,dengesiz_20g_39.936
0.9066539406973462,0.004127785047842906,1.0326207016888864,1.1389358776663066,0.07517030976930547,0.037883551556841887,0.010360578923994768,0.10817959229906836,3.013190039519694,4.7463364709456215,0.6205376356311887,dengesiz,20,39.936,40,underhang_radyal,4,39.936.csv,dengesiz_20g_39.936
0.9205479662308449,0.004148880412818982,1.0399524063717842,1.1297101775464318,0.0802013012650487,0.03851924475842214,0.011093701774222321,0.10680079314373216,3.318218240726803,5.230978709546384,0.6441079980376492,dengesiz,20,39.936,40,underhang_radyal,5,39.936.csv,dengesiz_20g_39.936
0.9166487957012135,0.004150259945189164,1.034375570015033,1.1284317121942358,0.083222143975166,0.03772173779621133,0.008239793009834231,0.10890031556928746,3.2015037993511495,5.056691418734609,0.5766968858721739,dengesiz,20,39.936,40,underhang_radyal,6,39.936.csv,dengesiz_20g_39.936
0.024536366027039014,7.011498817632216e-05,0.003426009014360479,0.13962984618200577,0.8104693710381833,0.9848325585838019,1.7914848255924019,2.041785874356255,2.083673497824427,2.692026064078109,0.02174143215747851,dengesiz,20,39.936,40,overhang_radyal,0,39.936.csv,dengesiz_20g_39.936
0.024411950976176794,7.066462558182831e-05,0.004089897604766049,0.16753669580074834,0.5892977114289945,0.8930012282281383,1.2468845236818362,1.662155880890291,2.029590009580893,2.415347967236299,0.022123248742941384,dengesiz,20,39.936,40,overhang_radyal,1,39.936.csv,dengesiz_20g_39.936
0.02514613834901057,7.379435760270373e-05,0.006346911637694468,0.2524010466080889,0.4611620203788723,0.7739444291618425,1.0195589298133219,1.21150453288625,2.1635264617350023,2.7842046890294436,0.021963090463393814,dengesiz,20,39.936,40,overhang_radyal,2,39.936.csv,dengesiz_20g_39.936
0.025221839685550418,7.748370912731231e-05,0.005504882591891473,0.21825856719036082,0.4831935871680966,0.7869963986868685,0.9841739958201181,1.4354180033066146,2.146368257154448,2.678636367961391,0.0219073653703463,dengesiz,20,39.936,40,overhang_radyal,3,39.936.csv,dengesiz_20g_39.936
0.02552200129938899,8.982647120004112e-05,0.0050046403255857835,0.19609121818787412,0.6132784830008221,0.8325392852000759,1.7533317689072732,1.5106308334707879,2.271307017353179,2.6757568526618485,0.021876018605559353,dengesiz,20,39.936,40,overhang_radyal,4,39.936.csv,dengesiz_20g_39.936
0.026584259525255116,8.61274827829143e-05,0.00944626744059911,0.35533310345807445,0.4462398486928531,0.38408525656990383,0.7973253868740964,0.9600245646478416,2.3038757883728094,3.092009050558802,0.022736134108741955,dengesiz,20,39.936,40,overhang_radyal,5,39.936.csv,dengesiz_20g_39.936
0.02582883681310456,9.275817844726607e-05,0.00861319669397594,0.33347210933139904,0.2720134209943634,0.35866263309145346,0.7983878773539029,0.8266591363841247,2.2316515436398126,2.654677105546322,0.02247148579209074,dengesiz,20,39.936,40,overhang_radyal,6,39.936.csv,dengesiz_20g_39.936
1.2775752239585245,0.0049075567646014355,1.7091144356553658,1.337779884583542,0.037759763629090906,0.012817696886330436,0.0022277702005858778,0.09323313164433687,1.9545475957345437,3.1184346993267478,0.550104897550544,dengesiz,20,49.7664,50,underhang_radyal,0,49.7664.csv,dengesiz_20g_49.7664
1.2716865405129987,0.00490877698709014,1.708545713192407,1.343527401415946,0.03715609659164635,0.005904710176133218,0.0023188876413331783,0.09245438724021417,1.9099201108364798,2.6286544732617827,0.4369649382566242,dengesiz,20,49.7664,50,underhang_radyal,1,49.7664.csv,dengesiz_20g_49.7664
1.2842262192871916,0.004905961403216469,1.7092968601307748,1.3309935854433708,0.034384208773539676,0.00900401713548014,0.001855241235915886,0.09302331231034472,2.016734204221748,2.9996714101322484,0.39075590985380426,dengesiz,20,49.7664,50,underhang_radyal,2,49.7664.csv,dengesiz_20g_49.7664
1.282199430924728,0.0049129838060446,1.7084588221484018,1.3324439092247304,0.029900430802805404,0.006594519086657509,0.00236890155631522,0.07971158437080993,1.9929936101624177,2.967346977726124,0.37388669083148207,dengesiz,20,49.7664,50,underhang_radyal,3,49.7664.csv,dengesiz_20g_49.7664
1.2746605847015902,0.004905740965049347,1.7098672535851953,1.3414294551079646,0.02989089515926741,0.01061023167344909,0.0023074725403802545,0.07953686076802051,1.9338098095478682,2.6676109007781847,0.4619541272063065,dengesiz,20,49.7664,50,underhang_radyal,4,49.7664.csv,dengesiz_20g_49.7664
1.2785753222059462,0.00490935057671293,1.7119212542775761,1.3389287471328888,0.0344247274404674,0.011283560500669228,0.0013544693535701986,0.0893136627009958,1.9821496504643836,3.0772603395794813,0.548243795018893,dengesiz,20,49.7664,50,underhang_radyal,5,49.7664.csv,dengesiz_20g_49.7664
1.2743776608006832,0.004913023246481487,1.7127820177770376,1.3440144711102076,0.037689585010668006,0.009738534392593146,0.0029752825798647744,0.09225836673311248,1.880828111925558,2.624338906138661,0.4999876035524561,dengesiz,20,49.7664,50,underhang_radyal,6,49.7664.csv,dengesiz_20g_49.7664
0.026112360697538434,8.654791630653057e-05,0.014823847645548907,0.5676946568212283,0.21361588696767284,0.18937451892316653,0.4093603174366223,0.4043117722630709,2.2109968992140994,2.5014541577446794,0.01929432420134637,dengesiz,20,49.7664,50,overhang_radyal,0,49.7664.csv,dengesiz_20g_49.7664
0.025847523012988708,9.807923828737248e-05,0.014749944066149753,0.5706521301157975,0.19765836938429,0.1889430585970101,0.4271727925418764,0.40411195358646274,2.2110079012101154,2.52514243053037,0.01912408636595329,dengesiz,20,49.7664,50,overhang_radyal,1,49.7664.csv,dengesiz_20g_49.7664
0.02622251812535883,8.86001359510931e-05,0.014706162769791236,0.5608219126373156,0.19248902023912737,0.19155438682384185,0.38825402479938514,0.3911887973648054,2.2573061575435096,2.535011539791924,0.01911972098076444,dengesiz,20,49.7664,50,overhang_radyal,2,49.7664.csv,dengesiz_20g_49.7664
0.025940223787951203,8.601543221029659e-05,0.014637997617548736,0.5642972757923369,0.2211725936169568,0.1922318243454087,0.40755454272819364,0.42696902417008153,2.2489475571151307,2.64571594896387,0.019439528260342724,dengesiz,20,49.7664,50,overhang_radyal,3,49.7664.csv,dengesiz_20g_49.7664
0.02593581312905803,9.459434643652394e-05,0.014667082460088136,0.5655146567619999,0.21335709323092672,0.2105738890968325,0.40148042261018774,0.4262685183474513,2.202517152149921,2.5825722587081423,0.019229600841932093,dengesiz,20,49.7664,50,overhang_radyal,4,49.7664.csv,dengesiz_20g_49.7664
0.026125868408158778,9.897563050216764e-05,0.015344740188648221,0.587338952655404,0.18894382939992213,0.23236099049737313,0.41829601625665175,0.42254975041167653,2.265276983656511,2.8054628148551615,0.019452597979732447,dengesiz,20,49.7664,50,overhang_radyal,5,49.7664.csv,dengesiz_20g_49.7664
0.026058126298571512,8.632902984246696e-05,0.014641827406971085,0.5618910292568445,0.2117741583934111,0.2697349656053669,0.4130227032842051,0.450995628168353,2.2807455536992762,2.742531501839909,0.018924068727194786,dengesiz,20,49.7664,50,overhang_radyal,6,49.7664.csv,dengesiz_20g_49.7664
0.3784540298806692,0.0034778296274696223,0.4869858726254756,1.2867768187796573,0.11487385694914465,0.0713835171418383,0.013228843228156803,0.1409065521768581,1.7669750150674473,2.299170248125756,0.12695803361603092,dengesiz,25,20.6848,20,underhang_radyal,0,20.6848.csv,dengesiz_25g_20.6848
0.3828251133164382,0.0035055892542400734,0.4892828225506229,1.2780844451678124,0.1173824191366411,0.06565342349644618,0.013521401407712528,0.14095141513772544,1.7590184300821003,2.247985605572961,0.12828312220024682,dengesiz,25,20.6848,20,underhang_radyal,1,20.6848.csv,dengesiz_25g_20.6848
0.38124272529408954,0.0034936399910752486,0.48831022101541016,1.2808381343865598,0.11501306257952229,0.07501212180616623,0.017403431222911284,0.14525051519452564,1.791038410204595,2.274542024625152,0.13263604128654105,dengesiz,25,20.6848,20,underhang_radyal,2,20.6848.csv,dengesiz_25g_20.6848
0.3809671421069206,0.0034955246300564834,0.4882626256811106,1.2816397313939356,0.11391813030724934,0.06982454390094543,0.015037884828245281,0.14277642247893194,1.7887105762382123,2.3045725252500797,0.12178498411056199,dengesiz,25,20.6848,20,underhang_radyal,3,20.6848.csv,dengesiz_25g_20.6848
0.38161117622488105,0.003500491436701987,0.4878642799573305,1.2784328928263797,0.11743875743925693,0.07021928396326375,0.012892252031212036,0.14467005266022687,1.7509698243341498,2.2108218662647863,0.1327873167879215,dengesiz,25,20.6848,20,underhang_radyal,4,20.6848.csv,dengesiz_25g_20.6848
0.3786761779243935,0.0034702995240327213,0.4852682243817841,1.2814860101323597,0.11290507383103271,0.06662297828901992,0.017506088773163786,0.13800246909646513,1.7795217354386725,2.344780083213923,0.13270631806421293,dengesiz,25,20.6848,20,underhang_radyal,5,20.6848.csv,dengesiz_25g_20.6848
0.3791248010662464,0.003467772043658276,0.4844793945870009,1.2778889516675738,0.11178234720227459,0.06821933226154608,0.021023726126050708,0.13881855502848614,1.8193654810397242,2.490233201585686,0.13625092615069193,dengesiz,25,20.6848,20,underhang_radyal,6,20.6848.csv,dengesiz_25g_20.6848
0.032424174625161596,0.00016769579755032492,0.016501540380256904,0.508927075878211,0.31083908002736077,0.19643147454609708,0.7178660886111007,0.4926422073008007,2.624755310883357,3.0028681251276987,0.026323917737140115,dengesiz,25,20.6848,20,overhang_radyal,0,20.6848.csv,dengesiz_25g_20.6848
0.03169617142745896,0.0001641812916010463,0.017151593469183022,0.5411250853402176,0.4116851455150331,0.15619960472158492,0.5106496509253784,0.5279110106559847,2.5878110451848313,2.870497433895047,0.026787978887864876,dengesiz,25,20.6848,20,overhang_radyal,1,20.6848.csv,dengesiz_25g_20.6848
0.031007742331532497,0.00014390608799855507,0.014401972421200938,0.4644637544633739,0.13864988977639955,0.28967848867858237,0.8562985027321964,0.46279835912969547,2.606009301225898,3.0672268759293457,0.026263165153840806,dengesiz,25,20.6848,20,overhang_radyal,2,20.6848.csv,dengesiz_25g_20.6848
0.031058513625090566,0.0001416336143875667,0.01347283741683249,0.43378886636463804,0.44999961776161346,0.3059267487978881,0.7454363656542695,0.6641243689249448,2.5998695171345894,2.8557060517186903,0.026395820165432266,dengesiz,25,20.6848,20,overhang_radyal,3,20.6848.csv,dengesiz_25g_20.6848
0.03378612153063238,0.0001746333868956416,0.01839668738702481,0.5445042684109463,0.38995355269009657,0.23982694214501551,0.605261275405151,0.5617720439064837,2.5730454093712076,2.852701113766427,0.026534626336732228,dengesiz,25,20.6848,20,overhang_radyal,4,20.6848.csv,dengesiz_25g_20.6848
0.03568773951849716,0.0001605196986153548,0.0173683991903522,0.4866769210995665,0.10571296510829832,0.2612988302016276,0.4995293096710336,0.3811368768489789,2.6130216820590775,2.9323162983226294,0.027017437397674766,dengesiz,25,20.6848,20,overhang_radyal,5,20.6848.csv,dengesiz_25g_20.6848
0.03224103370127201,0.00015505531433220566,0.01533151786848122,0.4755281114761782,0.5423377370998361,0.3181083177302119,0.6439951369163243,0.6985346965005508,2.592150603970706,2.7764517842882985,0.026351072742397598,dengesiz,25,20.6848,20,overhang_radyal,6,20.6848.csv,dengesiz_25g_20.6848
0.6118612038891277,0.0039308913155085235,0.8130001822859086,1.328733015129849,0.02936015574521568,0.010279380215511561,0.0025557931565861345,0.03325229522752628,1.6744814466099716,2.1026331945108323,0.18950787170111882,dengesiz,25,30.1056,30,underhang_radyal,0,30.1056.csv,dengesiz_25g_30.1056
0.6142071189706697,0.0039446581432496216,0.8145596759501027,1.3261970608772353,0.029934728149840276,0.00555957070771687,0.002322758934716415,0.03407733793997603,1.6973475552966455,2.3840074792063377,0.21547373893794694,dengesiz,25,30.1056,30,underhang_radyal,1,30.1056.csv,dengesiz_25g_30.1056
0.6179796216918183,0.003989782738757026,0.8213634622163204,1.3291109178752158,0.02306234762783853,0.003507004867698007,0.0021855884024286447,0.033315495437354826,1.6326545554802472,2.1495629543834007,0.19195865145565744,dengesiz,25,30.1056,30,underhang_radyal,2,30.1056.csv,dengesiz_25g_30.1056
0.6159881325729399,0.0039726609609306,0.8184858502843065,1.3287363944240596,0.017556215037949924,0.0034568926512785316,0.002701628234140382,0.0333984155812929,1.6648428946126759,2.1959654628244203,0.19091720968205086,dengesiz,25,30.1056,30,underhang_radyal,3,30.1056.csv,dengesiz_25g_30.1056
0.6130480095766041,0.003959269122362544,0.8173540060224347,1.3332626372697947,0.01957273113467121,0.005482785477388239,0.003926242525480053,0.03561804024637998,1.6478064267663413,2.0448706607155,0.19008463762891273,dengesiz,25,30.1056,30,underhang_radyal,4,30.1056.csv,dengesiz_25g_30.1056
0.6178944208681875,0.0039658918469587705,0.8182220078701684,1.3242100595748731,0.019007606101666536,0.006496347411399551,0.0027322108939979075,0.0340086067714026,1.6566827663773032,2.265755639198369,0.20602100195026993,dengesiz,25,30.1056,30,underhang_radyal,5,30.1056.csv,dengesiz_25g_30.1056
0.6126308360431892,0.003955405325474727,0.816696532153146,1.33309733056636,0.020321461062444063,0.004433921604664783,0.00241737572146293,0.04230282986560153,1.6684563863866946,2.529869418032897,0.1903115379694837,dengesiz,25,30.1056,30,underhang_radyal,6,30.1056.csv,dengesiz_25g_30.1056
0.02572500750814897,9.923914696103869e-05,0.010258157544567322,0.39876208164056165,0.12379503695695947,0.2426274270825477,0.7233838657127496,0.5671159742066029,2.288628653073614,2.7444052444862717,0.0241455299786135,dengesiz,25,30.1056,30,overhang_radyal,0,30.1056.csv,dengesiz_25g_30.1056
0.026686480054494383,8.86797919780747e-05,0.01012507831041032,0.37940853530908825,0.4354828297218795,0.2414939734265902,0.5715929555311025,0.6991243119304758,2.2731689575664165,2.5913561126026776,0.023693711357986497,dengesiz,25,30.1056,30,overhang_radyal,1,30.1056.csv,dengesiz_25g_30.1056
0.025836312260063346,8.700625579064654e-05,0.009302368933384979,0.36005018206116546,0.3421138443652196,0.2779675118028397,0.8324193333873279,0.6594493925300599,2.247426417324937,2.6055065576444174,0.023443819347455208,dengesiz,25,30.1056,30,overhang_radyal,2,30.1056.csv,dengesiz_25g_30.1056
0.024948396949893422,8.573299457530158e-05,0.010414688832795534,0.4174492194145795,0.4423455644681515,0.2544284552899305,0.6525500325640371,0.6665763130498671,2.2371990573096148,2.7942219790480656,0.023263794398211277,dengesiz,25,30.1056,30,overhang_radyal,3,30.1056.csv,dengesiz_25g_30.1056
0.025391635044626302,8.897656936659112e-05,0.009424928561287712,0.3711824206811429,0.485082117040836,0.293252584948705,0.7121234872283313,0.7342467286118558,2.200195455846216,2.540147364278043,0.02380154833200244,dengesiz,25,30.1056,30,overhang_radyal,4,30.1056.csv,dengesiz_25g_30.1056
0.02592866714570258,8.8234294559019e-05,0.008236897027035962,0.31767529662948646,0.42285417289641436,0.335316939756037,0.9246310112612118,0.7544154872829176,2.2110817834056395,2.537088414141584,0.02415136506924776,dengesiz,25,30.1056,30,overhang_radyal,5,30.1056.csv,dengesiz_25g_30.1056
0.025372377337373443,9.20001013211576e-05,0.011291145977233125,0.4450172652980484,0.5079761542013533,0.22717545201825612,0.6040965535270346,0.6860853796834521,2.2369334306948216,2.866273895030968,0.023705183342617567,dengesiz,25,30.1056,30,overhang_radyal,6,30.1056.csv,dengesiz_25g_30.1056
1.1432716918990091,0.005278579300767661,1.4743773782656244,1.2896124243357665,0.08070978351862958,0.010731485448868636,0.009506063814014674,0.09199957472912783,2.58297283474457,4.2180828644568,0.6466191901801398,dengesiz,25,40.3456,40,underhang_radyal,0,40.3456.csv,dengesiz_25g_40.3456
1.1428851736624492,0.005283352615052754,1.4746217692044357,1.2902624018453444,0.07840760968786059,0.022803277326218088,0.00604133310830803,0.08655398045900495,2.5717778035665004,4.052069067217301,0.4821104853816029,dengesiz,25,40.3456,40,underhang_radyal,1,40.3456.csv,dengesiz_25g_40.3456
1.1326369609014333,0.005297406828718965,1.4765292457684545,1.3036209277437172,0.07747232784492436,0.024928355760421673,0.0077840343762078466,0.08347600705303011,2.371666729791924,3.920740983692902,0.4559532350313219,dengesiz,25,40.3456,40,underhang_radyal,2,40.3456.csv,dengesiz_25g_40.3456
1.1386824245821279,0.005283530688639014,1.4704145598996967,1.2913298108013005,0.08465720368208923,0.017012169276954325,0.007880916562832645,0.09077911708741508,2.386961580727108,3.847665481657385,0.48726704327479053,dengesiz,25,40.3456,40,underhang_radyal,3,40.3456.csv,dengesiz_25g_40.3456
1.143901825205274,0.0053191761495871345,1.4827808270030707,1.2962483268489307,0.09304725273776832,0.020553870474454422,0.005905174070548538,0.10532595477348222,2.5659102276105847,4.4028404280546365,0.5005593231848819,dengesiz,25,40.3456,40,underhang_radyal,4,40.3456.csv,dengesiz_25g_40.3456
1.134000894195992,0.005285460223936665,1.4693260759064513,1.2957009852685428,0.09009499614577338,0.004853188702861966,0.008676301401096358,0.10664853188927863,2.332542427672755,3.7752104078189936,0.5420777660502061,dengesiz,25,40.3456,40,underhang_radyal,5,40.3456.csv,dengesiz_25g_40.3456
1.1531053390872295,0.005291776697099759,1.4717355218755934,1.276323569049908,0.08624354992385169,0.013045228271154514,0.006314015023644059,0.10207576547839672,2.6491373455355776,4.263281600910814,0.6675290676497567,dengesiz,25,40.3456,40,underhang_radyal,6,40.3456.csv,dengesiz_25g_40.3456
0.028331217503639344,7.761414654720878e-05,0.0014816089131691483,0.05229598455931268,1.371732522218886,3.333896200365721,4.38342148459987,5.333133763547362,2.4708059364216726,3.267927457453818,0.021747243050055876,dengesiz,25,40.3456,40,overhang_radyal,0,40.3456.csv,dengesiz_25g_40.3456
0.02667258376574631,8.119701213166201e-05,0.002848816366819123,0.10680691423568972,1.3473371110347445,1.3568876139093249,2.305989876725682,2.7421711686119656,2.420165796273751,2.9523232642232564,0.02197208188523511,dengesiz,25,40.3456,40,overhang_radyal,1,40.3456.csv,dengesiz_25g_40.3456
0.02660166262535225,7.366219564120979e-05,0.0029333827942502706,0.11027065621621675,1.0395095601412183,1.1554974684274815,1.95838982852808,2.298492637429601,2.26262221506042,2.54015113269746,0.021482961128765316,dengesiz,25,40.3456,40,overhang_radyal,2,40.3456.csv,dengesiz_25g_40.3456
0.03369668344745231,8.53509452537402e-05,0.004559193253288714,0.13530094913534046,0.8650283437687215,1.0816792880401038,1.2232955661691318,2.114020785059688,2.4246458033645757,2.560868805483288,0.02242001908823122,dengesiz,25,40.3456,40,overhang_radyal,3,40.3456.csv,dengesiz_25g_40.3456
0.02814933580108142,8.414415206306349e-05,0.004607861656123512,0.16369344159739632,0.6164467647876897,1.3525557706864315,1.2618984807577949,2.096308932060594,2.3225091345736226,2.876132139214541,0.021756127805522895,dengesiz,25,40.3456,40,overhang_radyal,4,40.3456.csv,dengesiz_25g_40.3456
0.02809676485838416,7.532726091159562e-05,0.004733071821355583,0.1684561138993468,0.6831145997691886,0.828120476877958,1.3819717045135418,1.5524014639457715,2.5497283222387326,3.295805800174099,0.02159302350392433,dengesiz,25,40.3456,40,overhang_radyal,5,40.3456.csv,dengesiz_25g_40.3456
0.02733178975702505,7.475287115325648e-05,0.005720621898499782,0.20930286487441302,0.38054573808784,0.718270097058034,1.1081816406251532,1.3240997003759305,2.361566137898875,2.7487656805216023,0.021847215800741043,dengesiz,25,40.3456,40,overhang_radyal,6,40.3456.csv,dengesiz_25g_40.3456
1.581028171460929,0.006007265821656008,1.4898663678180326,0.9423401775569868,0.03663269110656223,0.010288590767781276,0.0030611231181293047,0.08262144786583653,2.038969370017951,2.9969965931283147,0.5190032679848168,dengesiz,25,50.3808,50,underhang_radyal,0,50.3808.csv,dengesiz_25g_50.3808
1.5693872554651958,0.006002070437760442,1.4835045290237678,0.945276268719975,0.02920344517755854,0.00350263582867156,0.003726100021805883,0.07920272250031601,1.9949404321434252,3.1989407947928092,0.5085192060466995,dengesiz,25,50.3808,50,underhang_radyal,1,50.3808.csv,dengesiz_25g_50.3808
1.574482595366096,0.006005151572427222,1.483209580568898,0.9420298356636218,0.03516618942827292,0.005595787665756616,0.004680275319427622,0.053197366375519604,1.9651835271019247,2.8926526350838517,0.5956089265734182,dengesiz,25,50.3808,50,underhang_radyal,2,50.3808.csv,dengesiz_25g_50.3808
1.5638571194484483,0.006005437166657022,1.5073026890072796,0.9638365744934048,0.04110717655474673,0.01147155341184496,0.004159534027612418,0.055253981542750796,1.9356984921347975,3.1302867767184264,0.6117330259169118,dengesiz,25,50.3808,50,underhang_radyal,3,50.3808.csv,dengesiz_25g_50.3808
1.5785903265095327,0.006003241723874558,1.5070249073237434,0.954664983064362,0.03726320988717651,0.009535432488211558,0.001792323925855238,0.08299064778407017,2.037445799616421,3.0650487421587096,0.5208735882681843,dengesiz,25,50.3808,50,underhang_radyal,4,50.3808.csv,dengesiz_25g_50.3808
1.572136130408878,0.006005413325910634,1.499183653223341,0.9535965901581834,0.03112542616747834,0.003920850374082871,0.0043431798791387435,0.08408862971685649,2.0025081338269866,3.0756726356644664,0.49434064887326795,dengesiz,25,50.3808,50,underhang_radyal,5,50.3808.csv,dengesiz_25g_50.3808
1.5760473740663747,0.006011142382318962,1.5079826909916454,0.9568130475037232,0.03494419119532062,0.004644900611168426,0.0040128294103024134,0.054003582127947654,2.013288944813252,2.952560568478221,0.6329991983629171,dengesiz,25,50.3808,50,underhang_radyal,6,50.3808.csv,dengesiz_25g_50.3808
0.02697451342221007,9.089824538060761e-05,0.009231297832225645,0.3422229601473599,0.32778242422208315,0.3544970041891107,0.4468837637397518,0.6605901582484552,2.306980776541156,2.615816151897608,0.01943074675629649,dengesiz,25,50.3808,50,overhang_radyal,0,50.3808.csv,dengesiz_25g_50.3808
0.02800994917230997,0.00011988516045404338,0.014992205221110513,0.5352457131695275,0.20066681024538832,0.16734172659673133,0.2570004219911948,0.40213471299193615,2.252492626946629,2.491045794259932,0.019342251117821917,dengesiz,25,50.3808,50,overhang_radyal,1,50.3808.csv,dengesiz_25g_50.3808
0.02657598145181522,8.391490474949018e-05,0.008025498847536536,0.3019831595602799,0.3570415749966633,0.3725667463856547,0.5037356797100397,0.7202727029989192,2.2903280985238608,2.5963670211697885,0.019190898710191515,dengesiz,25,50.3808,50,overhang_radyal,2,50.3808.csv,dengesiz_25g_50.3808
0.02721320518469964,9.079195171700985e-05,0.013950897297949238,0.5126517513372641,0.21940721344908848,0.25473990864826057,0.2551797568716379,0.45624745290885627,2.293605074325152,2.633623925551102,0.019453340863608396,dengesiz,25,50.3808,50,overhang_radyal,3,50.3808.csv,dengesiz_25g_50.3808
0.02714561641219092,9.276302995133872e-05,0.01221959135442895,0.45014970993589454,0.2862996389918968,0.2559161029549288,0.30983267102096973,0.5409338718430708,2.3247946373040618,2.615841816192382,0.019711640032493902,dengesiz,25,50.3808,50,overhang_radyal,4,50.3808.csv,dengesiz_25g_50.3808
0.026241406003125054,7.848885565460109e-05,0.010446225315784903,0.3980817687185967,0.3551955312852068,0.25852434571273647,0.30041266744892053,0.5758680643471622,2.3602474683193213,2.8758949180574587,0.019474735571339625,dengesiz,25,50.3808,50,overhang_radyal,5,50.3808.csv,dengesiz_25g_50.3808
0.02787992816498485,9.412925430314922e-05,0.015121998037040901,0.5423973098858492,0.1758935930899204,0.20178475691974374,0.2554089541156252,0.37740300395077836,2.286443323351938,2.6132991668463235,0.019348017908008025,dengesiz,25,50.3808,50,overhang_radyal,6,50.3808.csv,dengesiz_25g_50.3808
0.3642069469674362,0.003531344073553314,0.41749187244011937,1.1463039788647993,0.1992746615344112,0.03548980857373746,0.01841548106165662,0.21079854682351193,1.778916006084275,2.51197813084412,0.13094876137848468,dengesiz,30,19.456,20,underhang_radyal,0,19.456.csv,dengesiz_30g_19.456
0.36436124023670086,0.0035156603992749264,0.4165226193856963,1.143158419139112,0.2025092123287102,0.03730981996566466,0.01910850331838592,0.213839064854606,1.7134870263687814,2.379083840494627,0.13507832095617625,dengesiz,30,19.456,20,underhang_radyal,1,19.456.csv,dengesiz_30g_19.456
0.36401047410233534,0.003535180013679969,0.41777647491651654,1.1477045432432202,0.20493535243836036,0.04050439352131198,0.01258231601608042,0.21649466632060674,1.7571699469287774,2.233355301772736,0.12972575473221182,dengesiz,30,19.456,20,underhang_radyal,2,19.456.csv,dengesiz_30g_19.456
0.36912835692799106,0.0035639079743573603,0.4180695235171458,1.1325857677132336,0.20650617394558898,0.04682433068533637,0.018693536966465665,0.22003885615916774,1.7186386810974175,2.282035610750876,0.13695502023743253,dengesiz,30,19.456,20,underhang_radyal,3,19.456.csv,dengesiz_30g_19.456
0.3660845218866144,0.003524142660772734,0.41647101233866174,1.137636221797205,0.20182212103506306,0.06050451817433078,0.014307175015291893,0.21921431661320337,1.7744020737470678,2.437486910692454,0.13316015312642754,dengesiz,30,19.456,20,underhang_radyal,4,19.456.csv,dengesiz_30g_19.456
0.36829009773037025,0.0035626434022571307,0.4191467630606765,1.138088603637671,0.20191886113012608,0.0544250396092645,0.012613014392481773,0.2152281091445217,1.7130606788469551,2.2636830340609535,0.12382386076611528,dengesiz,30,19.456,20,underhang_radyal,5,19.456.csv,dengesiz_30g_19.456
0.36495206104496153,0.0035680726109344604,0.4211431745514175,1.153968478337705,0.20411605551932485,0.05935753620909906,0.016249571283348665,0.21947780110080453,1.7475033994569862,2.383262907109164,0.1312800858644439,dengesiz,30,19.456,20,underhang_radyal,6,19.456.csv,dengesiz_30g_19.456
0.05456679864961369,0.00033028632113325877,0.03214552454735253,0.5891040952059042,0.3067580993152783,0.27827174427463924,0.28417783985911965,0.47030338431907387,2.504843564424647,2.882664268205832,0.031005898419631136,dengesiz,30,19.456,20,overhang_radyal,0,19.456.csv,dengesiz_30g_19.456
0.0536657955625843,0.0003768846430535027,0.03681723604867942,0.6860465900492918,0.2607978476606163,0.2602916826150683,0.41719933633333856,0.3841494962711022,2.9041537160037914,3.4327658485978305,0.030422570815232072,dengesiz,30,19.456,20,overhang_radyal,1,19.456.csv,dengesiz_30g_19.456
0.058107433146825496,0.0003340356470694276,0.03015624411217059,0.5189739501218891,0.3186312558174788,0.20455766174357234,0.3722722498152765,0.4809720873970126,2.738654474575055,2.9434741491858976,0.029936754207733705,dengesiz,30,19.456,20,overhang_radyal,2,19.456.csv,dengesiz_30g_19.456
0.05305650809404224,0.0003318389672723656,0.03235014262627513,0.6097299612768527,0.21745533985944743,0.30630081611386134,0.3720320637437825,0.46228141418743723,2.9425424439602756,3.127482465602557,0.02782757988888116,dengesiz,30,19.456,20,overhang_radyal,3,19.456.csv,dengesiz_30g_19.456
0.0582896229887393,0.0003338470629050536,0.03344786363357554,0.5738219243494397,0.25881191994374775,0.27662977734549943,0.372105486159922,0.46382232651843025,2.601457555744787,3.0875849884485502,0.030528433295279614,dengesiz,30,19.456,20,overhang_radyal,4,19.456.csv,dengesiz_30g_19.456
0.056657993244893234,0.00032145396482789057,0.032981281422666965,0.5821117115731514,0.24714373888513655,0.3056678456401358,0.35023182266330893,0.5112164109469366,2.8295844523481524,3.1369321552236573,0.02942710904463333,dengesiz,30,19.456,20,overhang_radyal,5,19.456.csv,dengesiz_30g_19.456
0.05959574401556604,0.00036531982599760865,0.03326949158137497,0.5582528103370423,0.1818094508784913,0.3439376396367596,0.5235715407031903,0.48281853376761463,2.7366534675494605,3.014563064614164,0.029938944358782717,dengesiz,30,19.456,20,overhang_radyal,6,19.456.csv,dengesiz_30g_19.456
0.6748266860125011,0.004299266505756502,0.8695675679436216,1.288579106259921,0.019703820953679514,0.010897641541429408,0.002094956284233311,0.03180087282521177,1.777116045301648,2.476373011785488,0.2608552366680378,dengesiz,30,30.1056,30,underhang_radyal,0,30.1056.csv,dengesiz_30g_30.1056
0.6730928217932041,0.004308759370699381,0.8684383021501837,1.2902207155251848,0.014730260406405727,0.012055701750048437,0.0017696176608406067,0.031595949823361016,1.7675832586100522,2.747741886212272,0.2595927684099929,dengesiz,30,30.1056,30,underhang_radyal,1,30.1056.csv,dengesiz_30g_30.1056
0.6764795994511676,0.0043125386475125396,0.8675599216934929,1.2824628006462686,0.004836139548108312,0.012229023146235947,0.00167398290685793,0.032870871506086426,1.789972995808145,2.764701284990412,0.26854671225299,dengesiz,30,30.1056,30,underhang_radyal,2,30.1056.csv,dengesiz_30g_30.1056
0.6742624629479791,0.004305830807008263,0.8689573973153154,1.2887524444335985,0.006829600439521223,0.011918217011884603,0.0017673567354687923,0.03336680604630638,1.7924355219004129,2.6467880641346304,0.25496378457573765,dengesiz,30,30.1056,30,underhang_radyal,3,30.1056.csv,dengesiz_30g_30.1056
0.6774336306292223,0.004295880588902839,0.8672338339200889,1.2801753481197764,0.0048731652420349846,0.008595258934639916,0.003135121188027665,0.029806645829186653,1.8025223666005257,2.8894632002172793,0.2506954995798863,dengesiz,30,30.1056,30,underhang_radyal,4,30.1056.csv,dengesiz_30g_30.1056
0.6768826151190889,0.004343333756095446,0.8781982372654551,1.2974158556423405,0.01435883448390818,0.017041733280236192,0.0021117484235117913,0.0313361962995832,1.7993022006661765,2.8229972409825126,0.23702710554145,dengesiz,30,30.1056,30,underhang_radyal,5,30.1056.csv,dengesiz_30g_30.1056
0.677660392224641,0.004324854262833942,0.8782772459272626,1.2960433515123047,0.011313411352192432,0.008875044433717425,0.002803507651532855,0.02688506292160402,1.803230286426909,3.3457214539064104,0.23260358508651102,dengesiz,30,30.1056,30,underhang_radyal,6,30.1056.csv,dengesiz_30g_30.1056
0.03571621919217849,0.00013257197223774236,0.02159138254615603,0.6045259838219329,0.14061505802182142,0.16316429110922834,0.35100788547120565,0.3036223938519668,2.6751121684032677,2.886413952090647,0.025190015764924065,dengesiz,30,30.1056,30,overhang_radyal,0,30.1056.csv,dengesiz_30g_30.1056
0.03078725820656019,0.00011285746963164677,0.017009049100636386,0.552470407918936,0.3571710953458851,0.2322680916691517,0.3616195345934072,0.5411539898657195,2.519673370285388,3.0911870924159706,0.023567224783962046,dengesiz,30,30.1056,30,overhang_radyal,1,30.1056.csv,dengesiz_30g_30.1056
0.04319168127734775,0.00012095161768313499,0.01495180475910055,0.3461732518061523,0.36304822555940264,0.23652497885549847,0.6165571859933388,0.5604077733701311,2.4427292170666717,2.969079582060257,0.02666464173838167,dengesiz,30,30.1056,30,overhang_radyal,2,30.1056.csv,dengesiz_30g_30.1056
0.03138876293387154,0.00012975987259321542,0.02148568689533132,0.6845025061966256,0.1846892681128068,0.18290273774546192,0.30979534764068034,0.3739488037830761,2.5569743402109735,3.1797696132339626,0.024208197955719477,dengesiz,30,30.1056,30,overhang_radyal,3,30.1056.csv,dengesiz_30g_30.1056
0.0323087535395305,0.0001332234275630354,0.01750749792559535,0.5418809457824687,0.4190447247231487,0.21441215092993313,0.39908942526445607,0.5402714081849233,2.446095955386095,2.9252984867300054,0.023951248181090574,dengesiz,30,30.1056,30,overhang_radyal,4,30.1056.csv,dengesiz_30g_30.1056
0.039389283980936995,0.0001266073072749201,0.016111779354040186,0.4090396606708736,0.6172543163689134,0.22305181862197754,0.5365753232345852,0.7501873259718193,2.636112906002482,3.2421192786014386,0.025887792090995405,dengesiz,30,30.1056,30,overhang_radyal,5,30.1056.csv,dengesiz_30g_30.1056
0.032257450286684114,0.0001265827451821279,0.018216860601270538,0.564733431774852,0.22920744929011128,0.16055449778550324,0.43673002164513874,0.37280228058942316,2.7506732285010864,2.9763046533623916,0.024103985404158795,dengesiz,30,30.1056,30,overhang_radyal,6,30.1056.csv,dengesiz_30g_30.1056
1.305679106814117,0.006162712241630885,1.3417120749120937,1.027597108591919,0.04508066245735153,0.05175504599973338,0.015344938184807397,0.07787118847669718,2.4863976982192524,3.887114446832414,0.6832549796823707,dengesiz,30,39.7312,40,underhang_radyal,0,39.7312.csv,dengesiz_30g_39.7312
1.3004945552337899,0.006134525317782618,1.3380593810432924,1.0288850312039335,0.033064833300154695,0.04390868952230614,0.0132623243622239,0.06925998384542423,2.5177981551455053,4.351931365049319,0.7064919086449223,dengesiz,30,39.7312,40,underhang_radyal,1,39.7312.csv,dengesiz_30g_39.7312
1.2966257643012282,0.0061389030621415925,1.330453302720598,1.0260888988555412,0.025449347518069106,0.01893043222119207,0.018375798713481217,0.036478767534333705,2.644658759729241,4.377666662970985,0.6282419977710999,dengesiz,30,39.7312,40,underhang_radyal,2,39.7312.csv,dengesiz_30g_39.7312
1.2942862882974238,0.0061607249058658504,1.3388150863692758,1.0344041333617102,0.03238696675005897,0.06255482555008031,0.016327509493468402,0.07538362583176524,2.3926640878353918,4.4936891247756385,0.46919241279321083,dengesiz,30,39.7312,40,underhang_radyal,3,39.7312.csv,dengesiz_30g_39.7312
1.293586147426059,0.0061458955216712186,1.3358108955534962,1.0326416205139657,0.034814292763806064,0.04208975945977358,0.016164578085390777,0.060044130053885245,2.3929771877651524,4.491887091078057,0.48820172215855867,dengesiz,30,39.7312,40,underhang_radyal,4,39.7312.csv,dengesiz_30g_39.7312
1.2938966492883912,0.006147233027578186,1.3311070298175995,1.0287583869613113,0.03742551715237899,0.02479748408923144,0.01700431427217631,0.05289790007725403,2.3297625225206997,4.438645001374212,0.5618795469629954,dengesiz,30,39.7312,40,underhang_radyal,5,39.7312.csv,dengesiz_30g_39.7312
1.303871140562919,0.006153648673475322,1.3184274889470988,1.0111639470575935,0.04140188784928146,0.05595782312757251,0.015387306424945922,0.08075232452783669,2.6326112319607615,4.196376399980779,0.6661933554399481,dengesiz,30,39.7312,40,underhang_radyal,6,39.7312.csv,dengesiz_30g_39.7312
0.04519836110257169,8.058122834992796e-05,0.006268600394622275,0.13869087819927423,0.45764986177215117,1.946026175512953,1.1282752252631165,2.1582857857167106,2.3506263782164956,2.8411280250607596,0.022110541082636923,dengesiz,30,39.7312,40,overhang_radyal,0,39.7312.csv,dengesiz_30g_39.7312
0.03985966356756503,9.049148791948967e-05,0.008573485482163698,0.2150917673305477,0.16687454194475645,0.7312056550452365,0.786166433854361,1.0409789978941704,2.53362289941864,3.1445393175776895,0.02289109253579893,dengesiz,30,39.7312,40,overhang_radyal,1,39.7312.csv,dengesiz_30g_39.7312
0.03169737607871121,7.436821016390412e-05,0.003664492348236785,0.11560869704235063,0.7761584667311093,1.7339073585450608,1.4815948901086142,2.3997750910544795,2.6426237793994938,2.894095527451772,0.022002741732764695,dengesiz,30,39.7312,40,overhang_radyal,2,39.7312.csv,dengesiz_30g_39.7312
0.043977557026211096,9.974306198414286e-05,0.011506357015728294,0.2616415688713391,0.23807357423920333,0.5403968149866721,0.5488697581855763,0.784637947159493,2.5540581404964353,2.851865462204187,0.022715860871655426,dengesiz,30,39.7312,40,overhang_radyal,3,39.7312.csv,dengesiz_30g_39.7312
0.04195022017121432,8.289253035234203e-05,0.00557652113862327,0.13293186819355177,0.31418327242591965,0.5587175975648588,1.3434491311628594,1.2236563249499104,2.631854068520383,3.015919337237258,0.022067336165655278,dengesiz,30,39.7312,40,overhang_radyal,4,39.7312.csv,dengesiz_30g_39.7312
0.0285397233456029,8.17712589849276e-05,0.008142741679547247,0.2853125652500932,0.3613291077246723,0.6727091038462952,0.7737079899706255,1.1044505104794815,2.5685769434196946,2.8593999052906467,0.0219820256808987,dengesiz,30,39.7312,40,overhang_radyal,5,39.7312.csv,dengesiz_30g_39.7312
0.04769857616896213,0.00011768856888704641,0.007966023912451742,0.1670075828692827,0.372688836859131,1.734410986821782,1.1028246907942514,1.9291982897926745,2.5050281634254192,3.083275666445604,0.02275033921341278,dengesiz,30,39.7312,40,overhang_radyal,6,39.7312.csv,dengesiz_30g_39.7312
1.7952800165826355,0.006940708130523884,2.4393493107399045,1.3587570118347965,0.014183446438407892,0.008091309149288923,0.00134007962627595,0.03137627929608185,2.025587041945916,3.3700448888785814,0.7341319636422323,dengesiz,30,49.9712,50,underhang_radyal,0,49.9712.csv,dengesiz_30g_49.9712
1.7960545806156931,0.006943828525597892,2.4384523698790455,1.3576716410487808,0.011385855303740597,0.008104436575226076,0.0021516500566453435,0.03978167119919157,2.078181540548887,3.087121458228062,0.6223071468879118,dengesiz,30,49.9712,50,underhang_radyal,1,49.9712.csv,dengesiz_30g_49.9712
1.8062676424009303,0.0069497099166168875,2.446063502970884,1.3542087814395927,0.008305327084380703,0.005450956710367914,0.0013219430761573434,0.04414249408880921,2.143241905853211,3.3170898759261034,0.5579704829715416,dengesiz,30,49.9712,50,underhang_radyal,2,49.9712.csv,dengesiz_30g_49.9712
1.8006551170535188,0.00694157121763222,2.4411723721151666,1.35571345617166,0.006103021873857947,0.003473796918699937,0.001217157878648149,0.037365856754285214,2.044366292543847,3.232598909445926,0.5812942912018026,dengesiz,30,49.9712,50,underhang_radyal,3,49.9712.csv,dengesiz_30g_49.9712
1.8018090688959383,0.006944383730347419,2.445389109471058,1.357185481904649,0.008887991287257447,0.004463940351350927,0.001415712061682276,0.030422663531859028,2.0388425387999045,3.179669525230388,0.6874596128090573,dengesiz,30,49.9712,50,underhang_radyal,4,49.9712.csv,dengesiz_30g_49.9712
1.800183650017839,0.006942045645171093,2.4446869822352353,1.358020878708487,0.012777156499879306,0.003587229562789372,0.0019668724805233296,0.026153031010172793,2.0300327338305086,3.054237248926434,0.7835269839851183,dengesiz,30,49.9712,50,underhang_radyal,5,49.9712.csv,dengesiz_30g_49.9712
1.7963672686489591,0.006955710116858107,2.4520547391565874,1.365007469212798,0.01441649558364096,0.005153492354753861,0.001261374027610544,0.026254392866459798,1.9844634525958096,3.112544802359698,0.7761786670270457,dengesiz,30,49.9712,50,underhang_radyal,6,49.9712.csv,dengesiz_30g_49.9712
0.033264105765571594,0.000138280741439704,0.02922794495060301,0.8786631799365947,0.17455908004796483,0.09456366955931275,0.1854429737136231,0.25694690864357866,2.4481710397939795,2.6043759498014607,0.019721290307392315,dengesiz,30,49.9712,50,overhang_radyal,0,49.9712.csv,dengesiz_30g_49.9712
0.03321244926876476,0.00012719997947334508,0.02756887228708899,0.8300764590760414,0.1296439971162222,0.12183352236415296,0.20623411153067336,0.23737203698307707,2.5038810885454876,2.839934515094501,0.019457670252343896,dengesiz,30,49.9712,50,overhang_radyal,1,49.9712.csv,dengesiz_30g_49.9712
0.03409237590390303,0.0001382312781445437,0.026193591346180465,0.7683122883322839,0.11876619710040788,0.1183276190475993,0.17105461375177286,0.2598853358063474,2.497007050361332,2.900557271425281,0.019728675790889782,dengesiz,30,49.9712,50,overhang_radyal,2,49.9712.csv,dengesiz_30g_49.9712
0.03469710356905904,0.00012101965831923884,0.028168267985243862,0.8118334122145842,0.13285470380011138,0.0821887654107597,0.16824858165614434,0.20962917316222,2.576193456656486,2.727550121974197,0.01974608818134172,dengesiz,30,49.9712,50,overhang_radyal,3,49.9712.csv,dengesiz_30g_49.9712
0.03429100384372988,0.00015098019153961118,0.02579415224331924,0.7522133898475386,0.11945695165612584,0.14177996501592668,0.15031444794035184,0.262284362871224,2.5331853856371263,3.4623327436429934,0.019905688767255954,dengesiz,30,49.9712,50,overhang_radyal,4,49.9712.csv,dengesiz_30g_49.9712
0.03359095203642645,0.00015035251646306294,0.025721631255769307,0.7657309393050461,0.18571845951124333,0.11643932811399609,0.17677061243484496,0.26758617540752394,2.4990592869952257,2.9132424513080126,0.019873704545527476,dengesiz,30,49.9712,50,overhang_radyal,5,49.9712.csv,dengesiz_30g_49.9712
0.03426811886994898,0.00011901678198388552,0.02666805141145217,0.7782175470991547,0.20480176273451672,0.14519750509366522,0.13923860209556008,0.3026012194518528,2.3879152219687954,2.530552205067853,0.019338532543275815,dengesiz,30,49.9712,50,overhang_radyal,6,49.9712.csv,dengesiz_30g_49.9712
0.5593450064001892,0.005384265617845017,0.7218078327665574,1.2904519116218622,0.14806958669840828,0.029105894474299867,0.004261119718780378,0.15154764995100778,1.8600771687527198,2.819085864010387,0.18192385285680776,dengesiz,35,19.8656,20,underhang_radyal,0,19.8656.csv,dengesiz_35g_19.8656
0.5626556064247233,0.005424806708068535,0.7309591547892726,1.2991235605607836,0.1627409847773621,0.03582129743725958,0.0032613745133330814,0.16721667861826714,1.8457206762583511,2.606453922588619,0.1558095952840781,dengesiz,35,19.8656,20,underhang_radyal,1,19.8656.csv,dengesiz_35g_19.8656
0.5570598163911075,0.00545824324386821,0.7279816499360462,1.3068285101785713,0.1434412432775984,0.05228263927427728,0.0029659052789433515,0.15455240492451042,1.8729200421296106,2.767836639866633,0.14266647229903054,dengesiz,35,19.8656,20,underhang_radyal,2,19.8656.csv,dengesiz_35g_19.8656
0.5514235161188276,0.005341149149102178,0.7073887039977537,1.2828410166026252,0.16231491608072038,0.04512225814057759,0.0037486242011591153,0.17034705636915584,1.7875639155665646,2.3792164224613725,0.13984062112685333,dengesiz,35,19.8656,20,underhang_radyal,3,19.8656.csv,dengesiz_35g_19.8656
0.5583121909025356,0.005325026508858278,0.7040721563936867,1.2610725108012828,0.14294692028556447,0.030351036351536735,0.004352879422254955,0.14640754261944577,1.8601013453728599,2.8397942929434015,0.19167688929692697,dengesiz,35,19.8656,20,underhang_radyal,4,19.8656.csv,dengesiz_35g_19.8656
0.5524562225495273,0.005372462210687343,0.7115569985954202,1.287988024300589,0.15638577884920044,0.03325344667775515,0.003924930600601596,0.160352840116209,1.9227797876634587,2.905683627541514,0.1683761314290115,dengesiz,35,19.8656,20,underhang_radyal,5,19.8656.csv,dengesiz_35g_19.8656
0.5581803188812026,0.005334797179715913,0.7096947468254502,1.2714435153261343,0.13714798805256068,0.052767111814608456,0.004819729901587414,0.1483349724684859,1.9127953616975117,3.000798395353942,0.15692224007690364,dengesiz,35,19.8656,20,underhang_radyal,6,19.8656.csv,dengesiz_35g_19.8656
0.030264886160004546,0.00012090525361190091,0.009499766282561849,0.3138873951821445,0.7298478150796525,0.8701173890090071,0.7854269373506311,1.2252883612198833,2.275268770124182,2.5472245374810796,0.0303509770055327,dengesiz,35,19.8656,20,overhang_radyal,0,19.8656.csv,dengesiz_35g_19.8656
0.039593558050407845,0.00023212931196269184,0.024378637076607697,0.6157223113152585,0.6798206679472775,0.2783528036100958,0.37858465500156685,0.8408592790617387,4.330169074083784,4.432848937725878,0.035851492338937904,dengesiz,35,19.8656,20,overhang_radyal,1,19.8656.csv,dengesiz_35g_19.8656
0.029831334730232736,0.00010230277502139097,0.0031115426499833954,0.10430450658735294,1.9661788600642203,2.731000902034458,2.222194392980948,3.895590432101997,2.3451988068757514,2.979052669594978,0.031345664646708946,dengesiz,35,19.8656,20,overhang_radyal,2,19.8656.csv,dengesiz_35g_19.8656
0.029983132931703047,0.00010636339878250482,0.0053456983370719835,0.17829018565439342,0.8222653184644946,1.1384711034916466,1.1812089932473968,1.709267486438749,2.308660046406735,3.298809967432508,0.03018231487470642,dengesiz,35,19.8656,20,overhang_radyal,3,19.8656.csv,dengesiz_35g_19.8656
0.030925717901038825,0.00013478968768283425,0.006468421942548034,0.209159960749742,0.633320257865495,0.3938404043987937,1.0765094219301563,1.0619047933521932,2.3597447757756878,2.8242581638623565,0.030454864145535603,dengesiz,35,19.8656,20,overhang_radyal,4,19.8656.csv,dengesiz_35g_19.8656
0.03962016136318545,0.00029563476044604047,0.02104656021229188,0.531208341602487,0.7953989399460781,0.4132034020905718,0.4202377771043406,0.9376132505303164,5.033765233601238,5.718146750699815,0.033579194373460734,dengesiz,35,19.8656,20,overhang_radyal,5,19.8656.csv,dengesiz_35g_19.8656
0.031013550048499237,0.00011799304919635397,0.006156653263750478,0.19851494762528443,0.6512578035573519,0.946202897599374,1.126366638607519,1.409784352639808,2.3364616305907,2.7083338464980846,0.030949257533241178,dengesiz,35,19.8656,20,overhang_radyal,6,19.8656.csv,dengesiz_35g_19.8656
0.7438529557610546,0.004671133918445747,0.9818462592394156,1.3199467067164425,0.008506573358461694,0.015047295481754472,0.0030247813499017845,0.055316417110535254,1.989138450352406,3.522130044966971,0.34990649215800307,dengesiz,35,29.9008,30,underhang_radyal,0,29.9008.csv,dengesiz_35g_29.9008
0.747147162755432,0.004708268428676873,0.9885327332254489,1.3230763395774388,0.0048765119526953254,0.015943246627993086,0.003096561154475503,0.03473418753617514,2.033803328834431,3.5819616357339608,0.3832533907426904,dengesiz,35,29.9008,30,underhang_radyal,1,29.9008.csv,dengesiz_35g_29.9008
0.741463480462566,0.004705292295114702,0.9868358954627483,1.3309298724271281,0.010583730031055151,0.02015456273984931,0.004095860694679046,0.05025817835916414,2.0129887006689633,3.2427210957144488,0.38270226797221873,dengesiz,35,29.9008,30,underhang_radyal,2,29.9008.csv,dengesiz_35g_29.9008
0.7420088228957766,0.004697905650739668,0.9856596550553767,1.3283664892384914,0.017046816667654226,0.014580710058220302,0.0018795046340514359,0.03666662673870983,2.006331894475777,3.5541971293741943,0.4029490793247309,dengesiz,35,29.9008,30,underhang_radyal,3,29.9008.csv,dengesiz_35g_29.9008
0.749047646006839,0.0046886661475481995,0.9850383765972671,1.315054365162451,0.014914702825299522,0.01580939127815532,0.0027611176613605635,0.050240700011833235,2.0482877973046074,3.539542486388977,0.4136607164675961,dengesiz,35,29.9008,30,underhang_radyal,4,29.9008.csv,dengesiz_35g_29.9008
0.746003946856167,0.0046759218970669645,0.9804022147802128,1.3142051310995606,0.004737578689500575,0.011291931182058146,0.001872609907004999,0.0360013812085084,2.101145978178436,3.8235931887990535,0.4057726967142645,dengesiz,35,29.9008,30,underhang_radyal,5,29.9008.csv,dengesiz_35g_29.9008
0.7500749388253896,0.0047124132550761064,0.9889769641241444,1.3185042092881476,0.012013617556009475,0.010203076422396734,0.0022134567901058878,0.04171819633700297,2.0602022516604817,3.6220464191383113,0.38795782145074464,dengesiz,35,29.9008,30,underhang_radyal,6,29.9008.csv,dengesiz_35g_29.9008
0.06423429748360818,9.392063836748936e-05,0.006223373156501267,0.09688551755380388,1.1015655618711635,0.7518420803667513,1.2375821706211116,1.5075717454705966,2.942040130108486,3.1217069791860292,0.027762129972827024,dengesiz,35,29.9008,30,overhang_radyal,0,29.9008.csv,dengesiz_35g_29.9008
0.05731717863955553,0.00021298870018414897,0.03136196642864587,0.54716521595247,0.05024168452590887,0.12038334434316698,0.2960927013594699,0.44492982334992853,3.725932262092906,4.12393316032548,0.03727174064590984,dengesiz,35,29.9008,30,overhang_radyal,1,29.9008.csv,dengesiz_35g_29.9008
0.045090518001541804,8.872758201109431e-05,0.003756153608772729,0.08330251625321737,0.9542234450351574,1.1780737302543531,1.9129301416234157,2.1783027962806503,2.830516085903387,3.9249813890597203,0.027880752291224647,dengesiz,35,29.9008,30,overhang_radyal,2,29.9008.csv,dengesiz_35g_29.9008
0.055277492757575236,0.00018396063739787715,0.024395489177215134,0.44132770789302206,0.5198276919516943,0.3928529395771131,0.3272515492870616,0.9103419394676528,6.169701319875594,4.715646412395136,0.033955455248906675,dengesiz,35,29.9008,30,overhang_radyal,3,29.9008.csv,dengesiz_35g_29.9008
0.16719632939622148,0.00023863559145668371,0.03963195178507935,0.23703840824712485,0.1537665480926362,0.14969342257009619,0.17983127570896162,0.36574974245644787,2.3321010052013222,2.336552331508331,0.040213657456070945,dengesiz,35,29.9008,30,overhang_radyal,4,29.9008.csv,dengesiz_35g_29.9008
0.08849440993836895,0.00010072092707834389,0.009690947696640539,0.10950915095405679,0.3741884026745374,0.2706847899948922,0.8359549253829316,0.8451204738908364,3.616431267931295,3.445455570199052,0.02854139744851508,dengesiz,35,29.9008,30,overhang_radyal,5,29.9008.csv,dengesiz_35g_29.9008
0.11979060033780502,0.000330196237656739,0.061608529740838545,0.5143018698177527,0.06024683920575405,0.11957182755908181,0.20535106807101539,0.3415594945562936,2.035791213969011,2.309354055636469,0.03941492927822369,dengesiz,35,29.9008,30,overhang_radyal,6,29.9008.csv,dengesiz_35g_29.9008
1.5903029120353198,0.00744935226223379,2.046922980825711,1.2871277322913954,0.06971798674363612,0.013493081309738529,0.004201156196508307,0.08457686337702676,2.454127140847514,3.749112069526536,0.8232855254520073,dengesiz,35,40.3456,40,underhang_radyal,0,40.3456.csv,dengesiz_35g_40.3456
1.5986767426599893,0.007446049498610277,2.0390913983022703,1.2754869973952414,0.07555302517852167,0.025987565894252208,0.009214660698230188,0.08822152684407435,2.4986579937667104,4.145612978454438,0.8530822191717646,dengesiz,35,40.3456,40,underhang_radyal,1,40.3456.csv,dengesiz_35g_40.3456
1.5831214306595724,0.00745211750633531,2.042124681697808,1.2899355931564338,0.07792974585208742,0.02137400748327263,0.006507958656815472,0.09041533141439274,2.419255149196581,3.874276962029091,0.8406609068269062,dengesiz,35,40.3456,40,underhang_radyal,2,40.3456.csv,dengesiz_35g_40.3456
1.5952971439058505,0.007464089832575877,2.05006220484085,1.285066053475335,0.08179216659093878,0.030667868987126784,0.00860400601206201,0.09783430765653504,2.510363139900988,4.361446897732301,0.8149105921667861,dengesiz,35,40.3456,40,underhang_radyal,3,40.3456.csv,dengesiz_35g_40.3456
1.5913397571017336,0.007457800971550603,2.050093238382844,1.2882812920575415,0.07807731325413361,0.023468934995968034,0.0046250446314089096,0.09370314123411741,2.448920478551294,3.8946812599536984,0.7732185554157043,dengesiz,35,40.3456,40,underhang_radyal,4,40.3456.csv,dengesiz_35g_40.3456
1.6041389470053258,0.007457136390524618,2.0441822125734173,1.2743174251758604,0.07506161330852597,0.025161902620397757,0.008656201705699742,0.0976391021088621,2.6379311818520916,4.204890156494162,0.7086444090628243,dengesiz,35,40.3456,40,underhang_radyal,5,40.3456.csv,dengesiz_35g_40.3456
1.5930531854867602,0.007468525350938927,2.04127580649074,1.2813607386659494,0.06791978679028937,0.011247197300678463,0.005471123482950527,0.08649404579646403,2.4964411880365858,4.064948769108241,0.7103346747968364,dengesiz,35,40.3456,40,underhang_radyal,6,40.3456.csv,dengesiz_35g_40.3456
0.07568963761932025,0.00015564053229874308,0.032532194242394424,0.4298104108462605,0.25075578611570504,0.3831548922748157,0.15672249824613707,0.6775113917744361,2.7596311108417817,3.371458712208708,0.02574321960980558,dengesiz,35,40.3456,40,overhang_radyal,0,40.3456.csv,dengesiz_35g_40.3456
0.08597926859446993,0.00015567831123489294,0.03474394737596465,0.4040968008164149,0.18873829420615718,0.2555781395439014,0.33393544926004115,0.4139635468834688,3.0930252857540603,3.3674562119079288,0.02487629569852444,dengesiz,35,40.3456,40,overhang_radyal,1,40.3456.csv,dengesiz_35g_40.3456
0.0671187911240577,0.0001964813533357368,0.033878248573380766,0.504750577379408,0.15327803890541333,0.393312378304336,0.1838127264909505,0.5272983694300183,2.2406828693406586,2.866864026234859,0.02685199888508296,dengesiz,35,40.3456,40,overhang_radyal,2,40.3456.csv,dengesiz_35g_40.3456
0.08620832758427192,0.00019165304061747926,0.037775846674522315,0.43819254743292396,0.16293633311982378,0.2790477185278619,0.3591013466002247,0.463908961898357,2.639121584058063,2.9221145792610486,0.027907204465362864,dengesiz,35,40.3456,40,overhang_radyal,3,40.3456.csv,dengesiz_35g_40.3456
0.07077312810511349,0.00018102065885115674,0.03696884170223247,0.5223570399036671,0.2231876901023956,0.4983783519128846,0.18917270251055598,0.6425631112575642,2.2484342251008167,2.553685022692613,0.025706323588090135,dengesiz,35,40.3456,40,overhang_radyal,4,40.3456.csv,dengesiz_35g_40.3456
0.08037288292981407,0.00019131236207542958,0.03687018604476347,0.4587391256887197,0.2113219456674646,0.1319866734352458,0.2922330930653428,0.35399654875424225,3.0894159945194684,3.4383768175472613,0.026892121844000975,dengesiz,35,40.3456,40,overhang_radyal,5,40.3456.csv,dengesiz_35g_40.3456
0.06646119859808247,0.00017260825041947434,0.030856958239801467,0.464285310680922,0.23938678161976545,0.3101006501899814,0.20859555483782635,0.57192819718919,2.4236749789555407,2.958351158501293,0.026158608460159348,dengesiz,35,40.3456,40,overhang_radyal,6,40.3456.csv,dengesiz_35g_40.3456
2.133170278451326,0.008220746593473991,2.8946979195005147,1.3569933674496433,0.007462845526432331,0.00908709107683344,0.0019166666256305882,0.05696282869622235,2.0758459776945934,3.0445362712655935,0.6972807665948482,dengesiz,35,49.9712,50,underhang_radyal,0,49.9712.csv,dengesiz_35g_49.9712
2.127606321480367,0.008211162750647785,2.892036041647339,1.3592909611368942,0.0061637777031140215,0.00714792582725929,0.001869159414947415,0.050667748234369536,2.009920060983118,3.036119975063975,0.6840353675327118,dengesiz,35,49.9712,50,underhang_radyal,1,49.9712.csv,dengesiz_35g_49.9712
2.1262292192238954,0.008219141334693193,2.8972182522066787,1.3626086152944707,0.013804446518657755,0.00888367544708073,0.002165667924774458,0.04843498000155159,2.0162772395407926,2.8456837212837898,0.8862786864115237,dengesiz,35,49.9712,50,underhang_radyal,2,49.9712.csv,dengesiz_35g_49.9712
2.1199102312087534,0.008218725481959718,2.8913285902992505,1.363891993034666,0.014256924675940157,0.011436493116930959,0.0024974362848757775,0.049075237608308016,1.9704591402174494,3.0655229336033054,0.887551690340412,dengesiz,35,49.9712,50,underhang_radyal,3,49.9712.csv,dengesiz_35g_49.9712
2.1307787025200233,0.008211181191696254,2.891022920572102,1.3567917293107907,0.007970083331895101,0.010438421092349354,0.0024018324151207425,0.052785497573355426,2.040250044902333,3.1127607670026647,0.7044497382481132,dengesiz,35,49.9712,50,underhang_radyal,4,49.9712.csv,dengesiz_35g_49.9712
2.1299739234596573,0.008211001052953087,2.891838173155165,1.3576871253224898,0.004901063810385797,0.007111570134456686,0.001903371708399037,0.046870387700480264,2.0116218707382725,3.0172854944225813,0.6604405275799303,dengesiz,35,49.9712,50,underhang_radyal,5,49.9712.csv,dengesiz_35g_49.9712
2.1241791815315545,0.00821952742247234,2.8947507730281434,1.3627620486044103,0.01317087705427599,0.009861125651188095,0.0019123800796593078,0.04328879240440284,1.9964835888984882,3.037813836671784,0.8803966842608469,dengesiz,35,49.9712,50,underhang_radyal,6,49.9712.csv,dengesiz_35g_49.9712
0.03966723949903234,0.0001409975854462829,0.03529049669881304,0.8896635395761348,0.09028379388534913,0.0987028928598941,0.10977792105151793,0.2762464087670189,2.526418703113308,2.9792150759650196,0.01971668435235437,dengesiz,35,49.9712,50,overhang_radyal,0,49.9712.csv,dengesiz_35g_49.9712
0.04022175606236316,0.00013933521181596064,0.03770003672855765,0.9373045937916552,0.16256667385039786,0.1103632567094748,0.1268239340786583,0.2337002615633686,2.467376399265686,3.0013560769489214,0.019504797757484798,dengesiz,35,49.9712,50,overhang_radyal,1,49.9712.csv,dengesiz_35g_49.9712
0.040863967132275095,0.00014728404408164265,0.03763773652553971,0.9210495007199557,0.16665976593735163,0.1087287693855468,0.13032896242768613,0.2695523497690821,2.50264433783874,3.1000177047696598,0.020037744534011873,dengesiz,35,49.9712,50,overhang_radyal,2,49.9712.csv,dengesiz_35g_49.9712
0.03994333567124472,0.00013502103801310631,0.03616242818018428,0.9053432211299351,0.11704893308567504,0.11834338195136856,0.11629339575034472,0.28006426157638065,2.5033174607836215,2.9102602446660004,0.019828580595911235,dengesiz,35,49.9712,50,overhang_radyal,3,49.9712.csv,dengesiz_35g_49.9712
0.04129663357308205,0.00016281824187065947,0.0399194340623155,0.9666510465242646,0.07361500502358675,0.08936950057958157,0.08224946166565561,0.20296099846757482,2.478826734457527,3.065620947755365,0.019346145990513156,dengesiz,35,49.9712,50,overhang_radyal,4,49.9712.csv,dengesiz_35g_49.9712
0.03910603325316939,0.00014818795672978254,0.03813374088721175,0.9751370239819971,0.08565022192965985,0.11165081886472504,0.14102130386477957,0.24904969671149577,2.4879686848758022,2.9643140948696125,0.019677493944559657,dengesiz,35,49.9712,50,overhang_radyal,5,49.9712.csv,dengesiz_35g_49.9712
0.040395316765030574,0.00016446329025090754,0.039387158074405695,0.9750426838471369,0.09903733107978377,0.10856463133752418,0.12802740189551362,0.20099696991953064,2.6014734721505874,3.1614890852667936,0.019456809308206126,dengesiz,35,49.9712,50,overhang_radyal,6,49.9712.csv,dengesiz_35g_49.9712
0.10720475465986096,0.0003288934168336949,0.0424444565564952,0.3959195344531777,0.5446674963898098,0.4833048620606014,0.07501512945280807,0.7884434411370275,3.5931000381656633,5.6940610393229525,0.12658800728337313,dengesiz,6,20.2752,20,underhang_radyal,0,20.2752.csv,dengesiz_6g_20.2752
0.10988767044450927,0.00035072356488574235,0.04493430226426453,0.4089112280030215,0.5595992448200802,0.5437229402739667,0.0883429094377888,0.8696030636631066,3.413933627196225,4.4146657358601775,0.11531776837498961,dengesiz,6,20.2752,20,underhang_radyal,1,20.2752.csv,dengesiz_6g_20.2752
0.10473860704785942,0.00036181578691595463,0.04538238300326557,0.4332918327059207,0.5882797825255067,0.6821459007895571,0.08535404171925304,0.9706999200192266,3.3367106664763604,4.294609369765286,0.11701348594612178,dengesiz,6,20.2752,20,underhang_radyal,2,20.2752.csv,dengesiz_6g_20.2752
0.10614353117036543,0.00033870718767847323,0.044169722118719064,0.4161320207767388,0.4806854084478477,0.5236016539542775,0.16979349332118876,0.7886591723489484,3.327860998644001,4.444676184292739,0.11913040900956454,dengesiz,6,20.2752,20,underhang_radyal,3,20.2752.csv,dengesiz_6g_20.2752
0.10770701870640444,0.0003570605751403467,0.045508502156617586,0.4225212312323436,0.5204725588554107,0.5007907473578626,0.06308792364178659,0.8042880402231765,3.243560682528404,4.617557030856153,0.11484831077390605,dengesiz,6,20.2752,20,underhang_radyal,4,20.2752.csv,dengesiz_6g_20.2752
0.1039401944670965,0.00034079038722633075,0.04300241538215229,0.413722675835011,0.6409983862740217,0.7135016888027915,0.07098732294754799,0.9901460531065043,3.466156052718171,4.64604947207433,0.1139507567977227,dengesiz,6,20.2752,20,underhang_radyal,5,20.2752.csv,dengesiz_6g_20.2752
0.10906325192548987,0.0003335359816742732,0.043381937599210614,0.3977686052168207,0.557049976052731,0.5594553794759749,0.11254068118644946,0.8676770969279943,3.602443557356379,4.575421740253832,0.12045721527691387,dengesiz,6,20.2752,20,underhang_radyal,6,20.2752.csv,dengesiz_6g_20.2752
0.032327817908314696,0.00010955654814150375,0.01166134728242054,0.3607217571916763,0.6476683958629105,0.4454176689054865,0.5948656202269947,0.901012247031223,2.5834416521600305,3.141529680499519,0.0261464029652699,dengesiz,6,20.2752,20,overhang_radyal,0,20.2752.csv,dengesiz_6g_20.2752
0.028235258827731976,0.00011875055684764373,0.011721806231023717,0.41514782287370783,0.7030319594119908,0.5235488024569778,0.42363433745770235,0.9641464963553089,2.5539435740682914,3.172223033794078,0.026933587073314558,dengesiz,6,20.2752,20,overhang_radyal,1,20.2752.csv,dengesiz_6g_20.2752
0.03108151563330657,0.00012683612756781196,0.012030412789720219,0.387060043379658,0.3797704676544477,0.3805565270249364,0.4653120633077048,0.7338087659948045,2.44669424500292,2.8739518160928834,0.026884050437499904,dengesiz,6,20.2752,20,overhang_radyal,2,20.2752.csv,dengesiz_6g_20.2752
0.028162164854121405,0.00013423586399829746,0.011038315991031968,0.3919555207427388,0.3043276210839987,0.19298282867097877,0.664102181390553,0.5683268563361072,2.3216309170096077,2.7068063655713965,0.026540147646487645,dengesiz,6,20.2752,20,overhang_radyal,3,20.2752.csv,dengesiz_6g_20.2752
0.029771600017262836,0.00013281146518195363,0.011224116270885029,0.37700749250963345,0.5246905865591874,0.4786262830683484,0.5394428201781667,0.9079263958471705,2.5988822310942545,3.1228864107589422,0.02672337015050521,dengesiz,6,20.2752,20,overhang_radyal,4,20.2752.csv,dengesiz_6g_20.2752
0.030326567517707324,0.00012426327423253251,0.010547958199491248,0.3478124648621908,0.6269957317036983,0.5630935931236882,0.7665682950559252,0.9384430290293344,2.528270798195826,2.9689578368000955,0.027016613206413406,dengesiz,6,20.2752,20,overhang_radyal,5,20.2752.csv,dengesiz_6g_20.2752
0.0306649407820147,0.00014314186961409962,0.012363187254796116,0.4031701004178714,0.776916893216404,0.3325963009457718,0.671741767164799,0.9803280451410216,2.5385288609670216,3.058967903726849,0.027048873050474046,dengesiz,6,20.2752,20,overhang_radyal,6,20.2752.csv,dengesiz_6g_20.2752
0.25601678465392197,0.0015435965658254303,0.3179185445206859,1.241787896638104,0.10606605833029445,0.10083273390462447,0.007041181671539798,0.18928218318408893,2.0165630457793244,3.1038606632585997,0.14285653094582557,dengesiz,6,29.4912,30,underhang_radyal,0,29.4912.csv,dengesiz_6g_29.4912
0.2572310198543939,0.0015506098370855572,0.3181707709253967,1.23690669618408,0.09276840729597176,0.1125053839685094,0.007540588979881477,0.20381737777589945,2.016623388786753,3.256011897471518,0.13943268593490338,dengesiz,6,29.4912,30,underhang_radyal,1,29.4912.csv,dengesiz_6g_29.4912
0.25615687731844466,0.0015476342116921694,0.31780564625953295,1.2406680218201138,0.0631215102207701,0.10664625377595949,0.00668527047385875,0.16563625226419648,1.9917155156259332,3.0682939130155407,0.13447587298175326,dengesiz,6,29.4912,30,underhang_radyal,2,29.4912.csv,dengesiz_6g_29.4912
0.25490897835457266,0.0015360121574892794,0.31699099082167453,1.2435458055129924,0.09732820464458883,0.10461390529156736,0.010634998655585882,0.19912484291907342,1.9775345758300138,2.9675459122711003,0.1412808859439127,dengesiz,6,29.4912,30,underhang_radyal,3,29.4912.csv,dengesiz_6g_29.4912
0.25628788572777866,0.001554811920097234,0.31948496219107797,1.2465862804345689,0.0996180134830448,0.10710224610617214,0.005251058233200206,0.19956236628398258,2.06727611373075,3.0182547342141195,0.14110553619198923,dengesiz,6,29.4912,30,underhang_radyal,4,29.4912.csv,dengesiz_6g_29.4912
0.25574826895774316,0.0015407999744926268,0.31719289166304837,1.2402543053545256,0.05588511036336712,0.1108553406194338,0.009193782425099689,0.16337477225364141,1.9491529650018506,2.7582414218406988,0.13832148554745077,dengesiz,6,29.4912,30,underhang_radyal,5,29.4912.csv,dengesiz_6g_29.4912
0.25722653494554554,0.0015422884760886411,0.3178089743601706,1.2355217335031736,0.09581335613415459,0.11804439440199756,0.006224101428134822,0.20951711775299542,2.0145766125732254,3.0932467825554864,0.13135873232352543,dengesiz,6,29.4912,30,underhang_radyal,6,29.4912.csv,dengesiz_6g_29.4912
0.031091421259835036,7.728856642741454e-05,0.007180687574084658,0.23095398289591743,0.5195564041080516,0.2835108386384887,0.6006179682096409,0.9364966017636426,2.6205066883496393,3.3147775538649205,0.02427954507442374,dengesiz,6,29.4912,30,overhang_radyal,0,29.4912.csv,dengesiz_6g_29.4912
0.03382158374247161,0.00010134011691014307,0.006620283839935055,0.1957413907683413,0.6462025828819425,0.4346380999559975,0.9555015488364926,1.0460414973963907,2.3520459093108466,2.6773672214954733,0.023522506730777618,dengesiz,6,29.4912,30,overhang_radyal,1,29.4912.csv,dengesiz_6g_29.4912
0.02834270397275786,9.647287434470839e-05,0.007695317611282922,0.27150964912902864,0.5679525232602208,0.4879321393879219,0.9643304798414202,0.8469268235800547,2.455652753549504,2.746545719044632,0.023654711589166273,dengesiz,6,29.4912,30,overhang_radyal,2,29.4912.csv,dengesiz_6g_29.4912
0.029609746911485865,8.9906145566717e-05,0.008006118308457861,0.27038793449064685,0.4780550333050454,0.5717061865743005,0.8702098211976069,0.9718077547702252,2.517250612483253,3.0529418901984666,0.024655759594557063,dengesiz,6,29.4912,30,overhang_radyal,3,29.4912.csv,dengesiz_6g_29.4912
0.03282528177215911,8.806789236932452e-05,0.008690353420033412,0.26474573714518496,0.48905034214710336,0.605090306771818,0.7598709917943712,1.0532620844356477,2.410687808591991,3.0243516755910353,0.023783918203868704,dengesiz,6,29.4912,30,overhang_radyal,4,29.4912.csv,dengesiz_6g_29.4912
0.030902994380018475,8.924407200070309e-05,0.008599827957433373,0.2782846170633756,0.38616441541304336,0.44802640727118265,0.6803020364343685,0.8918380510714641,2.702361393363236,3.032194978322879,0.024349887665508253,dengesiz,6,29.4912,30,overhang_radyal,5,29.4912.csv,dengesiz_6g_29.4912
0.029457334292771257,9.968399571552356e-05,0.009156881016422175,0.3108523305300709,0.4124331448905194,0.3157716766510499,0.8816342373941215,0.8285257618251587,2.5745108702775887,2.748437007990217,0.02388288849512469,dengesiz,6,29.4912,30,overhang_radyal,6,29.4912.csv,dengesiz_6g_29.4912
0.2794107483923976,0.0006924303362209768,0.18254386845960643,0.6533172739747041,0.2076712014034513,0.24736553566019634,0.05235615638903395,0.37201305228536274,6.2323162107951,6.996232415981136,0.3440039865023881,dengesiz,6,39.3216,40,underhang_radyal,0,39.3216.csv,dengesiz_6g_39.3216
0.281257796545019,0.0006809056860307595,0.18018500995638836,0.6406400539616927,0.20976846587565143,0.1324997970112504,0.04891337681214279,0.29354030629431166,5.664045557561781,6.7753453783591,0.33409493518318745,dengesiz,6,39.3216,40,underhang_radyal,1,39.3216.csv,dengesiz_6g_39.3216
0.28092742409237664,0.0006690998340062456,0.1773455240036842,0.6312859080099522,0.2111567001794717,0.3096092120709151,0.057953771204244796,0.418218755765473,5.564422521390723,6.369477789575211,0.3373907764732619,dengesiz,6,39.3216,40,underhang_radyal,2,39.3216.csv,dengesiz_6g_39.3216
0.28153230198319884,0.0006873917178057446,0.18084869471082493,0.6423728056646771,0.2108596486622701,0.23932896547786717,0.07123146565371624,0.3594798323361372,5.694598187037618,6.198461677038826,0.3372941511009979,dengesiz,6,39.3216,40,underhang_radyal,3,39.3216.csv,dengesiz_6g_39.3216
0.2831715123021446,0.0006857301477862784,0.18098686289683316,0.6391421983969936,0.2138132253919281,0.12039434695787263,0.05657749904083984,0.30157469946368515,5.7056392587475795,6.563081261626087,0.34890353947357056,dengesiz,6,39.3216,40,underhang_radyal,4,39.3216.csv,dengesiz_6g_39.3216
0.2819994646462944,0.0006688767506372332,0.1783493883094683,0.6324458400392197,0.21434056135511978,0.3046927932640198,0.05619453860117527,0.40578879315828237,5.632890707470947,6.959129582372323,0.34294327243682166,dengesiz,6,39.3216,40,underhang_radyal,5,39.3216.csv,dengesiz_6g_39.3216
0.28157522136636837,0.0006796491412851874,0.1797926348592807,0.6385243487910006,0.21199943769681717,0.2692496433584705,0.05015198596009697,0.37483826112684887,6.623810069032864,7.2017844379709475,0.3232590978269132,dengesiz,6,39.3216,40,underhang_radyal,6,39.3216.csv,dengesiz_6g_39.3216
0.026943945183191445,8.495729043542444e-05,0.005416596487770774,0.20103204822984871,0.2257254863941429,0.8204866650882615,1.4323107009911298,1.2131214835718143,2.4336386887856327,3.1154795369420705,0.021987518958498344,dengesiz,6,39.3216,40,overhang_radyal,0,39.3216.csv,dengesiz_6g_39.3216
0.028130409627582426,6.99618552485922e-05,0.0064141748091959385,0.22801569169752497,0.7046341612516202,0.6816068718537899,1.0893106391143517,1.2486634280284392,2.417280063745623,3.132410494439704,0.02237934204388781,dengesiz,6,39.3216,40,overhang_radyal,1,39.3216.csv,dengesiz_6g_39.3216
0.025855436352110225,8.921581607803872e-05,0.006334137573833558,0.2449828147290814,0.5003196757101234,0.4062105675116032,1.300700646071981,1.0109820241067924,2.2135935921699996,2.5242202844548243,0.021980690948148918,dengesiz,6,39.3216,40,overhang_radyal,2,39.3216.csv,dengesiz_6g_39.3216
0.02829449503571482,7.716254700603792e-05,0.007348166969961624,0.25970306098153273,0.4880205566959846,0.3526078328920987,1.0303307095722132,0.9068813313715457,2.4078368152397007,3.1051323298647393,0.022215469039589732,dengesiz,6,39.3216,40,overhang_radyal,3,39.3216.csv,dengesiz_6g_39.3216
0.026389128790755792,7.720717841722458e-05,0.005945465355248613,0.2252997968279283,0.7242617124698058,0.39193825716801234,1.6020678720842176,1.146830154334505,2.31067266443128,2.7539032734753257,0.022176096313132374,dengesiz,6,39.3216,40,overhang_radyal,4,39.3216.csv,dengesiz_6g_39.3216
0.02833795910257703,8.293180554857853e-05,0.004153927182214433,0.14658526279297557,0.37601311019409184,1.1254482297419395,2.145058542804396,1.6336976261888885,2.5132914047183244,3.395529074300218,0.022338523168706336,dengesiz,6,39.3216,40,overhang_radyal,5,39.3216.csv,dengesiz_6g_39.3216
0.02981830863122219,7.906919826225806e-05,0.0072409925286087504,0.2428371313047584,0.5970295301558882,0.6602983977309879,1.048059626528357,1.1422606434924614,2.5455547424350895,2.7367778502052875,0.022201242931921238,dengesiz,6,39.3216,40,overhang_radyal,6,39.3216.csv,dengesiz_6g_39.3216
0.529199048774383,0.001593361783131522,0.463880597810994,0.8765711104062979,0.09285362139214288,0.10797662260195866,0.018571661604816752,0.22836410964315482,3.3312392159072415,4.957540085529783,0.3998415668068906,dengesiz,6,50.5856,50,underhang_radyal,0,50.5856.csv,dengesiz_6g_50.5856
0.5191380859288937,0.0015927425250503713,0.4640461080821166,0.8938779886490222,0.09049710187709253,0.13326099902254035,0.015799632167041465,0.2489109543714054,3.0181956211863623,4.237768666782617,0.37583676096253354,dengesiz,6,50.5856,50,underhang_radyal,1,50.5856.csv,dengesiz_6g_50.5856
0.5265472276454546,0.0015883494354955873,0.46498252354373915,0.8830784764020209,0.09433462960616047,0.10816466628903634,0.02306249720480668,0.22289864813152538,3.2883826855429015,4.694185663450999,0.3673631560020421,dengesiz,6,50.5856,50,underhang_radyal,2,50.5856.csv,dengesiz_6g_50.5856
0.5194292300386985,0.0015844619492525087,0.4610666990454002,0.8876410343910801,0.09561575631146052,0.12738518217263922,0.016545869394471453,0.26146778091462397,3.065485042238394,4.126989058432806,0.39337806864122893,dengesiz,6,50.5856,50,underhang_radyal,3,50.5856.csv,dengesiz_6g_50.5856
0.5203417257326354,0.0015904530834884468,0.45886820261963607,0.8818593242213526,0.09384197415824909,0.0975406747224207,0.020379824765493083,0.21507156794171067,3.230494558590147,4.513970528732858,0.37483619886692887,dengesiz,6,50.5856,50,underhang_radyal,4,50.5856.csv,dengesiz_6g_50.5856
0.5201724921623472,0.001590929504761072,0.4563532858748524,0.8773114548539912,0.09092404883382181,0.129179377485977,0.01660255927032036,0.23724797508758808,3.114844151047864,4.0805438276332255,0.38670897981079905,dengesiz,6,50.5856,50,underhang_radyal,5,50.5856.csv,dengesiz_6g_50.5856
0.5228375543908488,0.00158781240971909,0.4556423735429654,0.8714798118757114,0.09059627386235668,0.10413189142433411,0.016024173476109464,0.2203027256553959,3.2016050072199604,4.777697414069501,0.38882294598883377,dengesiz,6,50.5856,50,underhang_radyal,6,50.5856.csv,dengesiz_6g_50.5856
0.02591822673847589,5.923465408985097e-05,0.003231247751970055,0.12467086519652062,0.9856275330630708,1.6925311123161848,1.0086439818996495,2.503063570580686,2.286387840365151,2.8995111332014547,0.019516123048191964,dengesiz,6,50.5856,50,overhang_radyal,0,50.5856.csv,dengesiz_6g_50.5856
0.026728444859479342,0.0001126362980647211,0.003924770383183308,0.14683871073196894,0.7616158149685923,0.7211663789628899,1.0738097857249116,1.7272591920662115,2.469005289672222,2.9652029350312765,0.019906092496447782,dengesiz,6,50.5856,50,overhang_radyal,1,50.5856.csv,dengesiz_6g_50.5856
0.026570857404871657,0.00010142630286407564,0.004850304649602395,0.1825422708614051,0.4987367265899776,0.48591978946598574,0.7791291812152596,1.62394860339545,2.28739316506425,2.649644587873834,0.019841012127180088,dengesiz,6,50.5856,50,overhang_radyal,2,50.5856.csv,dengesiz_6g_50.5856
0.026116931272562077,6.164825525775474e-05,0.002662473520514792,0.10194434761981355,1.1473428658882125,1.2435234889217406,2.0464211926691243,2.4854318384635725,2.4096563698953157,3.2090391096359245,0.01974806803461059,dengesiz,6,50.5856,50,overhang_radyal,3,50.5856.csv,dengesiz_6g_50.5856
0.027736616887901428,0.00010608144874387163,0.005064539546222476,0.1825939899775235,0.6348958371317527,1.1246349299381277,0.7118780025186967,1.790141485394857,2.522813578789219,2.9091172949961464,0.01967320517519598,dengesiz,6,50.5856,50,overhang_radyal,4,50.5856.csv,dengesiz_6g_50.5856
0.027784551608776395,9.281847761796179e-05,0.0028998792331471784,0.10437020088986479,1.234440720938087,1.212344076035636,1.569878889581033,2.7655725302304703,2.5322290238452947,3.3387538848539817,0.01909885909099829,dengesiz,6,50.5856,50,overhang_radyal,5,50.5856.csv,dengesiz_6g_50.5856
0.026655902905721424,6.693997720820475e-05,0.0042206285009539464,0.15833748028432731,0.8116150519963581,0.507011073709997,0.8827360189086988,1.5742498694202605,2.4013658602738657,2.946995744627994,0.019780141960386122,dengesiz,6,50.5856,50,overhang_radyal,6,50.5856.csv,dengesiz_6g_50.5856
