rms,hiz_rms,a1x,a1x_rms,a2x_a1x,a3x_a1x,altharmonik,thd,kurtosis,crest,rulman_bant,dosya,etiket,yuk,gercek_hz,tahmin_hz,guven,blok
0.07085909756693454,1.6772348196537637e-05,0.00021548578642620545,0.003041046158111361,1.4115904966624606,2.197816879607459,2.3078385134278325,14.498410413058656,2.8871296259009407,3.5006866843479303,0.051773892677563126,97.mat,saglam,0,29.933333333333334,29.89946615835786,2.1553616545199397,0
0.07080171401359046,1.8700200716431144e-05,0.0004889369082593772,0.006905721352432507,1.5810709970863026,1.2332172278801279,0.6204172832069779,8.736632289120017,2.701241256659511,3.8892817311117316,0.0561300189896696,97.mat,saglam,0,29.933333333333334,29.89946615835786,2.1553616545199397,1
0.07035202680178412,1.9136231503899165e-05,0.00032509484246093603,0.004620973371133505,1.439249761016593,1.4995703432639933,1.050084360043019,21.842423258660478,2.768321220440264,3.574222979565868,0.05543116795953381,97.mat,saglam,0,29.933333333333334,29.89946615835786,2.1553616545199397,2
0.06918323685822662,1.8500468217030688e-05,0.0003178037494455358,0.004593652507069014,2.373291323387635,1.3833854567957673,1.423732166219164,17.093187526793656,2.8066275757989656,3.8964884922964664,0.04872838900125218,97.mat,saglam,0,29.933333333333334,29.89946615835786,2.1553616545199397,3
0.0692927465962663,1.999625881606938e-05,0.0005424795932927385,0.007828807774725156,0.4204977292578065,0.8384899029830808,1.0686553987460756,15.610005277105957,2.853868616230206,3.5399052670539897,0.04891905844823268,97.mat,saglam,0,29.933333333333334,29.89946615835786,2.1553616545199397,4
0.0706226393638362,2.090488435284255e-05,0.0003814145541282403,0.005400740577789151,0.8070696334366068,1.2964281901481298,1.3685763078876376,25.667069897314438,2.7456438748436534,3.3881944981831493,0.05322909025948847,97.mat,saglam,0,29.933333333333334,29.89946615835786,2.1553616545199397,5
0.0680152697592355,1.808304699874835e-05,0.0004751095714846737,0.006985336868610673,1.0935164456090436,0.9156206178564352,0.5561448012059599,12.218438472060686,2.7012933838024904,3.54651393472336,0.04829740424735884,97.mat,saglam,0,29.933333333333334,29.89946615835786,2.1553616545199397,6
0.0704774594535235,1.809459128638767e-05,0.0005406964417291083,0.007671905967013463,0.21785316387797674,1.1476652476707914,0.7781024498440654,13.067316755658418,2.77243728571566,3.2823106414677534,0.05085430242619752,97.mat,saglam,0,29.933333333333334,29.89946615835786,2.1553616545199397,7
0.07219946401588001,1.958818115834488e-05,0.0004962716446538015,0.006873619512435366,1.2470013378181668,0.9296502601378772,0.7632448707433259,14.982506927521515,2.6396870017692704,3.506040796195499,0.05857391117823288,97.mat,saglam,0,29.933333333333334,29.89946615835786,2.1553616545199397,8
0.07214938633703814,1.8491630190166845e-05,0.00036508113179454615,0.005060072584457595,0.3713090784738646,1.5299728423463306,1.2237524184076116,9.388522911655906,2.8351597137361932,3.2224280534428287,0.060518462540689856,97.mat,saglam,0,29.933333333333334,29.89946615835786,2.1553616545199397,9
0.07155119953089142,1.601731998042096e-05,0.0004096104252393036,0.0057247177953562356,1.9207599742366244,1.3917054071814734,1.195192602208334,6.565550229535929,2.8595024159726874,3.300383904561948,0.05349366793130317,97.mat,saglam,0,29.933333333333334,29.89946615835786,2.1553616545199397,10
0.07182741611778173,1.8133492932181127e-05,0.0004671781915248352,0.006504176493725708,0.5883690628379442,0.9087371313427113,0.9025432258803798,3.527229150634121,2.7657305916012946,3.262593899770769,0.05983319953120661,97.mat,saglam,0,29.933333333333334,29.89946615835786,2.1553616545199397,11
0.07278846253470744,1.8697679730375695e-05,0.00028715689253334264,0.003945088033594247,2.548314937825516,2.1131542247327584,0.9461914508957936,11.418961667706686,2.723353333476709,3.523172506152884,0.05998971607163787,97.mat,saglam,0,29.933333333333334,29.89946615835786,2.1553616545199397,12
0.07064489620978466,1.755522380749167e-05,0.0003466397822834003,0.004906791585468876,1.0647043883014695,1.1490071551945957,1.184922089360608,16.522462438792118,2.8613963671234877,3.686318010141226,0.04951568969656472,97.mat,saglam,0,29.933333333333334,29.89946615835786,2.1553616545199397,13
0.059562553249032896,2.0391198731691268e-05,0.00015758126451050642,0.002645643208896848,3.82584103183108,2.373654214443658,2.6881379073462384,25.79788615609483,3.0343437196762038,3.58204858910624,0.06573023992607617,98.mat,saglam,1,29.533333333333335,29.526346510579163,2.0502961124868353,0
0.06067593767838056,2.1561102864612975e-05,0.00025674920038097875,0.004231483026066684,0.8041200446461088,2.1508616696079024,1.9780145182433058,16.253294245729904,2.8355235972022266,3.4029497807356304,0.06868772567483193,98.mat,saglam,1,29.533333333333335,29.526346510579163,2.0502961124868353,1
0.060274942595875194,2.339261682656742e-05,0.0002892863934430576,0.004799447016944233,2.8768619101220265,1.618935928536001,1.4982816597211799,22.352426742091836,2.8965984006208245,3.868735375790007,0.06991176132260879,98.mat,saglam,1,29.533333333333335,29.526346510579163,2.0502961124868353,2
0.05916194618347708,2.1195004864915307e-05,0.00026318771036685444,0.004448597913702671,3.1698699314177428,1.5457795577001214,1.5401541398425675,12.362822208759685,2.9121593796792338,3.478590104971693,0.0675427630585117,98.mat,saglam,1,29.533333333333335,29.526346510579163,2.0502961124868353,3
0.06142126552220069,2.1876240677168325e-05,0.0003044380378531999,0.004956557558036708,1.700197456981956,2.486457836907043,1.0024313037284485,12.428271081272724,2.9040574651806565,4.128693655440205,0.07194712842778922,98.mat,saglam,1,29.533333333333335,29.526346510579163,2.0502961124868353,4
0.06052643329827247,2.1691999518078204e-05,0.00042151055677843195,0.00696407393930312,1.818492140652368,1.1333882229982273,0.6971465474614528,11.677440557034044,2.891317938278343,3.557270210953119,0.06768911429983092,98.mat,saglam,1,29.533333333333335,29.526346510579163,2.0502961124868353,5
0.05986503087351936,2.1362928676844e-05,0.0004698242728014843,0.00784805864021458,1.5504281832160238,0.8525152159822393,0.6395623280453385,7.647196466483558,2.9760185615978036,3.523565468799872,0.06869576198124028,98.mat,saglam,1,29.533333333333335,29.526346510579163,2.0502961124868353,6
0.06030077953566875,2.172593698225159e-05,0.00037867192029630625,0.006279718491301374,1.0127664694840992,1.5944638157481605,0.7316658131827845,9.596789941286186,2.88288377069105,3.247925582068702,0.0704941979821077,98.mat,saglam,1,29.533333333333335,29.526346510579163,2.0502961124868353,7
0.05945692947703438,2.206645982044868e-05,0.0004100739510427333,0.0068969917323804955,0.9965510233439768,0.9749022160279114,1.654795881466704,10.382615218120678,2.910919121695472,3.470451886828025,0.0691250722096282,98.mat,saglam,1,29.533333333333335,29.526346510579163,2.0502961124868353,8
0.061638556310394894,2.2121051777056127e-05,0.00038970665884242677,0.006322449488817491,1.3231002606890931,1.5646832744307426,0.9285671342503162,8.742851261403144,3.1249858186857455,4.757531893041478,0.07206167769143292,98.mat,saglam,1,29.533333333333335,29.526346510579163,2.0502961124868353,9
0.06232239956982793,2.1403101820931008e-05,0.00037813915301683173,0.006067467806451925,1.7019550637419207,1.3875843176050302,0.4419351768682867,9.14784796374661,3.010631967451357,3.8993675002883585,0.06821498365546416,98.mat,saglam,1,29.533333333333335,29.526346510579163,2.0502961124868353,10
0.05903054006288133,2.12200113415245e-05,0.0001819892282166399,0.0030829673592634565,1.7057907961845937,2.2237680767790198,2.2784754487975016,28.180639179660798,3.0357563402192542,4.029835238386942,0.06778183285311884,98.mat,saglam,1,29.533333333333335,29.526346510579163,2.0502961124868353,11
0.06099421060147088,2.1907911951028157e-05,0.0003789287037405625,0.006212535583257669,2.2078547157629713,1.592673606301856,1.2541248798544313,7.5814135975947075,3.000095000766322,3.6645576064888594,0.07044840505030228,98.mat,saglam,1,29.533333333333335,29.526346510579163,2.0502961124868353,12
0.06067988822542323,2.2368842467583888e-05,0.00024553969217681225,0.004046475683353209,4.5435939346192855,1.507336759099285,1.9035701708782313,17.219684887701913,2.980425634971229,3.865182084374226,0.0713008574195826,98.mat,saglam,1,29.533333333333335,29.526346510579163,2.0502961124868353,13
0.0595111065787675,2.1025543551452094e-05,0.0002247964354773635,0.0037773862459783173,2.6761381408721503,2.096266820811003,1.3572864890778518,28.312343905987937,3.0290269727932415,4.096909098899649,0.06597532924144671,98.mat,saglam,1,29.533333333333335,29.526346510579163,2.0502961124868353,14
0.060662238798923386,2.1891327459035488e-05,0.0006116423759169072,0.010082753093472702,0.9762867720829865,1.1705019032571005,0.8170282097433451,5.27926184675282,3.039753575629179,3.7597192642420465,0.0704078495927978,98.mat,saglam,1,29.533333333333335,29.526346510579163,2.0502961124868353,15
0.06040434964590491,2.182530773636193e-05,0.00030781435207234085,0.005095897131111867,2.3425067479016732,1.5002790436482967,1.3174424202575712,17.69780270022587,2.996223982877364,3.4251039985511125,0.06977386185230017,98.mat,saglam,1,29.533333333333335,29.526346510579163,2.0502961124868353,16
0.05989279509654846,2.2035423555392248e-05,0.00038417748793750646,0.006414419085163579,1.6195285875168886,1.2388829592941162,1.2250081929912544,17.969907861277875,2.902536598947268,3.471078501127511,0.06908302926957216,98.mat,saglam,1,29.533333333333335,29.526346510579163,2.0502961124868353,17
0.061812252942546025,2.2525567893330443e-05,0.000335234689083902,0.0054234342402966025,0.9812463782518772,1.6754046904546207,0.9464448953112607,10.692801988099218,2.9778652914829564,3.3965251018432747,0.07256148291079302,98.mat,saglam,1,29.533333333333335,29.526346510579163,2.0502961124868353,18
0.05990751143391828,2.1852155419466874e-05,0.0003996166414620217,0.006670559866205646,1.6940716756922984,0.7668106320094121,0.8758024739784678,17.162743865444646,3.0065171627084104,3.864256536078995,0.06958107557728518,98.mat,saglam,1,29.533333333333335,29.526346510579163,2.0502961124868353,19
0.06027120531730205,2.199886396590236e-05,0.0003356563443606796,0.0055690995822636,3.436336620751885,1.8766522858748098,1.0439458365444267,18.371944132684668,3.0897443283746835,3.8088853243396943,0.06914894779325606,98.mat,saglam,1,29.533333333333335,29.526346510579163,2.0502961124868353,20
0.05998515894980455,2.2795469789984767e-05,0.0003637133786480738,0.006063389428481218,1.540442580042757,1.0904853471241687,2.151442144039222,11.724770989568226,3.1280864769004393,3.8148168387871895,0.06862481483082022,98.mat,saglam,1,29.533333333333335,29.526346510579163,2.0502961124868353,21
0.06030699697480242,2.2811661107862165e-05,0.00017520557090018758,0.002905227911953352,3.450172307130146,1.7241373060539076,2.175513979982283,48.680186369565845,2.8755536396497066,3.495137314205167,0.06967735742101053,98.mat,saglam,1,29.533333333333335,29.526346510579163,2.0502961124868353,22
0.061276994544658916,2.235923530862349e-05,0.0002817752817540582,0.004598386129138577,3.180318005056193,2.09651026599982,1.3680465537399717,20.342171548233726,2.892704108642064,3.3187144940018474,0.07117318443452239,98.mat,saglam,1,29.533333333333335,29.526346510579163,2.0502961124868353,23
0.05867117351229313,2.1342312080864457e-05,0.0003465861707391678,0.005907265015939075,1.236501842405766,1.1026775694058855,1.0158730173954311,15.105772894814534,2.933924595091532,3.7592820235626325,0.06791025244255625,98.mat,saglam,1,29.533333333333335,29.526346510579163,2.0502961124868353,24
0.05962695697637952,2.1866855027293556e-05,0.00033968616905956237,0.005696855688752119,0.6746639470277581,1.3254051715216886,0.46623256134324703,24.59224788186293,2.9976448430793146,3.6831232408131918,0.06423526481156454,98.mat,saglam,1,29.533333333333335,29.526346510579163,2.0502961124868353,25
0.06090509987656415,2.2052547375120658e-05,0.00032114881381827633,0.005272937971760542,2.0532029460525454,1.7747514272464915,1.7966124947233513,17.2373158439845,2.9865240068407894,4.043411754307236,0.06895170678602063,98.mat,saglam,1,29.533333333333335,29.526346510579163,2.0502961124868353,26
0.058258816458839416,2.1390860613638e-05,0.0002768002595262693,0.004751216662924846,3.2822807015721804,1.3029749276080154,1.5358022813824346,24.21496545384003,2.906715084488831,3.393583720531931,0.06612463820039469,98.mat,saglam,1,29.533333333333335,29.526346510579163,2.0502961124868353,27
0.061290508163117326,2.2162396619449068e-05,0.000400784157284587,0.006539090134665045,0.746215439050964,1.0323666695927523,1.079157991759255,18.88076192902916,2.9088877027888294,3.3622333120538266,0.06933779341048982,98.mat,saglam,1,29.533333333333335,29.526346510579163,2.0502961124868353,28
0.055647167328450785,2.1308176464805e-05,0.0004156085783435013,0.007468638536135227,1.762356043706842,0.7333493838066659,1.6973311345349096,13.405400543855045,2.87761283231538,3.7427142641430002,0.06401278393104502,99.mat,saglam,2,29.166666666666668,29.180269763334202,1.8451250969173199,0
0.057027236117183626,2.2528442972039924e-05,0.00030907519252204715,0.005419782082398622,0.646184577835533,1.18510620734181,2.4198078782806127,24.86730038717029,3.038368949677796,3.586217700150279,0.06386010672890673,99.mat,saglam,2,29.166666666666668,29.180269763334202,1.8451250969173199,1
0.05555869500261705,2.0894408474161027e-05,0.000602632115874871,0.010846765134343737,1.0614869594591239,0.7330498980249702,0.8655058968655144,9.061673227012124,2.8955831091284603,4.2644775487971724,0.06389601540755231,99.mat,saglam,2,29.166666666666668,29.180269763334202,1.8451250969173199,2
0.05612554644125411,2.1317111888450215e-05,0.00022339574797444465,0.0039802863782233255,1.9103429699173011,1.1553551366439605,3.633292147008769,32.557529607303294,3.0467767345994314,3.839069856605159,0.061619539594849934,99.mat,saglam,2,29.166666666666668,29.180269763334202,1.8451250969173199,3
0.05673867969198679,2.0923654727957887e-05,0.00037834591475662693,0.006668218520484758,0.29929992688948487,0.7593896244153152,1.5873145438000618,19.203182893829887,3.0667631653617318,4.142005170787035,0.06108678984653326,99.mat,saglam,2,29.166666666666668,29.180269763334202,1.8451250969173199,4
0.056394741522165545,2.0270042230578874e-05,0.00023767159526946128,0.004214428311047968,1.985725507063792,1.3982120781869722,1.6835357888835294,22.373667479944224,2.9341638112242205,3.676066362708397,0.06228400412724488,99.mat,saglam,2,29.166666666666668,29.180269763334202,1.8451250969173199,5
0.055763046041892465,2.1027519444615597e-05,0.0003499974720362994,0.00627651279607438,0.49357533945126675,0.8482753013555198,1.058492060936585,19.88118994307895,3.0613135797547173,4.01448198085382,0.06333749542669041,99.mat,saglam,2,29.166666666666668,29.180269763334202,1.8451250969173199,6
0.0569792865850758,2.11267901944984e-05,0.0004924689722693229,0.008642947319555753,0.7339190471926103,0.7222974439989923,0.5882067933571252,13.223250715546568,3.031224530625259,4.004818438455561,0.06485098350819893,99.mat,saglam,2,29.166666666666668,29.180269763334202,1.8451250969173199,7
0.05557142215193064,2.1281391082851157e-05,0.00039172600216238915,0.007049054837653295,0.5286605500804455,0.951086990234797,1.938913198346756,14.526090642771742,2.8923337497412183,3.3159627207099738,0.06427000998027686,99.mat,saglam,2,29.166666666666668,29.180269763334202,1.8451250969173199,8
0.05626399205480191,2.053350276643707e-05,0.00039179593644145656,0.006963528930774737,0.7425854251464171,0.8739804472441112,0.9323646094845369,18.02358444863035,2.9478121855840214,3.8199225357582476,0.061940658088337534,99.mat,saglam,2,29.166666666666668,29.180269763334202,1.8451250969173199,9
0.056218031802544796,2.0226614379472355e-05,0.0003460083893464619,0.006154758148694998,1.2418343797204527,1.1596457209070798,0.8838787814599324,14.477372238728547,2.9824668334915323,3.9952665848919566,0.06366583548356824,99.mat,saglam,2,29.166666666666668,29.180269763334202,1.8451250969173199,10
0.0564780236663888,2.0419909526561883e-05,0.00044300204158502217,0.00784379503422351,1.7997339669666708,0.8657219047177142,0.80906459159875,12.929393910587255,3.038235723105033,3.7111131594613678,0.06280951078198463,99.mat,saglam,2,29.166666666666668,29.180269763334202,1.8451250969173199,11
0.05566254095166985,2.0635142828273353e-05,0.0004183756733531582,0.007516287725867657,1.2457639067611184,0.8404341074860715,1.1216894006247682,14.80481096622799,2.907407515221246,3.766483079779193,0.06095911146512823,99.mat,saglam,2,29.166666666666668,29.180269763334202,1.8451250969173199,12
0.055867664391848454,2.0333817396661817e-05,0.00040305916770563697,0.007214534061624958,2.267213367403103,0.5405268754123341,1.5068203719103859,10.859693748910544,3.0611625924549246,3.98838356280155,0.06282725834684041,99.mat,saglam,2,29.166666666666668,29.180269763334202,1.8451250969173199,13
0.05761725637449377,2.1034030880446938e-05,0.0003508483968373755,0.00608929371004554,1.894363499337705,1.0285126589250362,1.0248913287100374,15.457466016447878,3.0084735074828686,4.778703532571558,0.06486966236516384,99.mat,saglam,2,29.166666666666668,29.180269763334202,1.8451250969173199,14
0.05527501455038419,2.0429240508548468e-05,0.0003207997087790266,0.005803701932648215,2.1802583663419015,0.6831689180777762,1.0909275870413482,15.427386090667435,2.867465176059153,3.8209248859156038,0.06332194152035109,99.mat,saglam,2,29.166666666666668,29.180269763334202,1.8451250969173199,15
0.05571210031621419,2.024409645504994e-05,0.00038631069480974056,0.006934053690493813,1.997657917790613,1.3799784606594738,0.936838756921563,10.54952040228178,2.8705830510939907,3.672180018813581,0.06268858964087015,99.mat,saglam,2,29.166666666666668,29.180269763334202,1.8451250969173199,16
0.056461409519646136,2.0559970906088712e-05,0.00028637118488963155,0.005071980797520026,0.7626074383350882,1.0855447728611092,2.0244814352517575,17.147452989039007,2.9898276070899756,3.460056221578274,0.062071113658494395,99.mat,saglam,2,29.166666666666668,29.180269763334202,1.8451250969173199,17
0.05584197718482515,1.9742818515257307e-05,0.00033244961138869376,0.005953399720830127,2.597622417369231,0.5307621548320318,1.29400600745016,10.34857685858197,2.9313297496108777,4.030206830363069,0.06156887520402764,99.mat,saglam,2,29.166666666666668,29.180269763334202,1.8451250969173199,18
0.055283790870871756,2.0112515438773965e-05,0.00016862848544068836,0.003050233762578067,3.6875838179922398,2.248550247102321,4.119573668942064,14.09980499891371,2.945786668997999,3.6342621213266586,0.061583562397895246,99.mat,saglam,2,29.166666666666668,29.180269763334202,1.8451250969173199,19
0.05634178122512749,2.0355599510918337e-05,0.00034905983982623414,0.0061953994394547815,2.031069147693838,0.799536186545628,0.8938702422693471,11.408262447166793,3.003409601976127,3.607419827181843,0.062354187634883616,99.mat,saglam,2,29.166666666666668,29.180269763334202,1.8451250969173199,20
0.055215834571938724,2.1263584845405303e-05,0.000486025638890897,0.008802287290412488,2.170713335282081,0.7061012303864227,1.262001037753169,6.674227225496705,2.8595592900483595,3.519932053761025,0.06460504932858402,99.mat,saglam,2,29.166666666666668,29.180269763334202,1.8451250969173199,21
0.05533912117389887,1.9368407728376772e-05,0.00037906276591319127,0.006849815426507521,1.4617485118039784,1.2278563844156607,0.6920529933215673,8.936210729928822,2.929332586039978,3.917898149738733,0.06129809172598426,99.mat,saglam,2,29.166666666666668,29.180269763334202,1.8451250969173199,22
0.05566707404823249,2.045942783495443e-05,0.0002477340688895634,0.004450280046522025,4.058872768590757,0.7662938035203138,2.8428812843496996,14.238207656879117,3.003070614917936,3.74326820842966,0.06233138581571377,99.mat,saglam,2,29.166666666666668,29.180269763334202,1.8451250969173199,23
0.0553116758581401,1.9904001177988796e-05,0.0003513330170719472,0.006351878000707701,1.5592796938809557,0.46853373576901464,1.779311365863867,7.309527895121695,2.896143379749377,3.753823846648513,0.06249439902509664,99.mat,saglam,2,29.166666666666668,29.180269763334202,1.8451250969173199,24
0.056318059749615484,2.0283623651645296e-05,0.000320529127614435,0.005691409274996055,1.2625092499477963,1.128179704637716,1.5240116122332963,8.5429899929132,3.0842512248934213,3.913800688833651,0.0634630987641723,99.mat,saglam,2,29.166666666666668,29.180269763334202,1.8451250969173199,25
0.05606632487144856,2.0012671816696066e-05,0.00024357463091179311,0.004344401589830041,2.5747762849861098,0.8354435151197831,1.8622292146343364,14.663647377725658,3.0081469148042084,4.055477796308201,0.06303527345747663,99.mat,saglam,2,29.166666666666668,29.180269763334202,1.8451250969173199,26
0.05614020641444527,2.0435585838145898e-05,0.00026915864954864754,0.0047944007821566674,0.9536982251159898,1.8913256408903578,2.693584474587853,11.348064093029562,2.9465822966219593,3.646882310025311,0.06309623898125592,99.mat,saglam,2,29.166666666666668,29.180269763334202,1.8451250969173199,27
0.057450713228916095,2.100538995840219e-05,0.0002681122703950973,0.004666822312929689,1.3482207718084245,1.332065894996483,2.9244870785437085,12.17936595931261,3.1501648327427905,4.1874095844389245,0.06488499477427377,99.mat,saglam,2,29.166666666666668,29.180269763334202,1.8451250969173199,28
0.056022832302658504,1.932132792455151e-05,0.0002421513057122297,0.004322368144468417,3.144963411263402,1.0149606631942238,1.9966934084968766,10.81526383852613,2.995467239139465,3.7635120183484227,0.06114672020977784,100.mat,saglam,3,28.75,28.75689506674084,1.9353467932783062,0
0.05632521549875989,1.9185254690826524e-05,0.00034777005369498375,0.006174322647668632,1.5237639450102427,0.6245975031399713,0.7432586102955098,9.561017176068002,3.1457180805870353,3.8681822980900464,0.06164305685389676,100.mat,saglam,3,28.75,28.75689506674084,1.9353467932783062,1
0.05745394962956208,2.013545735084311e-05,0.00039117445140566837,0.00680848669101048,0.8177659379989116,1.1080465495061491,1.8409411795173551,7.260657511743001,3.1151984664546055,4.457762084152939,0.060848672832967694,100.mat,saglam,3,28.75,28.75689506674084,1.9353467932783062,2
0.0554448478287696,1.9846224009941475e-05,0.0003236677515102955,0.005837652445255895,2.2129208988469773,0.93474889951883,1.3876566230257452,8.41819392877185,3.034385891727381,3.625636578065182,0.06299506735167863,100.mat,saglam,3,28.75,28.75689506674084,1.9353467932783062,3
0.05610277699417379,1.921789210037396e-05,0.00016869243769249774,0.0030068464829648167,2.662504654848783,0.9441117168621846,2.2961042601704795,23.50181631847187,2.9200185383487867,3.435625711254137,0.060365191987631746,100.mat,saglam,3,28.75,28.75689506674084,1.9353467932783062,4
0.05720567072532586,1.9517642178633786e-05,0.0005163860949487858,0.00902683402523496,1.110493633191764,0.6593713607187445,0.7731791440863399,4.193443376810021,3.0429821954777077,3.6357824835530095,0.05949703631656305,100.mat,saglam,3,28.75,28.75689506674084,1.9353467932783062,5
0.056681771875720544,2.0095038663685395e-05,0.00022029726036861634,0.0038865627003995163,2.257327107336915,1.1412621248022914,2.636806236374558,15.58325502595454,3.0451148262091436,3.7743632197340893,0.06354466734130454,100.mat,saglam,3,28.75,28.75689506674084,1.9353467932783062,6
0.056553234179587145,1.9816477852783592e-05,0.0002675590730752489,0.004731101181956683,1.6177131931360986,0.8402638277728992,1.2586255840351281,17.76797216436758,2.9366533993785677,4.083245280689418,0.06387149291522247,100.mat,saglam,3,28.75,28.75689506674084,1.9353467932783062,7
0.05649556016382181,1.8970541837646256e-05,0.0002797986260978556,0.004952577251762135,2.5783243598464742,0.7735228634236117,1.5460790734740761,6.742230344810105,3.07717770094872,3.7068838266640314,0.05838848923222504,100.mat,saglam,3,28.75,28.75689506674084,1.9353467932783062,8
0.056516609056831986,1.9440102136761658e-05,0.0003782973435712235,0.006693560528093991,0.8038646473977223,0.24786295259813898,1.1257887280026937,12.244706625260209,2.9250657357123684,3.6223118703019863,0.06396013954429389,100.mat,saglam,3,28.75,28.75689506674084,1.9353467932783062,9
0.055512442255912973,1.9092022983072527e-05,0.00022381861217606736,0.004031863904315887,1.1776221948017733,0.6838536321953103,1.6591987974068063,21.16985138708474,2.967359837532313,3.6552457940963783,0.05957548162955048,100.mat,saglam,3,28.75,28.75689506674084,1.9353467932783062,10
0.056795445924456324,1.9752459161165585e-05,0.0002477395145206602,0.00436196090168597,2.7051938866074456,1.1227138179380287,2.430156988961388,10.831448624067244,3.1230195080317076,3.584998396528457,0.06133289734557471,100.mat,saglam,3,28.75,28.75689506674084,1.9353467932783062,11
0.05558835080915914,2.0126948787849295e-05,0.000322905974767186,0.005808878480132438,2.134618994402233,0.6699903683852916,1.4297814367122441,18.7247983178549,2.899239414584459,3.6029378912823518,0.062102237982378586,100.mat,saglam,3,28.75,28.75689506674084,1.9353467932783062,12
0.05642247901483413,1.8728400017923602e-05,0.00028754971206696193,0.0050963679207761394,0.6513779261322942,1.2522255021997786,1.0225921205209156,11.99816849879529,3.0720299559867694,3.8531530746998155,0.06161717132498347,100.mat,saglam,3,28.75,28.75689506674084,1.9353467932783062,13
0.05595006125504554,1.9576000948884943e-05,0.00020387248838408018,0.003643829583154411,2.1962851952688927,1.255592375244939,2.7085292456947907,22.01157211932784,3.0225717886726766,4.040149811692953,0.059626628526990605,100.mat,saglam,3,28.75,28.75689506674084,1.9353467932783062,14
0.05677944814467989,2.06236070069198e-05,0.0003851436820052321,0.006783152964380054,1.8566833160642362,0.5135930931246245,1.21019125923749,17.917399629591348,3.064949014986156,4.005683548551617,0.06305622439505428,100.mat,saglam,3,28.75,28.75689506674084,1.9353467932783062,15
0.057408629307274854,1.9742601977758082e-05,0.00032888418517705874,0.0057288283859035375,1.6719097666420766,0.5046509023312586,1.2626885465920896,9.01999380989386,3.0811947926377248,3.694947266523869,0.06085343542151324,100.mat,saglam,3,28.75,28.75689506674084,1.9353467932783062,16
0.05656880191200331,2.023194637570457e-05,0.000337949847000691,0.005974138316035423,1.5681419494696573,0.616359914079835,1.0485629741133038,19.092728659283235,3.0178984764863994,3.8188183535560225,0.06201447201762068,100.mat,saglam,3,28.75,28.75689506674084,1.9353467932783062,17
0.05604838447693364,1.994193974502731e-05,0.0003904701531242481,0.006966662050321486,1.1911502132337761,0.8901633016727583,1.2650381167818785,14.492612223740819,3.010023640441726,4.056480816732142,0.06217555050241956,100.mat,saglam,3,28.75,28.75689506674084,1.9353467932783062,18
0.05791758746236738,1.974158527748888e-05,0.00048348677351709113,0.008347840348545153,0.937041179259658,0.32200567493587806,0.534213789794466,7.833201461829677,3.0969741542565545,3.8733425349935793,0.059515830319580444,100.mat,saglam,3,28.75,28.75689506674084,1.9353467932783062,19
0.05781664776818889,2.16880106668748e-05,0.0003051321107458432,0.005277582193349705,3.222510798581267,0.5319985436936215,2.0344314107550736,25.293100104457423,3.010143115276023,3.4210620640245675,0.06313021868778067,100.mat,saglam,3,28.75,28.75689506674084,1.9353467932783062,20
0.056206413541601094,1.986272609586717e-05,0.0004837294813968253,0.008606303994653338,0.5360980027809157,0.697794272439491,0.4696174460262381,9.755638834672395,2.985378855740796,4.220348699258199,0.06161781583792547,100.mat,saglam,3,28.75,28.75689506674084,1.9353467932783062,21
0.05698880030403072,1.9828249889506098e-05,0.00039241490030124496,0.006885824902452005,1.0899466409276872,0.3611235578396585,1.3482104714561107,13.630887116639045,3.0934177153323255,4.622035333366174,0.06040747602211842,100.mat,saglam,3,28.75,28.75689506674084,1.9353467932783062,22
0.057233759229483164,2.100996074903222e-05,0.00039432126870816503,0.006889662220512441,1.5099895352244064,0.3952242938271097,1.407475149476783,18.622592265088834,3.083285376378,3.904012185628141,0.0609549187410267,100.mat,saglam,3,28.75,28.75689506674084,1.9353467932783062,23
0.05621958399689236,2.0229448888369e-05,0.0004106674652928959,0.0073047048037262535,1.8771787027187328,0.7064841833274055,1.024515595648829,10.129656620779624,3.0856847917903236,4.199064470627062,0.06471625028685746,100.mat,saglam,3,28.75,28.75689506674084,1.9353467932783062,24
0.057370858247736696,2.0163447622606187e-05,0.00040030337362496817,0.006977468802879253,0.7512057807104182,0.5537939151958412,1.2697853339192988,17.519311164283536,3.1207699695443516,4.568409177108174,0.058389064116431466,100.mat,saglam,3,28.75,28.75689506674084,1.9353467932783062,25
0.05610531002382324,2.0443063702090925e-05,0.0002301466479981023,0.004102047522708211,1.187208341320771,0.7437491557661096,2.665279109085638,23.571378089750365,3.165395565188744,3.771358703662974,0.061834308639299944,100.mat,saglam,3,28.75,28.75689506674084,1.9353467932783062,26
0.056022342217400475,1.9811277650409104e-05,0.00040738781543228576,0.0072718811691968085,1.9188205247429444,0.8473770727508945,1.350634609691496,10.701659772161939,3.036060285893562,3.761987400766858,0.06193332820205478,100.mat,saglam,3,28.75,28.75689506674084,1.9353467932783062,27
0.0580961054189616,2.0250586992933272e-05,0.0002393945019894201,0.004120663515375079,1.8419056236741134,0.8757970719158753,2.0863153417756033,30.030305123338575,3.10242767297196,4.055770283109595,0.058839747641644236,100.mat,saglam,3,28.75,28.75689506674084,1.9353467932783062,28
0.2855337397891611,2.707482227643116e-05,0.0003268544179326695,0.0011447138197148786,3.830249680507966,1.327131665488854,0.20402381488036678,11.540828282532672,5.458891915428355,5.138207281495931,0.15016034910727782,105.mat,ic_bilezik,0,29.95,29.956032427769106,2.618372717823661,0
0.29022648588895883,2.7780055855826568e-05,0.0002926904085918008,0.0010084896548786255,4.7497630642347515,1.545927101621687,0.13552594733765977,18.024330697061874,5.588467030426674,5.343037136521765,0.15330688456082756,105.mat,ic_bilezik,0,29.95,29.956032427769106,2.618372717823661,1
0.2893619855711312,2.7877669630067878e-05,0.0002734325555015967,0.0009449498176512767,5.134369907675823,1.2050431470556904,0.16367439948475954,26.83775434641776,5.7558544442096995,5.424671171137086,0.14754032849501236,105.mat,ic_bilezik,0,29.95,29.956032427769106,2.618372717823661,2
0.28871369574200395,2.720121042929035e-05,0.00027625653687533917,0.0009568528994247873,4.829549870461176,1.400149736730971,0.2289036252882548,20.77253769608501,5.374917907322316,5.18480079871569,0.14694298614410276,105.mat,ic_bilezik,0,29.95,29.956032427769106,2.618372717823661,3
0.29153673200118657,2.882217228133684e-05,0.00027590548905017336,0.000946383281294736,4.427811036294064,1.38532463000423,0.25636896806219955,25.52419925911621,5.019465842640734,4.880983122018791,0.1519008320991056,105.mat,ic_bilezik,0,29.95,29.956032427769106,2.618372717823661,4
0.28926350977311577,2.8564526731242512e-05,0.00028199900717060987,0.0009748862115059771,3.8179498310069966,0.8947145255455707,0.21159690767032424,27.41419217305558,5.011516803084212,4.489249768111234,0.15185080164411507,105.mat,ic_bilezik,0,29.95,29.956032427769106,2.618372717823661,5
0.29396199827461,2.7836822532791108e-05,0.00031182560497026844,0.0010607684217669186,3.666541553699438,1.0931652101474663,0.1192981116850988,16.433089254105038,5.114520040905717,5.06865578657153,0.14965791084804478,105.mat,ic_bilezik,0,29.95,29.956032427769106,2.618372717823661,6
0.29570993808324636,2.804640504379242e-05,0.0002827353405160276,0.0009561239042141277,4.323738994885416,1.368151600095038,0.1766952041960523,21.388311014148595,4.947759069314808,4.711016353876549,0.1492441475061665,105.mat,ic_bilezik,0,29.95,29.956032427769106,2.618372717823661,7
0.2929251860101686,2.8058944303827225e-05,0.00030330911481127147,0.0010354490815265949,4.591371678070274,0.8646810217928664,0.21044843097296131,23.014212533097655,5.6075924408635895,5.544729379198009,0.1515515640005639,105.mat,ic_bilezik,0,29.95,29.956032427769106,2.618372717823661,8
0.2904614417965109,2.7217055380909904e-05,0.0003491852438186765,0.001202174173817204,4.23148797670671,1.1661853491478096,0.13706017287635944,8.601273497673624,5.748960351509087,5.547112339807431,0.14800524517058564,105.mat,ic_bilezik,0,29.95,29.956032427769106,2.618372717823661,9
0.29085373062613895,2.7583210971107578e-05,0.0003104063843509947,0.001067225040166053,4.458754361558483,1.4312604901277417,0.14039370688308425,16.138650950076983,5.620209990588842,5.804404828925048,0.14824691979964205,105.mat,ic_bilezik,0,29.95,29.956032427769106,2.618372717823661,10
0.29331351234535724,2.8193908141719796e-05,0.00033111470285971593,0.0011288764033097849,4.002480176989656,0.9330028536871217,0.1334887595533292,20.214316797771925,5.4044673572856015,5.624798425210798,0.15183476891308373,105.mat,ic_bilezik,0,29.95,29.956032427769106,2.618372717823661,11
0.29181218306598466,2.7550023113160276e-05,0.00032630864858871147,0.0011182146172211331,3.490209105687533,1.1809921504679857,0.24976055834522,14.541151568761183,5.418358066962625,5.291078576067753,0.14701104526318243,105.mat,ic_bilezik,0,29.95,29.956032427769106,2.618372717823661,12
0.2889108317860644,2.7867209696801155e-05,0.0003213433195114778,0.001112257776988843,3.495533242793947,1.1829656451352015,0.310728455802148,21.674269412483135,5.4839690463526445,5.457352622928207,0.1467653471771927,105.mat,ic_bilezik,0,29.95,29.956032427769106,2.618372717823661,13
0.289065462178337,2.8947878243128032e-05,0.0003125167019843813,0.001081127782019476,3.9840340890767902,0.8921077991842585,0.19829509413678523,23.414489275835507,5.379887606590232,5.256215505352502,0.15059048394620916,105.mat,ic_bilezik,0,29.95,29.956032427769106,2.618372717823661,14
0.2893532798489782,2.8358222090569048e-05,0.0002714705895792062,0.0009381977274284098,4.912138137739507,1.2857082241949331,0.245711662779521,19.845349095574896,5.319050547179447,4.980062060332593,0.15011893793082873,105.mat,ic_bilezik,0,29.95,29.956032427769106,2.618372717823661,15
0.28980007378156925,2.8588198660458026e-05,0.0003034116599545024,0.0010469688844252872,4.878617761997567,1.1000439815026424,0.10734198782405312,23.13056885387152,5.138628560741671,4.793995086696707,0.14778342155759563,105.mat,ic_bilezik,0,29.95,29.956032427769106,2.618372717823661,16
0.29172817590253974,2.810332520201807e-05,0.0003166591847653901,0.0010854597221699074,4.5205323958460735,0.9417342902205625,0.11549074427749849,20.928030523499856,5.153279051314099,5.095714165735952,0.14595293632330167,105.mat,ic_bilezik,0,29.95,29.956032427769106,2.618372717823661,17
0.2960144285360583,2.788698987309904e-05,0.0003102629766426201,0.0010481346405172881,4.309177020098652,1.2656714058960399,0.12836204135526308,9.22445739245305,4.988261787319514,5.071374314491821,0.15053257336303308,105.mat,ic_bilezik,0,29.95,29.956032427769106,2.618372717823661,18
0.29150359200344367,2.8010571354773034e-05,0.0003277708836105409,0.0011244145616069953,3.6053290353665393,1.1069840839016183,0.16716679933782977,17.590878698815956,5.131989126209944,5.04965216998005,0.1472735463920335,105.mat,ic_bilezik,0,29.95,29.956032427769106,2.618372717823661,19
0.29286744416181687,2.747030949194251e-05,0.000327447494128512,0.0011180740661173344,3.3015265835202605,1.038321964065903,0.12724315312373707,17.439997624932598,5.353380020658199,5.896056366184213,0.14418291915099513,105.mat,ic_bilezik,0,29.95,29.956032427769106,2.618372717823661,20
0.28970436448730125,2.8180759392788233e-05,0.00034009460913821696,0.0011739367811697244,3.411546198814581,1.3663035165207418,0.09913825864308083,11.313735101389884,5.459071412508435,5.478815812504894,0.1491125402359487,105.mat,ic_bilezik,0,29.95,29.956032427769106,2.618372717823661,21
0.2915026305370489,2.8596602799927736e-05,0.00034492299849665076,0.0011832586136872926,3.5644127283576332,1.0491268301133923,0.10773015463576176,19.953676019847,5.615890261809947,5.776361337693812,0.14752813882458707,105.mat,ic_bilezik,0,29.95,29.956032427769106,2.618372717823661,22
0.29375242001417473,2.842479634267482e-05,0.00032016409751943123,0.0010899113529103594,4.307630281668753,0.8702238012419308,0.10054257495833974,20.959862119502297,5.439466174284449,5.053472396983368,0.1477424536791595,105.mat,ic_bilezik,0,29.95,29.956032427769106,2.618372717823661,23
0.2908473743847166,2.9243218988433142e-05,0.0003080485995557488,0.0010591417584785217,4.532371577427434,1.285311364487464,0.09085087100204402,19.76242364761864,5.582176076894547,5.12097725251648,0.14948081201089164,105.mat,ic_bilezik,0,29.95,29.956032427769106,2.618372717823661,24
0.2858467561783227,2.9423522273452743e-05,0.00026354994855874465,0.0009219973389986962,5.138181825826866,1.0423296585085735,0.16049133536095114,29.924286502167096,5.5673508298940675,5.071474482012917,0.14947177495680786,105.mat,ic_bilezik,0,29.95,29.956032427769106,2.618372717823661,25
0.2912561369669922,2.8779352387885843e-05,0.00030809739254069197,0.0010578228350757483,4.137334450301641,0.6945195619209454,0.18745986784445826,21.10538820484256,5.7085756983474845,5.273615864236052,0.14829148896926034,105.mat,ic_bilezik,0,29.95,29.956032427769106,2.618372717823661,26
0.294774700856457,2.8717262872775315e-05,0.00031828157491608025,0.0010797452223350414,3.6025830413571405,1.195793978846127,0.11666641605941135,14.591654323119263,5.778792309763778,5.414906916883556,0.14897393698169592,105.mat,ic_bilezik,0,29.95,29.956032427769106,2.618372717823661,27
0.2915291408632887,2.845071546405268e-05,0.00030364772793102274,0.0010415690418831079,3.8041018331703254,1.1125528657267922,0.1949167828545769,23.061868492926873,5.252348096578185,4.889459667714629,0.14880305516078385,105.mat,ic_bilezik,0,29.95,29.956032427769106,2.618372717823661,28
0.2934839933449474,2.6884441484395962e-05,0.00027816818206829173,0.0009478138105487682,5.984512406517736,1.9959601344757547,0.11382646642140698,24.43486654183686,5.420329917828162,5.367007644175605,0.14269855902536255,106.mat,ic_bilezik,1,29.533333333333335,29.51056554233425,2.9794645075756474,0
0.2943922142560909,2.5815992903460737e-05,0.0002618215593014229,0.0008893630558883455,6.317467241083981,1.9680255972144691,0.2698270477163706,20.595416151794254,5.366969047047961,4.744439818812395,0.14008144532038486,106.mat,ic_bilezik,1,29.533333333333335,29.51056554233425,2.9794645075756474,1
0.290791274693433,2.560936359275077e-05,0.0002842247966033587,0.0009774185862420582,5.071639342600872,1.9161129901125562,0.26555461216146825,14.283354980954897,5.393520621392725,4.602666107218692,0.13988660497169275,106.mat,ic_bilezik,1,29.533333333333335,29.51056554233425,2.9794645075756474,2
0.2901636045705547,2.604952442547844e-05,0.0002954040646854566,0.0010180603632962163,4.795057122712587,1.6606308536075143,0.13166223550519066,24.66698229265378,5.3093829218944535,4.842128238628367,0.13802010331734435,106.mat,ic_bilezik,1,29.533333333333335,29.51056554233425,2.9794645075756474,3
0.28930558427590347,2.545291909547075e-05,0.0002788290171399614,0.0009637871935202101,4.758279751808539,1.7724229878108935,0.1710139033734809,16.859225096487226,5.612596427789528,5.30658617380237,0.1427780659058177,106.mat,ic_bilezik,1,29.533333333333335,29.51056554233425,2.9794645075756474,4
0.2892161919504885,2.579816783068291e-05,0.00027162805639928547,0.000939186891876534,4.881026308628453,1.940102686450869,0.145545217599745,17.639302250440306,5.541643047872286,5.059344398564045,0.13924481933704275,106.mat,ic_bilezik,1,29.533333333333335,29.51056554233425,2.9794645075756474,5
0.2937781580081114,2.596913444963828e-05,0.00027420155910968234,0.000933362646726031,5.537324279472397,1.9310371145630416,0.16681832039840905,26.37092310302113,5.407481744966222,4.7739788975473125,0.14078968716717352,106.mat,ic_bilezik,1,29.533333333333335,29.51056554233425,2.9794645075756474,6
0.29222375744086426,2.5834019142501983e-05,0.00024971419454949056,0.0008545307771534262,6.68500087531295,2.1569422362321493,0.24683885411392212,18.131024382881158,5.562160650658223,4.800925613952633,0.14031309537890874,106.mat,ic_bilezik,1,29.533333333333335,29.51056554233425,2.9794645075756474,7
0.29170008006710046,2.609474853929427e-05,0.0002724828492853179,0.0009341198988416593,5.889195983973876,2.065524929641137,0.20511053620031347,20.539025795170875,5.643942250630962,5.384974300040564,0.14086763973072616,106.mat,ic_bilezik,1,29.533333333333335,29.51056554233425,2.9794645075756474,8
0.29524121775356305,2.551149907838856e-05,0.00026009891614614127,0.0008809708824679219,6.091506878103019,1.8860433232729201,0.24979009994697055,26.85893925926008,5.728991636022635,4.995605859061417,0.13949184765349174,106.mat,ic_bilezik,1,29.533333333333335,29.51056554233425,2.9794645075756474,9
0.2908340726305639,2.547456566028141e-05,0.0002703610625457509,0.0009296058749218538,5.550606097257758,1.9913039068992735,0.23064067903255342,15.14444406415756,6.074459772052046,5.152922999872617,0.1384079250644711,106.mat,ic_bilezik,1,29.533333333333335,29.51056554233425,2.9794645075756474,10
0.2865765677493183,2.5618203414200087e-05,0.00029484865281940585,0.0010288651829911464,4.48577919992711,1.7425591378856824,0.11320297170524603,21.221964351324807,5.672332237095899,5.13820240756628,0.14181061108188128,106.mat,ic_bilezik,1,29.533333333333335,29.51056554233425,2.9794645075756474,11
0.29536019859863494,2.587431374971725e-05,0.0002596076877582414,0.0008789528480448492,5.468049722234813,1.7473319589156946,0.16668180849080474,27.13774617420895,5.780079543229331,5.325692537743746,0.14229262515270183,106.mat,ic_bilezik,1,29.533333333333335,29.51056554233425,2.9794645075756474,12
0.2920182888675101,2.5660828400412234e-05,0.00027758134245755466,0.0009505614991893331,5.640637395217118,1.9635008524251076,0.10536153701083835,12.168277025036817,5.738617163623098,5.3129677624188085,0.13969376458926877,106.mat,ic_bilezik,1,29.533333333333335,29.51056554233425,2.9794645075756474,13
0.29324756810512737,2.6590516118223705e-05,0.00028992774824129487,0.0009886791222642603,5.716929062795654,1.9932406199056607,0.12961415076988025,23.010350678970497,5.548915312226836,4.940287975251669,0.1432253802445572,106.mat,ic_bilezik,1,29.533333333333335,29.51056554233425,2.9794645075756474,14
0.2955799746647727,2.5719007137126494e-05,0.0002749826591266169,0.000930315592040881,6.1650116822421195,1.7654793520546024,0.26583794652036546,23.73131530249836,5.762007017235649,5.095921113207778,0.1400733611675807,106.mat,ic_bilezik,1,29.533333333333335,29.51056554233425,2.9794645075756474,15
0.2985004149855499,2.581323984194484e-05,0.0003107272878250467,0.0010409609910895692,5.140601770901716,1.886434015771326,0.1698925502979911,12.880396814573118,5.305354680191554,5.053696323184465,0.14358271104292802,106.mat,ic_bilezik,1,29.533333333333335,29.51056554233425,2.9794645075756474,16
0.29268603223684625,2.5744936546165384e-05,0.00030293179351110935,0.0010350059795984287,4.757825536023227,1.815610758670721,0.23689442988959555,22.550470480976433,5.873923096757362,5.087271247237412,0.14030463525873013,106.mat,ic_bilezik,1,29.533333333333335,29.51056554233425,2.9794645075756474,17
0.2928960434247048,2.5422353066085355e-05,0.0002816789700321415,0.0009617028852204056,4.78319745847885,1.8415849088123817,0.09259314866878349,19.541579299704644,5.393857335421614,4.9511071240382245,0.14190139734471943,106.mat,ic_bilezik,1,29.533333333333335,29.51056554233425,2.9794645075756474,18
0.292961701039552,2.4727209954493616e-05,0.0002725400955958984,0.00093029257622372,5.070384779603941,2.0191278390288727,0.22371579512529377,14.651687598824273,5.3672591557891245,5.041066102186321,0.14048505714113899,106.mat,ic_bilezik,1,29.533333333333335,29.51056554233425,2.9794645075756474,19
0.291639344886019,2.5567996067282475e-05,0.0002833356402772752,0.0009715274884705264,5.223136005172584,1.9604693987613917,0.18139565558290716,25.590706319945905,5.118341631535836,4.546157238742789,0.13795789599684707,106.mat,ic_bilezik,1,29.533333333333335,29.51056554233425,2.9794645075756474,20
0.29154385257650034,2.4813411976196692e-05,0.0002902798137370629,0.0009956643268953806,5.545570383140429,1.8221574579384967,0.1150686706055153,16.07497205873257,5.640631160771756,5.059683884687607,0.14099790139977447,106.mat,ic_bilezik,1,29.533333333333335,29.51056554233425,2.9794645075756474,21
0.29231721826907736,2.547326482911391e-05,0.0002987550448988487,0.00102202342601257,5.4053444384230245,1.8662715524648226,0.12163105166429512,14.957397319235424,5.0239650121265775,4.581417437242136,0.1406118589278671,106.mat,ic_bilezik,1,29.533333333333335,29.51056554233425,2.9794645075756474,22
0.2925838371682134,2.6019692493646152e-05,0.0002989595242342603,0.0010217909749449337,5.217065251347814,1.7408953633102788,0.17875890758751764,25.664107505681844,5.538395813213111,5.027563374063581,0.14244391447232868,106.mat,ic_bilezik,1,29.533333333333335,29.51056554233425,2.9794645075756474,23
0.29129915785941746,2.5438036487416464e-05,0.0002750881382353999,0.0009443492396473545,5.250507451015172,2.0796037225046637,0.10488457115009135,16.91388286673584,5.8284523929557785,5.154660958021607,0.14493859938236522,106.mat,ic_bilezik,1,29.533333333333335,29.51056554233425,2.9794645075756474,24
0.2940246521739033,2.546260625209699e-05,0.0002890354166171096,0.000983031233874819,4.570678078981914,1.969849130894062,0.2071789177587768,18.337803878814494,5.448667255594527,5.082317299614134,0.14383571726521424,106.mat,ic_bilezik,1,29.533333333333335,29.51056554233425,2.9794645075756474,25
0.29575841156802685,2.5635133107436177e-05,0.0002947270413504303,0.0009965127949763963,4.70818898374399,1.6241797581457316,0.2823307740126283,24.536315744028077,5.394206597288424,4.671684907052552,0.14381219768801243,106.mat,ic_bilezik,1,29.533333333333335,29.51056554233425,2.9794645075756474,26
0.29643382386492556,2.483257684639011e-05,0.0002828953863184031,0.0009543289717382395,5.309587505828462,1.9257567348738869,0.1625855937265797,15.22557292579099,5.363857497314859,5.184511581962932,0.13993582409407326,106.mat,ic_bilezik,1,29.533333333333335,29.51056554233425,2.9794645075756474,27
0.29404825712201516,2.5833322342357387e-05,0.0003203179266151487,0.0010893379533997497,5.0803617030487125,1.7336290443585112,0.11831192775664807,19.176083192418123,5.744509526079874,5.2061201867053555,0.14306578019064378,106.mat,ic_bilezik,1,29.533333333333335,29.51056554233425,2.9794645075756474,28
0.3011823976397943,2.7311859028071434e-05,0.00023509294686986323,0.000780566688861569,6.313912946243051,2.361088941105333,0.16550897669711556,26.240409659099676,5.513405191902135,4.803737883238927,0.14638397235142347,107.mat,ic_bilezik,2,29.166666666666668,29.13879319871751,1.599805257555163,0
0.29924082735143304,2.6547149041584987e-05,0.000268965273525081,0.0008988254574243147,4.731157601618149,1.7354569638372894,0.2269816885633751,17.78802703784878,5.577172712326533,5.0924054670870325,0.14583464696397308,107.mat,ic_bilezik,2,29.166666666666668,29.13879319871751,1.599805257555163,1
0.29491517559035035,2.6436386290924218e-05,0.000237494928205869,0.0008052991092427004,6.133280037113225,2.1429690339343743,0.17942331784635843,22.589715866371822,5.449733659456912,4.91079015437122,0.1484044007180923,107.mat,ic_bilezik,2,29.166666666666668,29.13879319871751,1.599805257555163,2
0.2958173434028611,2.7282429655502383e-05,0.0002637297000560655,0.000891528863796237,5.543562732208006,1.734222261037592,0.25682208730759176,24.615235479249392,5.840351370617286,5.183186115885221,0.14704513988057855,107.mat,ic_bilezik,2,29.166666666666668,29.13879319871751,1.599805257555163,3
0.29681362775388864,2.758344742143019e-05,0.0002596216191804845,0.0008746957514864594,5.233457827975843,1.954048577454927,0.222471581960191,17.287238491816677,5.473686012217276,5.121264862119674,0.15016763639576003,107.mat,ic_bilezik,2,29.166666666666668,29.13879319871751,1.599805257555163,4
0.2925642503142571,2.8247367783587167e-05,0.0002473340050377858,0.000845400641982974,6.2138050690769555,2.187843906340652,0.27152368218643314,22.138224413141437,5.339253228776687,4.670490759164626,0.15688155947160443,107.mat,ic_bilezik,2,29.166666666666668,29.13879319871751,1.599805257555163,5
0.30426250159925744,2.8162380702127486e-05,0.00026802762953790206,0.0008809091758866788,4.852771545787171,1.5204309728119045,0.26594691538474907,22.479921510277226,5.527601759512846,5.004967682876547,0.15293349082916657,107.mat,ic_bilezik,2,29.166666666666668,29.13879319871751,1.599805257555163,6
0.30258124154638316,2.7886815074921473e-05,0.00024207413522085277,0.0008000302133169244,6.087183343286482,2.146718337684156,0.5182012715968842,19.45642377288638,5.732759165118861,5.403301963701986,0.1539710514078682,107.mat,ic_bilezik,2,29.166666666666668,29.13879319871751,1.599805257555163,7
0.2941179017230781,2.791736742693247e-05,0.00022393853056462294,0.0007613903446608538,6.23822016809891,2.1730602276313564,0.15546696525204537,26.936717515257328,5.455345333419322,4.902350732000822,0.1526108148526509,107.mat,ic_bilezik,2,29.166666666666668,29.13879319871751,1.599805257555163,8
0.2970311975559269,2.7732990264929652e-05,0.000236062565615563,0.0007947399719530167,5.803244635825233,1.8562522384768925,0.15942894864841858,26.219362997963547,5.523154782915029,5.0417274242968135,0.15206037895299124,107.mat,ic_bilezik,2,29.166666666666668,29.13879319871751,1.599805257555163,9
0.2974622421583837,2.668536094864316e-05,0.0002511673035612999,0.0008443670085251412,6.149155605297575,2.226613171852786,0.07906754340673305,18.115995779222526,5.833500276037598,5.32522985928183,0.14454250397492566,107.mat,ic_bilezik,2,29.166666666666668,29.13879319871751,1.599805257555163,10
0.2964101498717294,2.6995842777616576e-05,0.0002299484135914732,0.0007757777987366725,5.763704809860427,2.5060780487515113,0.22274973274788407,26.39030121922217,5.470170556591896,4.653368217830833,0.1493964683452704,107.mat,ic_bilezik,2,29.166666666666668,29.13879319871751,1.599805257555163,11
0.30153283834402606,2.690584490704467e-05,0.0002447999220996293,0.0008118516160403046,6.470599693279366,1.8180303945222154,0.29821062154788447,21.64907684197046,5.513922677781621,4.953969961300347,0.14967064596949595,107.mat,ic_bilezik,2,29.166666666666668,29.13879319871751,1.599805257555163,12
0.306692258283454,2.6918143940355327e-05,0.00023548637723054704,0.0007678262847187222,6.077755695567405,2.1026896209709545,0.16283108650736708,19.141981524450497,5.704227267258188,5.080317166296689,0.1461808092449037,107.mat,ic_bilezik,2,29.166666666666668,29.13879319871751,1.599805257555163,13
0.3045462978973807,2.764092358896013e-05,0.00021325050346015066,0.0007002235946775715,6.828770440395993,2.3415632670134805,0.20980779736689542,30.69474262999774,5.592626582297239,4.60068377530735,0.15271052860988726,107.mat,ic_bilezik,2,29.166666666666668,29.13879319871751,1.599805257555163,14
0.2971361445130931,2.83839959967911e-05,0.00021324189128656558,0.0007176571925818051,7.025004107615358,2.057845533005619,0.16107271756475058,21.539703596871373,5.405016646889097,4.94715911917377,0.15568129128336602,107.mat,ic_bilezik,2,29.166666666666668,29.13879319871751,1.599805257555163,15
0.2977140301105038,2.7996335300686773e-05,0.0002292403813445366,0.0007700019419933904,5.717131649517337,2.470603156954112,0.2280415792085707,22.488402917373648,5.505545102157443,4.773135977691599,0.1531854491908162,107.mat,ic_bilezik,2,29.166666666666668,29.13879319871751,1.599805257555163,16
0.3004559296100916,2.7773603532840715e-05,0.0002524560036542636,0.0008402430399061892,5.799442277145036,2.034747983288237,0.17320579939840058,23.064170929536676,5.519986849848889,4.733403159126362,0.15124648486642683,107.mat,ic_bilezik,2,29.166666666666668,29.13879319871751,1.599805257555163,17
0.30152081024996713,2.7404177459619713e-05,0.00026166204917742853,0.0008678075949704346,5.018840257209528,1.8710653062215252,0.1322597772075868,16.46992201711095,5.532119781304633,4.512733276422783,0.15124480470540952,107.mat,ic_bilezik,2,29.166666666666668,29.13879319871751,1.599805257555163,18
0.2998386290815407,2.708342125367272e-05,0.00022988892346558122,0.000766708826574499,6.40221108930123,2.0856710722098297,0.19460577312788968,26.20299606329638,5.773334778090054,4.900624300627322,0.1501186527346926,107.mat,ic_bilezik,2,29.166666666666668,29.13879319871751,1.599805257555163,19
0.2965527562524899,2.67797554381649e-05,0.00025550635920787315,0.0008615882126196435,5.817281705052142,1.8427281009917376,0.19233654003899808,22.449129186627005,5.322544036388146,4.579463303769068,0.146627623012185,107.mat,ic_bilezik,2,29.166666666666668,29.13879319871751,1.599805257555163,20
0.3007261722575763,2.6388103139397456e-05,0.00029945766521592086,0.0009957818535276514,4.490835132339137,1.9724545743481696,0.1165332835227322,14.545002076195468,5.569520732445206,4.450134463273023,0.14879051149895314,107.mat,ic_bilezik,2,29.166666666666668,29.13879319871751,1.599805257555163,21
0.2971097104432311,2.7506183940113064e-05,0.00027808200876716394,0.000935957321460085,5.538332326677323,1.7996761575328297,0.19198736203362576,21.119486753124082,5.675593572510094,5.059336164373053,0.1488796932192595,107.mat,ic_bilezik,2,29.166666666666668,29.13879319871751,1.599805257555163,22
0.30389796599182634,2.731632391252318e-05,0.00028219363004374263,0.0009285801868460151,4.665385853911297,1.551736245990625,0.1885778103962371,19.625099798222983,5.588716222462783,4.838848795544288,0.15002768810094422,107.mat,ic_bilezik,2,29.166666666666668,29.13879319871751,1.599805257555163,23
0.3023325520559089,2.7521419328737453e-05,0.0002499357793746547,0.0008266915939888888,5.873944418824296,2.086740439987567,0.19705429333684626,20.570162390022713,5.529415835041769,4.710594776233896,0.15122500609510947,107.mat,ic_bilezik,2,29.166666666666668,29.13879319871751,1.599805257555163,24
0.3013875048944528,2.862926537529248e-05,0.00023547167479284764,0.0007812920939590032,5.909945442837422,2.2015193744081545,0.12278785974475814,27.49180911044498,5.7622295110649935,4.443755153729291,0.15524711610952333,107.mat,ic_bilezik,2,29.166666666666668,29.13879319871751,1.599805257555163,25
0.30223719307202246,2.793976045226478e-05,0.00027340190963369995,0.0009045938617079609,5.021610020875515,1.8365994872423503,0.2463348816987827,18.365746267090334,5.595400202220654,4.925967016471808,0.153695381078242,107.mat,ic_bilezik,2,29.166666666666668,29.13879319871751,1.599805257555163,26
0.29983930070546627,2.7400557763585974e-05,0.00025460031887348573,0.000849122574237631,5.815407514804061,2.4612937868029734,0.14607595098150303,20.230670714537773,5.211205439276371,4.417625237646631,0.15132461443277778,107.mat,ic_bilezik,2,29.166666666666668,29.13879319871751,1.599805257555163,27
0.29907507785200543,2.702350655020816e-05,0.0002593902621615906,0.0008673081823590804,5.11955858182418,1.8316887809341307,0.246088369517122,24.18464501311906,5.559084421368191,5.018173721212177,0.1477619807191164,107.mat,ic_bilezik,2,29.166666666666668,29.13879319871751,1.599805257555163,28
0.3224057528301845,2.594176412066277e-05,0.0003586536415810536,0.0011124294105535049,3.4722170149743845,0.9520294777459347,0.16664538889402988,12.914283569761121,5.289069717542128,4.77679190967029,0.14538945697117703,108.mat,ic_bilezik,3,28.833333333333332,28.696204627526193,2.690570106673201,0
0.3092615581826234,2.6110104139692962e-05,0.00031845654643916226,0.0010297320763354603,3.907113492019574,1.5723016208929512,0.17619591511155466,16.618621746234414,5.132723416877997,4.529639387128336,0.14442854652046921,108.mat,ic_bilezik,3,28.833333333333332,28.696204627526193,2.690570106673201,1
0.3060924916309482,2.6607063450812432e-05,0.0002793039496570984,0.0009124821983315394,3.7415650862960335,1.5170762379984382,0.16517255608274903,22.821636879344293,5.157600465780831,4.3347225192600405,0.14634113935436366,108.mat,ic_bilezik,3,28.833333333333332,28.696204627526193,2.690570106673201,2
0.30347332079700856,2.6518495845836425e-05,0.0002742642121147876,0.0009037506539078522,4.981672978250746,1.5786256198737925,0.22107528357966214,16.543976256247948,5.282956998442878,4.496936618843219,0.14864798481914854,108.mat,ic_bilezik,3,28.833333333333332,28.696204627526193,2.690570106673201,3
0.30618605451748876,2.7106882058018694e-05,0.00032006831543078686,0.0010453392984671674,4.940257421810723,1.642865786281831,0.0938919289000503,18.01809334899404,5.351796403813693,4.554376700671755,0.1485637904313554,108.mat,ic_bilezik,3,28.833333333333332,28.696204627526193,2.690570106673201,4
0.30635796248183506,2.6591207651392717e-05,0.00032523558406804203,0.0010616194905861626,3.43209125581897,1.2379882297921148,0.13792546828647217,16.723272757840597,5.119577176796212,4.40902925295175,0.14811997740627492,108.mat,ic_bilezik,3,28.833333333333332,28.696204627526193,2.690570106673201,5
0.3142036429477828,2.6153677707764858e-05,0.0003018182082303535,0.0009605815050322374,3.9899749165265077,1.4181214709157461,0.1780579740581719,14.310118527288585,5.2521830975648465,4.705414373100963,0.14891069424848663,108.mat,ic_bilezik,3,28.833333333333332,28.696204627526193,2.690570106673201,6
0.31782118502005824,2.729032415597589e-05,0.00028389202374955213,0.0008932444944812033,5.322744472522703,1.5229033134913574,0.22128292032161526,22.16322608290881,5.2150983520045315,4.491967626909045,0.14990469574872836,108.mat,ic_bilezik,3,28.833333333333332,28.696204627526193,2.690570106673201,7
0.31538641488665237,2.5487735704851697e-05,0.0003162713611596946,0.001002805911194233,3.400044504828837,1.1971080530344245,0.20370323550103495,15.124680087394355,5.2951972775446405,4.699649755142255,0.14350006239704907,108.mat,ic_bilezik,3,28.833333333333332,28.696204627526193,2.690570106673201,8
0.3185542897238972,2.65433367138668e-05,0.000347761974580519,0.0010916882484327728,3.0562203088654107,1.1559154276924943,0.1115022529216977,14.307869914467195,5.129040864577189,4.562008515346677,0.15085701314807054,108.mat,ic_bilezik,3,28.833333333333332,28.696204627526193,2.690570106673201,9
0.31001198979768757,2.7730419907368466e-05,0.00030668037534690073,0.0009892532722558561,4.851753591359277,1.3268642869219476,0.19595671348281093,19.94845648925348,5.20267558267827,4.67453621579962,0.15109599285726658,108.mat,ic_bilezik,3,28.833333333333332,28.696204627526193,2.690570106673201,10
0.30934448803216924,2.601558579930665e-05,0.00030261700069084417,0.0009782524415253078,4.3439133458997246,1.4243281161940353,0.1474444941118218,13.323374760504883,5.273589448047531,4.857381472569992,0.1491276197625528,108.mat,ic_bilezik,3,28.833333333333332,28.696204627526193,2.690570106673201,11
0.31191397573999974,2.646581208546604e-05,0.00032295257048534646,0.001035389869011553,3.3102053600614143,1.2049962349761811,0.19658918810255852,17.331701290543148,5.189281019002776,4.78152284859179,0.14924277768645527,108.mat,ic_bilezik,3,28.833333333333332,28.696204627526193,2.690570106673201,12
0.30995918569979364,2.651224480584894e-05,0.0003132755007576115,0.001010699199152043,4.144484957744081,1.241325759211341,0.2443714580743964,19.479274206458797,5.264247408516457,4.2734857895484115,0.14799471960747596,108.mat,ic_bilezik,3,28.833333333333332,28.696204627526193,2.690570106673201,13
0.31712096556812336,2.6837323467565244e-05,0.00033804526511090885,0.0010659820756544229,3.8878795967478763,1.3707448265136535,0.19761419874484265,12.508279329824576,5.281354476599505,4.744883512066958,0.15001160963782237,108.mat,ic_bilezik,3,28.833333333333332,28.696204627526193,2.690570106673201,14
0.3168534825919438,2.6899057922294393e-05,0.0003380560590816899,0.0010669160279231796,3.709486074811198,1.1805240283387892,0.17014097739013512,17.91815238131262,5.295350711092362,4.449316383716504,0.1474073317828953,108.mat,ic_bilezik,3,28.833333333333332,28.696204627526193,2.690570106673201,15
0.3128565342433728,2.6229842333202933e-05,0.00028544186224750305,0.0009123730240665005,4.505028874065359,1.1760314342543072,0.31970616777783917,19.003180866151897,5.277860703175493,4.80271636403487,0.1464460379390445,108.mat,ic_bilezik,3,28.833333333333332,28.696204627526193,2.690570106673201,16
0.308683630460064,2.630777251309448e-05,0.0003149149667633191,0.001020186805153703,3.9834290647763186,1.4456162747976071,0.0993608558329852,16.542176017261788,5.338316813697309,4.62178332157243,0.14556473957340388,108.mat,ic_bilezik,3,28.833333333333332,28.696204627526193,2.690570106673201,17
0.3105661506242517,2.6380702286627755e-05,0.0003161743201275962,0.001018057890375541,4.177432147486876,1.210204151565494,0.19895009808503017,20.055002870260065,5.328487580521817,4.764765982431601,0.14481464134776031,108.mat,ic_bilezik,3,28.833333333333332,28.696204627526193,2.690570106673201,18
0.31372818915778705,2.5855928849942967e-05,0.00033279476062324513,0.0010607741737061695,3.6424747236467248,1.2518384481662472,0.1663000461878072,13.668232483082088,5.300979828163856,4.412629561452911,0.1455920818644014,108.mat,ic_bilezik,3,28.833333333333332,28.696204627526193,2.690570106673201,19
0.3149330112001588,2.6687064583992367e-05,0.000308523885900265,0.000979649242623219,3.3820411750811057,1.3950495512654244,0.2251080777140657,17.79088769053407,5.337756747484489,4.513133077158923,0.1462472434633224,108.mat,ic_bilezik,3,28.833333333333332,28.696204627526193,2.690570106673201,20
0.32033576796414154,2.5969619580106396e-05,0.00029726586603799794,0.0009279821230276914,4.550449688836699,1.2265873438643826,0.16488748862616687,19.515769888440524,5.348939601090791,4.4558196549060085,0.14490084333325956,108.mat,ic_bilezik,3,28.833333333333332,28.696204627526193,2.690570106673201,21
0.32690570290045484,2.6041268314160414e-05,0.00033343349638153793,0.0010199684294955567,4.377847498384893,1.2840829397828848,0.18354431680204614,12.581378699380007,5.375907380436336,4.619128507678711,0.1456575367404197,108.mat,ic_bilezik,3,28.833333333333332,28.696204627526193,2.690570106673201,22
0.31995993526339506,2.638015912924452e-05,0.0003295686934482297,0.001030031129290905,3.363540793394176,1.3449183852029245,0.18660823094313259,18.981831804284745,5.411361632494143,4.72865406241238,0.14481618727238127,108.mat,ic_bilezik,3,28.833333333333332,28.696204627526193,2.690570106673201,23
0.30766601487360856,2.5965287005923343e-05,0.0003235316432198625,0.0010515676986674013,3.9754851877496935,1.2360786213069308,0.1406413020042697,16.3539949763361,5.36358453464776,4.593561589839702,0.14491240467565633,108.mat,ic_bilezik,3,28.833333333333332,28.696204627526193,2.690570106673201,24
0.31182107701857065,2.6332310374180812e-05,0.0002992184464962538,0.0009595837759147825,5.122340468185598,1.4140849068985526,0.3466962451209354,14.981761663608857,5.2962628850070494,4.4103946569613,0.1457879516859079,108.mat,ic_bilezik,3,28.833333333333332,28.696204627526193,2.690570106673201,25
0.3303963440690823,2.6269177591357034e-05,0.00033127805921429634,0.0010026686589002542,3.209493512633849,1.1854088639827458,0.2189637108775549,18.398269168789714,5.451393915559352,5.042284419577781,0.14418408114961362,108.mat,ic_bilezik,3,28.833333333333332,28.696204627526193,2.690570106673201,26
0.3201493933803352,2.608942686611496e-05,0.00035117936989423457,0.0010969234274823038,3.4465373444645984,1.2000456116892324,0.17001949321039814,13.207313254696153,5.239449644056979,4.536360254880042,0.14662649313552428,108.mat,ic_bilezik,3,28.833333333333332,28.696204627526193,2.690570106673201,27
0.3054456148035403,2.6435781413630606e-05,0.0003359863861060117,0.001099987591313154,4.587706032362091,1.2082880585758453,0.13665729934963947,16.40887418840523,5.383077662449875,4.561169602794806,0.14663928923088693,108.mat,ic_bilezik,3,28.833333333333332,28.696204627526193,2.690570106673201,28
0.3054353299985613,2.612008303942675e-05,0.0003301229014724401,0.0010808274912824075,3.8038268037413707,1.0023161933889286,0.21911930910017394,18.695429833937006,5.204830169741836,4.611802650365124,0.1457680750901979,108.mat,ic_bilezik,3,28.833333333333332,28.696204627526193,2.690570106673201,29
0.13634326650141887,1.86136934424619e-05,0.0005085672138982186,0.003730050093006948,0.513814863675529,1.1376848554683832,0.06384502792958995,9.475968687842574,2.9988021300759025,3.7415124078235107,0.06312399349184493,118.mat,bilya,0,29.95,29.959480510394933,2.9359612608409282,0
0.13602176632075333,1.9017388768438304e-05,0.000440304928535103,0.0032370181658542916,1.390557639698009,1.1000607736060615,0.07278525884231053,10.56055924099127,2.877996362330151,3.936974316298175,0.06213374202977634,118.mat,bilya,0,29.95,29.959480510394933,2.9359612608409282,1
0.14185088283064956,1.8220243046852184e-05,0.00048197404066128844,0.0033977514347464538,0.9012697965535582,1.1496378306927033,0.1301392582591924,12.107570008633079,2.9958965258852333,3.720912421050978,0.05952158251358958,118.mat,bilya,0,29.95,29.959480510394933,2.9359612608409282,2
0.13587091362252482,1.8510283363369462e-05,0.000520394776407286,0.003830067543736486,1.0185768018806438,1.2450364843348984,0.11872766458522824,8.114571153421622,2.9819245072640292,3.6097368283860343,0.06199930420784628,118.mat,bilya,0,29.95,29.959480510394933,2.9359612608409282,3
0.1344506812061016,1.965570044252806e-05,0.0005380841038741935,0.00400209280491003,1.1678563606561043,1.0317137624573969,0.0821218646139834,8.71160757438668,2.999043566069447,4.260616513760916,0.06611508056748404,118.mat,bilya,0,29.95,29.959480510394933,2.9359612608409282,4
0.1353501478287786,1.8705356593562666e-05,0.0005555281867864474,0.004104378131046449,0.6279601189296468,1.000521285402656,0.10224253024445164,10.964349526651503,2.882299398314911,3.390484363699314,0.059157659384644574,118.mat,bilya,0,29.95,29.959480510394933,2.9359612608409282,5
0.14170106623827616,1.8499640813103085e-05,0.0005482081079459003,0.0038687648759127688,0.5889486082396397,1.0311202085424716,0.06411352785635303,10.992421505887066,2.841481680943982,3.5380523925480074,0.057594444572107044,118.mat,bilya,0,29.95,29.959480510394933,2.9359612608409282,6
0.13853647300845345,1.8581823063196798e-05,0.00050986263070683,0.0036803494388949684,0.8503933688211236,0.9411778323644605,0.09611398673998604,12.508569680430233,3.0486299514202866,3.9922026962640205,0.05654305597196509,118.mat,bilya,0,29.95,29.959480510394933,2.9359612608409282,7
0.13752278453938513,1.8884707991444233e-05,0.0004730828468685195,0.003440032489522442,0.42668581596002764,1.187132370869385,0.08327066673001327,14.130204660974037,3.1029900224740192,4.207630696380989,0.06384854668647451,118.mat,bilya,0,29.95,29.959480510394933,2.9359612608409282,8
0.13863885840685997,1.758871205362854e-05,0.0005227637911560005,0.0037706873611010852,0.8460691729937705,0.9993118351513065,0.06742144237787892,9.855467497968686,2.892996549217366,3.5279472300928436,0.05677671195148289,118.mat,bilya,0,29.95,29.959480510394933,2.9359612608409282,9
0.14036800626284057,1.7707504147915877e-05,0.00047139533011676904,0.003358281866814565,0.6365284091020087,0.9508871820701481,0.07144047070180992,10.861447198706326,2.7910618974138783,3.255923264911742,0.0562370423997055,118.mat,bilya,0,29.95,29.959480510394933,2.9359612608409282,10
0.1336609857821197,1.834236128271055e-05,0.0005254844196257888,0.003931471974016767,0.3026944459864167,1.1045767140970215,0.05422861928526137,10.138762678675223,2.895045574933829,3.4030270695627114,0.06382593940459817,118.mat,bilya,0,29.95,29.959480510394933,2.9359612608409282,11
0.13721757437676707,1.7119953849517353e-05,0.0005327777931112212,0.0038827227162932967,1.1416992661223286,1.1494377140919008,0.060211664793379985,7.073601056229103,2.9951101976682635,4.51470746634854,0.05907412585238001,118.mat,bilya,0,29.95,29.959480510394933,2.9359612608409282,12
0.14206239832074455,1.8653021630138502e-05,0.000552138800446615,0.0038865935460002912,0.5369735879356354,0.9491279519692352,0.10364677613556667,8.043823928844466,3.0349871789216545,3.954438228372844,0.06642876831745788,118.mat,bilya,0,29.95,29.959480510394933,2.9359612608409282,13
0.136014799387907,1.7357389630731918e-05,0.0005522497439877456,0.004060218053248002,1.4084062552125587,0.9997719452595032,0.08800432897128263,10.43560790198555,3.0073583882931594,3.286069617328789,0.05312843498240562,118.mat,bilya,0,29.95,29.959480510394933,2.9359612608409282,14
0.13548142264062651,1.6694400037099485e-05,0.000524025003608526,0.0038678734943215745,0.5522588267402649,1.021618254297069,0.054661268049909416,10.745802337416613,2.896864649054412,3.5501371875206633,0.05605359594363654,118.mat,bilya,0,29.95,29.959480510394933,2.9359612608409282,15
0.1316382487375508,1.728840673604605e-05,0.0005007828355140086,0.003804235017655262,0.8678945160982575,0.9120282932142935,0.07584105354208603,12.79287845890846,2.852131275437796,3.380473140948604,0.059685102479444654,118.mat,bilya,0,29.95,29.959480510394933,2.9359612608409282,16
0.13602233825827126,1.76481503580584e-05,0.0005065016922923443,0.0037236655300462848,1.2009954698237848,0.978605974559524,0.0957609642329837,14.007237101959252,2.9455092026331644,4.3445074821205845,0.05882989398118449,118.mat,bilya,0,29.95,29.959480510394933,2.9359612608409282,17
0.13884607133882676,1.655886785235498e-05,0.0004584981305276551,0.0033022045644019527,0.9260027455105612,1.0553836781958343,0.10674111293732938,12.422816443356773,2.8991696345689064,3.5938620023036907,0.058814049994141984,118.mat,bilya,0,29.95,29.959480510394933,2.9359612608409282,18
0.13925385517430394,1.558902046378267e-05,0.00043755485609974426,0.0031421381874772157,2.027021960794382,1.068475727589833,0.07331197741241213,13.151829010402674,3.0728001769764752,3.6219538131989735,0.05220148972355085,118.mat,bilya,0,29.95,29.959480510394933,2.9359612608409282,19
0.1391701292611234,1.695107284767062e-05,0.00045052639703523816,0.003237234882398385,0.8435066012176831,1.3622569009963656,0.03639590122653488,12.633862489399155,2.9188188685598835,3.43154385989597,0.06034404879573889,118.mat,bilya,0,29.95,29.959480510394933,2.9359612608409282,20
0.13839551471655398,1.5121240618085488e-05,0.000480099536504269,0.0034690397119016858,1.2851677623163011,1.1629076689602924,0.10469279158674265,6.876224854104662,2.946532521042541,3.8157771428046217,0.05615411057365722,118.mat,bilya,0,29.95,29.959480510394933,2.9359612608409282,21
0.14171028143054726,1.4045410877024893e-05,0.00047631946823252237,0.0033612202545981614,0.748434264450762,1.081181221774839,0.09985536713220375,8.39998112428823,2.9151796355059085,3.8274880928449377,0.04970518013106776,118.mat,bilya,0,29.95,29.959480510394933,2.9359612608409282,22
0.136762820498562,1.6727201968425153e-05,0.0005451631866585411,0.003986194381391008,0.3879891986368414,1.1920801190090895,0.06166468091489353,8.5532942816417,2.8704683330338687,3.5033746942101116,0.059100354729025535,118.mat,bilya,0,29.95,29.959480510394933,2.9359612608409282,23
0.14076434687095657,1.5992665760300512e-05,0.0005442139826880073,0.003866135102967803,1.124866951362036,1.01974203691628,0.08067762074769444,8.670222842832137,3.1055202321923714,4.040840710715911,0.05975780960654401,118.mat,bilya,0,29.95,29.959480510394933,2.9359612608409282,24
0.14570407734450755,1.4160794439579715e-05,0.0005169989535005482,0.00354828061725816,0.2578819547829188,0.85845339011896,0.06768351395866136,12.767725943908047,3.089378117561214,3.75368991255847,0.04998931317884085,118.mat,bilya,0,29.95,29.959480510394933,2.9359612608409282,25
0.14594816144368944,1.5526733381956184e-05,0.0005303612480106812,0.0036339015357290017,0.8247709641910071,0.9748398628459544,0.044722835495716144,12.2965799786256,2.9512586019867353,3.5627044065498406,0.05412590868089639,118.mat,bilya,0,29.95,29.959480510394933,2.9359612608409282,26
0.13585083596146802,1.6521134552504467e-05,0.0005242887101867807,0.0038592969006950224,0.7420428723718827,0.9395721306650361,0.0797452012918033,11.315812262827889,3.0846928543213865,3.902279595107335,0.06247822226272665,118.mat,bilya,0,29.95,29.959480510394933,2.9359612608409282,27
0.14140306673168254,1.4625622100693608e-05,0.000497461084582391,0.0035180360375268484,0.5027222901231603,0.9732167020843826,0.12937598906678158,14.130487488185597,3.0044669176168006,3.5010508494750465,0.05218935569069247,118.mat,bilya,0,29.95,29.959480510394933,2.9359612608409282,28
0.13927697318600432,1.498432077237834e-05,0.00036939507082526184,0.002652233620336383,2.0368737816212725,1.2301817393486896,0.07220611941533009,12.257959119001061,2.8573039718975286,3.3912523732960906,0.05157013273568886,119.mat,bilya,1,29.533333333333335,29.515707878235233,2.9492990368846472,0
0.13622195662685274,1.609706601894079e-05,0.00032338981100412897,0.002373991821946909,1.0880055998344584,1.2337120359674854,0.12631201791088922,18.339742679271957,3.0525180658393194,3.667175991744241,0.05418868140975949,119.mat,bilya,1,29.533333333333335,29.515707878235233,2.9492990368846472,1
0.13808710940678956,1.5250819045183572e-05,0.00031476204481665994,0.002279445533812471,2.2844291559966012,1.0240078769517564,0.11342292685721048,18.902666623223013,3.0842887830031946,3.7574212087164085,0.05265941402000238,119.mat,bilya,1,29.533333333333335,29.515707878235233,2.9492990368846472,2
0.1381028546455081,1.543975611781095e-05,0.00038195521226074946,0.002765730029537859,0.9495898973306132,1.1933841849221736,0.13389530280828266,11.971443264461787,3.081644625842207,3.5804816933270875,0.052350792841192643,119.mat,bilya,1,29.533333333333335,29.515707878235233,2.9492990368846472,3
0.14194260482002227,1.6032424676924894e-05,0.0003375066111000772,0.002377768193881215,1.1591866663899413,1.1742502692597523,0.06271907804850535,16.741103806914083,3.075140141571654,4.480551012121785,0.055029393942852764,119.mat,bilya,1,29.533333333333335,29.515707878235233,2.9492990368846472,4
0.1387822256142132,1.6365105282477276e-05,0.00034653953189767617,0.0024970022664032618,1.513585325372322,1.0506011828927937,0.1476044611556423,15.788579596530639,3.1346368670115323,3.7963318243284414,0.05519863101813135,119.mat,bilya,1,29.533333333333335,29.515707878235233,2.9492990368846472,5
0.13424472958926115,1.568784510636235e-05,0.0003740717309568141,0.0027864910011629333,0.9304088823992285,1.187173435071805,0.0999247727697476,11.834236150043493,3.002270943422041,3.9227236425415053,0.05229190536719281,119.mat,bilya,1,29.533333333333335,29.515707878235233,2.9492990368846472,6
0.13285427329354804,1.6210733302268546e-05,0.0003297966658693937,0.002482394112669672,2.9331238262608283,0.9987219388493941,0.11179687366630572,15.054801171750285,2.8636112215841547,3.3881468969601287,0.05325798983933135,119.mat,bilya,1,29.533333333333335,29.515707878235233,2.9492990368846472,7
0.14039543547202193,1.6695048210389204e-05,0.0003594421229099895,0.0025602123153003723,0.315680218940958,1.0588191833638614,0.1131008213690914,13.013221715221967,2.8591468964238924,3.4695055450938983,0.05649716011133859,119.mat,bilya,1,29.533333333333335,29.515707878235233,2.9492990368846472,8
0.13809082516052268,1.651767813447984e-05,0.0004125470841374171,0.0029875053875220692,0.3143523968238645,1.1019580105402462,0.11888477546740031,11.618634716298427,2.9479134030131187,3.486045520541062,0.05261880037894522,119.mat,bilya,1,29.533333333333335,29.515707878235233,2.9492990368846472,9
0.13898747424022292,1.7031224356826025e-05,0.0003759810266374476,0.0027051432417924586,2.276335704740844,0.7936595180207897,0.07730202890064757,16.41562238893659,3.1715779689398556,4.7734077105446895,0.05339288774370264,119.mat,bilya,1,29.533333333333335,29.515707878235233,2.9492990368846472,10
0.1396492839695882,1.735720356373045e-05,0.00039021708528569744,0.0027942648482743512,0.39105491310916335,0.9735299283071042,0.06747080752561366,12.224610886588813,2.922269557109799,3.534679452997021,0.05439793891749695,119.mat,bilya,1,29.533333333333335,29.515707878235233,2.9492990368846472,11
0.14273623365500313,1.7372144345524878e-05,0.0003844214101595435,0.0026932293245596345,1.6140781286592312,1.1967195039871055,0.0899536357554174,13.99580308170525,2.9128691814858074,3.6241243824619405,0.054404439593637735,119.mat,bilya,1,29.533333333333335,29.515707878235233,2.9492990368846472,12
0.13998345162553122,1.76854170099097e-05,0.00035964708299464603,0.0025692114233199954,1.2713121906646636,0.9103361489383166,0.09473751604408293,17.4387224728486,3.051511842179013,3.660513630582623,0.05400705517818304,119.mat,bilya,1,29.533333333333335,29.515707878235233,2.9492990368846472,13
0.13485048984184544,1.7985219426235538e-05,0.0003340842824351322,0.0024774421125534915,0.753244219238762,1.197315977684353,0.07808556703229781,15.319313743600349,2.9690373549821465,3.460264974437961,0.05317337890575525,119.mat,bilya,1,29.533333333333335,29.515707878235233,2.9492990368846472,14
0.13959304122713126,1.80166284701868e-05,0.0003629258351354515,0.0025998848649076748,1.7890059374033769,1.1639341910855128,0.09744309897162397,13.153357367270907,2.982930223406921,3.708016228395847,0.05640956138733318,119.mat,bilya,1,29.533333333333335,29.515707878235233,2.9492990368846472,15
0.1381872116045885,1.767827198146206e-05,0.0003904497718145163,0.002825513065050702,1.0570114275051095,0.7855909612275945,0.06576537582382119,13.257685439361913,2.959948058269277,3.9879334441944367,0.054559294350808946,119.mat,bilya,1,29.533333333333335,29.515707878235233,2.9492990368846472,16
0.1434365427398729,1.7663137069957923e-05,0.00037133783597089875,0.002588864935497949,1.7218713928719893,1.0352333500064237,0.12997318950964043,11.200237320443684,2.84402229205069,3.379342599519049,0.049610061274110065,119.mat,bilya,1,29.533333333333335,29.515707878235233,2.9492990368846472,17
0.1383361024092968,1.7916321153503072e-05,0.00033711378829853435,0.0024369183634990275,0.9138791509372063,1.0717926678595244,0.11059416075880735,15.094922929654498,2.885886332158319,3.736037644246591,0.05205782912994873,119.mat,bilya,1,29.533333333333335,29.515707878235233,2.9492990368846472,18
0.1387476914561128,1.8513109215507793e-05,0.0003552912958920455,0.002560700593723873,0.36234423978116165,0.8386149576403586,0.10181018284275274,14.81649671849538,2.943339798793982,3.781206151755843,0.058470430365769176,119.mat,bilya,1,29.533333333333335,29.515707878235233,2.9492990368846472,19
0.1440676743916845,1.8572601440889406e-05,0.0003569647915960735,0.002477757714219058,1.552809570671232,1.309593730600497,0.10979434488137893,11.59470335147062,3.0490936751059303,3.9289278775914385,0.05348760689174836,119.mat,bilya,1,29.533333333333335,29.515707878235233,2.9492990368846472,20
0.14148341275554463,1.8863979797871535e-05,0.0003802765500293388,0.002687781858101583,0.7653066172315232,1.122797098735347,0.13229343912851163,16.04535874614405,3.0454474736796264,3.4353747199337583,0.05311529510868571,119.mat,bilya,1,29.533333333333335,29.515707878235233,2.9492990368846472,21
0.13720661009411883,1.8830783657848175e-05,0.00038598068873388884,0.0028131347933332564,1.7368313874855645,0.7678970523686898,0.09411441328272245,15.49111809459925,2.8653499213709415,3.828145020618122,0.05269477629008161,119.mat,bilya,1,29.533333333333335,29.515707878235233,2.9492990368846472,22
0.13430805915393712,1.9124746793067014e-05,0.0003640840093762708,0.0027108128258801303,1.4349902306021634,1.3010828653077071,0.10914164300906877,12.948194680811165,2.9089509337487627,3.476535387038423,0.056004370789657046,119.mat,bilya,1,29.533333333333335,29.515707878235233,2.9492990368846472,23
0.13925075200668577,1.8650579817507635e-05,0.0003548629701625163,0.002548373815194406,1.0922553472469723,1.1439372358194222,0.08395756994824995,15.55994281963456,2.9326894203543743,3.392211624377624,0.05344130236893123,119.mat,bilya,1,29.533333333333335,29.515707878235233,2.9492990368846472,24
0.1386436654075299,1.8711027038611704e-05,0.0003518604981410547,0.0025378764843258885,1.921068186183244,0.9761960718991942,0.07560159076990265,15.47829950227419,2.7983944236991416,3.122953347424654,0.053731166600329276,119.mat,bilya,1,29.533333333333335,29.515707878235233,2.9492990368846472,25
0.14211720288843702,1.8866916758935637e-05,0.0003059214496725936,0.0021525997096255227,0.9986371562012305,1.4076767882848793,0.18972838639020387,13.49279225089709,2.8353779439936995,3.467122318519842,0.054821495080760084,119.mat,bilya,1,29.533333333333335,29.515707878235233,2.9492990368846472,26
0.14150206270446522,1.841069196667735e-05,0.0003308703408349153,0.0023382722096681923,0.9881438474874213,1.0683084545738701,0.10558448137714864,16.051081854418438,2.8357557761408865,3.467836219474457,0.05368294869031302,119.mat,bilya,1,29.533333333333335,29.515707878235233,2.9492990368846472,27
0.13806004495351462,1.8787069883673008e-05,0.0003281066643187804,0.002376550467058581,2.2916672937964955,1.083067161757023,0.14234075467083038,13.100908840887763,2.9979463153946417,3.8036846370827786,0.05287055553055448,119.mat,bilya,1,29.533333333333335,29.515707878235233,2.9492990368846472,28
0.1434364377714181,1.561644346257327e-05,0.00011578641033051793,0.000807231496603598,5.40302668007517,3.562559510912135,0.4142967109283295,41.768011706998834,2.67674545766557,3.2509777368547987,0.05383793990026486,120.mat,bilya,2,29.166666666666668,29.11555299064218,2.2545010868154627,0
0.14487383094899242,1.5097502561730099e-05,0.0001231648688452832,0.0008501526330714432,2.9467319376916357,3.3039298721865635,0.34161437274723455,36.436359297744275,2.732759357885157,3.1799334977367373,0.055387904647592134,120.mat,bilya,2,29.166666666666668,29.11555299064218,2.2545010868154627,1
0.14483179731197826,1.4982482150043982e-05,0.0001460405344125502,0.0010083457992098232,4.180239241461541,2.084533542799263,0.21604177118816276,33.76660035655239,2.7235057714763276,3.417040920077662,0.05176625028168991,120.mat,bilya,2,29.166666666666668,29.11555299064218,2.2545010868154627,2
0.1486849062433992,1.53374458921188e-05,0.0001342761701191834,0.0009030921396854393,3.3040227085584264,3.7268945999572933,0.426206308174669,40.42962046158568,2.7400464181870903,3.2764281102850235,0.05779458028434027,120.mat,bilya,2,29.166666666666668,29.11555299064218,2.2545010868154627,3
0.14605028218524374,1.5514651731256843e-05,0.00012740343236707563,0.0008723258213538431,1.4813507255388294,3.4034027638298623,0.33674004859569107,47.117734186715055,2.660501050943182,3.06013783049648,0.055860837082976324,120.mat,bilya,2,29.166666666666668,29.11555299064218,2.2545010868154627,4
0.14642079001667327,1.5127757229209187e-05,0.00012750488827518772,0.0008708113667451025,6.49072166028618,2.3312302059048924,0.28913953928861114,43.48832434421536,3.0680642703856833,3.9048135142451628,0.05571089424053748,120.mat,bilya,2,29.166666666666668,29.11555299064218,2.2545010868154627,5
0.14590724102985944,1.4879755504845014e-05,0.00012155255104596894,0.0008330810053509306,2.022295282345499,3.7244932219541265,0.2699492682474957,39.91011507456203,2.7086661506981615,3.2332158764224497,0.05624320933188171,120.mat,bilya,2,29.166666666666668,29.11555299064218,2.2545010868154627,6
0.14892818825002502,1.4665722399626991e-05,0.00012126422799085934,0.0008142463116952926,3.6050797711835396,2.811430552215172,0.3097665392057618,45.11298045288047,2.7703443931179863,3.1342954753764016,0.05347534884700214,120.mat,bilya,2,29.166666666666668,29.11555299064218,2.2545010868154627,7
0.14779421426371778,1.4735850115567489e-05,0.00011356086669436465,0.0007683715310462901,2.0273617204818084,3.6225894020005116,0.46625431579190985,50.41818215559963,2.832606911001651,3.703970318856965,0.05475956667885303,120.mat,bilya,2,29.166666666666668,29.11555299064218,2.2545010868154627,8
0.15097002710702923,1.4992330610602486e-05,0.00012339849501297613,0.000817370821061562,1.9755511796505225,4.082703726874683,0.34477110049174525,46.079297958609985,2.8211217204381605,3.45325845907943,0.05328037951514237,120.mat,bilya,2,29.166666666666668,29.11555299064218,2.2545010868154627,9
0.14952076948737938,1.45826053559525e-05,0.0001115738390849443,0.0007462096367395683,6.621815653628685,2.8956149038298378,0.3970844053903208,44.14753911838842,2.787207467207927,3.503835117897216,0.05563297187926941,120.mat,bilya,2,29.166666666666668,29.11555299064218,2.2545010868154627,10
0.15341476335838725,1.4771594767258886e-05,0.00014251058502430004,0.0009289235397147324,1.4601974982787223,2.945038297292749,0.286056430887363,31.303231931263326,2.8665416676363114,3.430104235495214,0.05361314341578691,120.mat,bilya,2,29.166666666666668,29.11555299064218,2.2545010868154627,11
0.145122886384946,1.5048051015425053e-05,0.00013656862764603982,0.0009410550675159766,4.750324818817932,3.2347647014900662,0.48219321355584827,37.20948197513516,2.843923687924918,3.7501590477223123,0.057472922071506324,120.mat,bilya,2,29.166666666666668,29.11555299064218,2.2545010868154627,12
0.15082619798814148,1.5233782594846892e-05,0.00015216286412477324,0.0010088622941733768,2.836126240116683,2.0233348153908945,0.503115137825642,34.76266860228522,2.995752396196548,3.54719438462202,0.0570380297322414,120.mat,bilya,2,29.166666666666668,29.11555299064218,2.2545010868154627,13
0.14773195216249826,1.4998820205601216e-05,0.00010016620555169845,0.0006780266833598886,2.0519518193973694,4.809037035536703,0.5807388577738973,55.46914191603089,2.798672963760395,4.0605019184972395,0.0546811653282534,120.mat,bilya,2,29.166666666666668,29.11555299064218,2.2545010868154627,14
0.1476359645566488,1.5111707515629718e-05,5.905434370814918e-05,0.00039999971473813673,14.877592766220737,7.1046928341360545,0.8939261372137332,90.90198283003546,2.846474631371358,3.61984904166483,0.05314434000114211,120.mat,bilya,2,29.166666666666668,29.11555299064218,2.2545010868154627,15
0.14614941096283085,1.555307426927791e-05,7.781250047479756e-05,0.0005324174757984802,4.107618356182996,4.000213893495185,0.7076734113729058,74.62259890218823,2.9265496303962975,3.4123496267664146,0.05580712738332283,120.mat,bilya,2,29.166666666666668,29.11555299064218,2.2545010868154627,16
0.14599176294690872,1.5729299049091654e-05,7.480335021287958e-05,0.0005123806213612897,7.781207664609597,5.725899358030426,0.7320149485038779,72.2696862662222,2.83533517611187,3.7489129948154702,0.0556483888429938,120.mat,bilya,2,29.166666666666668,29.11555299064218,2.2545010868154627,17
0.14609816277232396,1.5831380801799295e-05,0.00011265596977032304,0.0007710977854328834,2.551168611915827,3.6600179209535235,0.5662961139146762,50.8082775768224,2.754510813166497,3.4608473530329884,0.053459003019619665,120.mat,bilya,2,29.166666666666668,29.11555299064218,2.2545010868154627,18
0.1465286277960537,1.5872978217113025e-05,0.00013439799768863583,0.0009172132415979549,1.1650792997785597,2.8219907780809343,0.32138776595714924,40.41279981223276,2.8441754509911066,3.5037672201518206,0.05215711259721844,120.mat,bilya,2,29.166666666666668,29.11555299064218,2.2545010868154627,19
0.1552690080022124,1.6293997331534762e-05,0.00013595868642032592,0.0008756331232406214,6.247481869818207,3.765401314581726,0.5697458600590792,35.83186803640124,2.9707389478073964,3.420983977008673,0.05634229795784822,120.mat,bilya,2,29.166666666666668,29.11555299064218,2.2545010868154627,20
0.1467664961139466,1.6781040915435662e-05,0.0001304264671256336,0.0008886664911825953,1.6953523979301504,2.8275517189078596,0.29646849363300976,41.809704807712805,2.7825546022203396,3.838625540654721,0.05834793036046555,120.mat,bilya,2,29.166666666666668,29.11555299064218,2.2545010868154627,21
0.14529297598533955,1.6774021772578412e-05,0.00012266366585204038,0.0008442504878114218,6.735188932855536,2.7932787252271325,0.4954775503756927,39.51934773610728,2.8467211714998486,3.5783342045675464,0.054996801118377306,120.mat,bilya,2,29.166666666666668,29.11555299064218,2.2545010868154627,22
0.1429368867436324,1.6617330076419014e-05,0.00017727077057668857,0.0012402031037194497,2.954802811432535,2.5018133017675126,0.1772929399674053,27.632571985590737,2.8314845147727894,3.458885251758465,0.05304076229391846,120.mat,bilya,2,29.166666666666668,29.11555299064218,2.2545010868154627,23
0.14573121153937701,1.6718877060920507e-05,0.00012172913024335225,0.0008352989655179349,2.2043071300056356,2.5165871231079167,0.4035904630381195,41.41778144918314,2.8235484205987023,3.6239422766348217,0.05129178921487624,120.mat,bilya,2,29.166666666666668,29.11555299064218,2.2545010868154627,24
0.14437564139621928,1.7834411715328743e-05,0.00016728922329373324,0.001158708087283727,5.054593455651902,2.688310645328184,0.3234775257057502,33.21949674356762,2.8485594242795225,3.7757688087716783,0.060261400981172976,120.mat,bilya,2,29.166666666666668,29.11555299064218,2.2545010868154627,25
0.1475851415061027,1.7786986139640807e-05,0.00016812795490919115,0.0011391929647680678,2.7501939913403946,2.889180442702223,0.3968443811028576,34.421996192402744,3.0110806080988266,3.788664685044448,0.05496350725440318,120.mat,bilya,2,29.166666666666668,29.11555299064218,2.2545010868154627,26
0.14419271165344974,1.7813335659240966e-05,0.0001148045111441552,0.0007961880307742473,5.8262129507987535,2.4338247630154566,0.3411157648177232,47.36243428010923,2.7768000130337342,3.385453618456,0.05657674249713513,120.mat,bilya,2,29.166666666666668,29.11555299064218,2.2545010868154627,27
0.14711022345819483,1.8072301094895164e-05,0.00015538239399350327,0.0010562311057640595,2.845971677489361,2.6978143189528,0.2814612218564396,33.66234294904673,2.8626955966789045,3.53166214316388,0.05495191376901191,120.mat,bilya,2,29.166666666666668,29.11555299064218,2.2545010868154627,28
0.15386111600422808,1.754662826618628e-05,2.9870787780143125e-05,0.00019414123955222148,10.861740805196867,10.315643130657714,1.964762215410301,151.1213226001895,2.855675920880998,4.034312855864712,0.06501777616562007,121.mat,bilya,3,28.833333333333332,28.71479358717527,1.5788366513736047,0
0.15552041805154682,1.772848589608665e-05,8.926567227658457e-05,0.0005739804033089965,3.1423606862275126,4.1379963986607855,0.7545279930659737,41.04251223971775,2.7297032053166523,3.2170069933411285,0.0629506818802317,121.mat,bilya,3,28.833333333333332,28.71479358717527,1.5788366513736047,1
0.15424822166309374,1.7988773822613918e-05,4.6076597735321794e-05,0.0002987172055420047,15.086050005118357,6.36890468285407,0.9097274947891318,82.94389754496932,2.9170248981651854,3.976844794960257,0.06490084642321733,121.mat,bilya,3,28.833333333333332,28.71479358717527,1.5788366513736047,2
0.15522636488107927,1.850702761193205e-05,3.088260977632474e-05,0.00019895209038609717,7.803385151438817,8.98260727679599,1.3611859240241124,155.82999299214143,2.8939681276013833,3.809414296361283,0.06923087079461421,121.mat,bilya,3,28.833333333333332,28.71479358717527,1.5788366513736047,3
0.1520647798025082,1.7752246974759917e-05,4.5111915121345356e-05,0.0002966624827894868,13.60370108376728,8.048916065198068,1.0230681973133762,82.22890204573257,2.7758204067841112,3.3659161451931494,0.06221687998874617,121.mat,bilya,3,28.833333333333332,28.71479358717527,1.5788366513736047,4
0.15758067165828724,1.795897108755754e-05,4.148464517666646e-05,0.0002632597306499772,9.981454732778927,6.615123947418514,1.665553810984608,99.15395198058553,2.8037587172543375,3.456668842735597,0.06492689106837451,121.mat,bilya,3,28.833333333333332,28.71479358717527,1.5788366513736047,5
0.15508366289306783,1.8188611673137775e-05,3.6574025814991765e-05,0.00023583416288003328,3.993121133675264,8.12830021515641,0.8782284801096633,129.73998156131722,2.7153380918627708,3.2132697146332747,0.061874229112104676,121.mat,bilya,3,28.833333333333332,28.71479358717527,1.5788366513736047,6
0.1520271984401286,1.7485310338663272e-05,7.845346268128713e-05,0.0005160488615572801,10.904806198628103,5.168710846124853,0.48962668205307064,46.172311792416494,2.867776630192416,3.4196680652773024,0.05905855724303385,121.mat,bilya,3,28.833333333333332,28.71479358717527,1.5788366513736047,7
0.15390190673003393,1.8490621043668756e-05,2.333231938688354e-05,0.00015160513526099568,24.547730971382197,12.134067021578465,2.531984002348255,204.55042477257766,2.8202578301179435,3.8342423111693886,0.06591954924984632,121.mat,bilya,3,28.833333333333332,28.71479358717527,1.5788366513736047,8
0.15397831163898734,1.8496896830702872e-05,3.281659816197706e-05,0.00021312480837369286,25.958896622322484,11.3687248809941,1.4552167172681263,144.10579899879738,2.876299701954404,3.519998824478801,0.06035221689032153,121.mat,bilya,3,28.833333333333332,28.71479358717527,1.5788366513736047,9
0.15570897726276808,1.8025048481675537e-05,8.891304912704569e-05,0.0005710206995735939,7.048501375999732,3.7613483174918763,0.6217543260752829,40.4305710497669,3.0044434519099603,3.3649512014332257,0.06295773113161698,121.mat,bilya,3,28.833333333333332,28.71479358717527,1.5788366513736047,10
0.15519127326118695,1.8311238116148176e-05,9.703980370385011e-05,0.0006252916266748247,2.254388673866346,3.5236140728943433,0.5409210537451015,45.68681656631665,2.767340996971634,3.1682809291299847,0.06370073770943825,121.mat,bilya,3,28.833333333333332,28.71479358717527,1.5788366513736047,11
0.15581941722904785,1.8701737208719854e-05,7.767232311570269e-05,0.0004984765345453014,10.858677125972216,5.238171379651503,0.4243950012510554,46.30522620376773,3.007876458543617,4.042092546328534,0.06686118224011146,121.mat,bilya,3,28.833333333333332,28.71479358717527,1.5788366513736047,12
0.159150010615194,1.843546203508393e-05,2.6333093943854605e-05,0.000165460836866417,17.50901651772847,10.768639472319542,1.5752340227018689,160.26185735560298,2.7583412983706683,3.6379249192808665,0.0672397332880858,121.mat,bilya,3,28.833333333333332,28.71479358717527,1.5788366513736047,13
0.15625991412461235,1.828585084270676e-05,4.097863878619205e-05,0.0002622466485758506,21.818206888527122,8.146223248801103,0.9838470549998877,118.42692447503659,2.8640801937250426,3.3930327437607803,0.06082427069565829,121.mat,bilya,3,28.833333333333332,28.71479358717527,1.5788366513736047,14
0.1615226148772294,1.8386529654646364e-05,4.1785111463402954e-05,0.0002586951152004591,14.122925853724565,9.153497222994487,1.5081887818963804,88.08794016508938,2.8076637855164246,3.5735890900533125,0.06222861889697149,121.mat,bilya,3,28.833333333333332,28.71479358717527,1.5788366513736047,15
0.1551498314256588,1.7861983990377576e-05,4.99214404502702e-05,0.00032176277596452735,5.936368418030655,3.8957182313551746,1.067344745233226,91.58396164145098,2.789699687478359,3.5603704641374256,0.061718115048927304,121.mat,bilya,3,28.833333333333332,28.71479358717527,1.5788366513736047,16
0.15655091112658853,1.7780426430368768e-05,4.260448408261132e-05,0.00027214459357498586,15.837378037739702,8.324859244464902,1.58929601903719,112.86657365890397,3.0067758848954713,3.7415910320312076,0.05907079518801325,121.mat,bilya,3,28.833333333333332,28.71479358717527,1.5788366513736047,17
0.15113431313218856,1.7657265896881723e-05,2.5171045626358723e-05,0.00016654752388477458,20.77547034055899,15.19845832763609,2.6326819141070517,151.25385185805808,3.437757088378592,4.798161031371135,0.06529176742494736,121.mat,bilya,3,28.833333333333332,28.71479358717527,1.5788366513736047,18
0.151696925759467,1.7502042042883348e-05,7.846670421146614e-05,0.0005172596861677137,7.160663393160437,3.3650900840839686,0.43862632908852245,58.06428529657811,2.921520656332485,4.072411375348921,0.05924716398623726,121.mat,bilya,3,28.833333333333332,28.71479358717527,1.5788366513736047,19
0.15175677716858232,1.7764499301661937e-05,9.482527107520436e-05,0.0006248503219677681,6.214960154979584,3.5861723336348263,0.664913934888938,42.05539038012766,3.017502601619908,3.670186692346119,0.06277649216537833,121.mat,bilya,3,28.833333333333332,28.71479358717527,1.5788366513736047,20
0.1523855082870226,1.717077181687032e-05,2.978940597400351e-05,0.0001954871320027282,9.153704014753242,9.53048033445823,1.1226792882423209,116.24339082716045,3.0345457714346695,3.6238007608113363,0.06497522832845228,121.mat,bilya,3,28.833333333333332,28.71479358717527,1.5788366513736047,21
0.14812545232233199,1.7884155202344317e-05,1.7903024323996537e-05,0.00012086393015642822,32.52592910942878,17.630799985273466,2.595191747132624,272.6307953500909,2.9934642095687245,3.9499100730843657,0.06579328787984394,121.mat,bilya,3,28.833333333333332,28.71479358717527,1.5788366513736047,22
0.14932227926508604,1.7635272325754818e-05,5.656498219092802e-05,0.0003788114035557386,12.252683862410924,6.768375137874294,0.4700182069655689,66.32608853310845,2.808513605271136,3.952629846107269,0.0660466521024224,121.mat,bilya,3,28.833333333333332,28.71479358717527,1.5788366513736047,23
0.1479308503477409,1.6944388387361628e-05,2.9202094092294045e-05,0.00019740367897197445,23.85147251322705,7.458377368954804,2.487555690660258,137.8795273254659,2.938173466462029,3.609746559508088,0.06196771445185907,121.mat,bilya,3,28.833333333333332,28.71479358717527,1.5788366513736047,24
0.1533231871894072,1.7449698442270536e-05,2.165859254174707e-05,0.00014126103780278158,41.642598368072434,15.282664500201074,1.204304554958027,208.8695755891367,2.819253944238932,3.4124202993140305,0.06626087633602243,121.mat,bilya,3,28.833333333333332,28.71479358717527,1.5788366513736047,25
0.15799530883669,1.721208457359314e-05,7.090915791917164e-05,0.00044880546416740296,3.0725724115688235,5.605472822016123,0.6788020368520915,48.00225690972218,2.916778441711241,3.492482577788008,0.0694196740712671,121.mat,bilya,3,28.833333333333332,28.71479358717527,1.5788366513736047,26
0.14257504975776794,1.7447507933265666e-05,3.972581396040291e-05,0.00027863089669347905,17.493105772139472,6.448486792948722,1.3343263527729554,124.0155975372608,2.856819962673063,3.77666985424205,0.0649052150047907,121.mat,bilya,3,28.833333333333332,28.71479358717527,1.5788366513736047,27
0.149829574469902,1.7423795799812938e-05,4.810040775541757e-05,0.0003210341344509326,13.672773507556697,7.2969258462729485,1.4140897733292845,88.7858349252977,2.793518873183066,3.239767833133346,0.06658147640381396,121.mat,bilya,3,28.833333333333332,28.71479358717527,1.5788366513736047,28
0.6791836846142119,2.530709911158764e-05,0.0012283109078221935,0.0018085106218623127,0.6119094687806981,0.24491884285777943,0.37487685433082724,4.343044675565382,7.702574917724203,5.172927930871276,0.09576833211957334,130.mat,dis_bilezik,0,29.95,29.93360068452934,2.4893919927116306,0
0.6775590997710941,2.5631851154180475e-05,0.0011319640729565699,0.0016706499452775721,0.6434721343337528,0.30666859408714625,0.40519347361115415,4.300473372609677,7.624517363756862,5.10425140290831,0.09999378064268112,130.mat,dis_bilezik,0,29.95,29.93360068452934,2.4893919927116306,1
0.6738416589863772,2.43313581594779e-05,0.0009290686998020404,0.0013787641167781293,0.7773252794125256,0.27763425330463265,0.48556852384129234,6.794698302599204,7.399422413988466,4.713966117130996,0.09010025387681458,130.mat,dis_bilezik,0,29.95,29.93360068452934,2.4893919927116306,2
0.6616874714120629,2.3774924685701178e-05,0.00080404809615546,0.001215147831707286,0.7314168355605402,0.30955775171740935,0.7039239891609866,5.938961481821725,7.407701463128354,4.847528124907808,0.0931775651397329,130.mat,dis_bilezik,0,29.95,29.93360068452934,2.4893919927116306,3
0.6398487511542612,2.3662304797346045e-05,0.0008449523402841478,0.0013205501124423037,0.47825423952642265,0.3686604124221198,0.6066184736266603,4.586183592758574,7.504343976606077,5.214906602387479,0.09979045467403737,130.mat,dis_bilezik,0,29.95,29.93360068452934,2.4893919927116306,4
0.6407957786473013,2.3616180673593232e-05,0.0010067883321097351,0.001571153190542954,0.3374022313576383,0.2962926533238227,0.44780575699504765,5.23535849075996,7.50211398701644,4.733649083302194,0.09796145107991677,130.mat,dis_bilezik,0,29.95,29.93360068452934,2.4893919927116306,5
0.6512702357538765,2.3536866481066242e-05,0.0011856471090273635,0.001820514809268229,0.26037806457346774,0.20236999428162056,0.33752977826760244,4.746909114987065,7.854681645933326,5.069616166450202,0.08751870950348994,130.mat,dis_bilezik,0,29.95,29.93360068452934,2.4893919927116306,6
0.673629834808455,2.34429640096696e-05,0.0012043536817940778,0.0017878568014059904,0.41078473194229465,0.3602749050414265,0.38163391427188176,3.9380585455958133,7.734896072581353,4.914639276489785,0.08943068084967891,130.mat,dis_bilezik,0,29.95,29.93360068452934,2.4893919927116306,7
0.6940374417646922,2.3937193588203327e-05,0.0012902634472140519,0.0018590689342804164,0.4387763536251044,0.27303274085151724,0.3708310423789136,4.319190071006692,7.653742807121391,4.8977842865986805,0.09078312899617279,130.mat,dis_bilezik,0,29.95,29.93360068452934,2.4893919927116306,8
0.6952693311921198,2.2495369053864197e-05,0.001267351229960126,0.001822820557589219,0.5740200384233851,0.1874193968235608,0.3927706604202148,4.3562039177546,7.50485249968648,4.691360777461961,0.08303104561442173,130.mat,dis_bilezik,0,29.95,29.93360068452934,2.4893919927116306,9
0.6967935129378896,2.3204319434115122e-05,0.0011641431799896806,0.0016707147216104732,0.5999173232495429,0.2968083843605216,0.5025157947634036,4.77626834769671,7.573221785410227,4.769363216983769,0.0828754884555086,130.mat,dis_bilezik,0,29.95,29.93360068452934,2.4893919927116306,10
0.6921075998683297,2.3676372741996633e-05,0.0010257243417371286,0.0014820301668855911,0.5243946810787218,0.2911178843163519,0.5408575414432376,6.69741142403938,7.457623085469613,4.9691566701077985,0.08762843253874603,130.mat,dis_bilezik,0,29.95,29.93360068452934,2.4893919927116306,11
0.6641241219068968,2.364898602039541e-05,0.00093437369492872,0.0014069263020359052,0.5130399267569793,0.24392213080015313,0.6566887498416082,5.496965058139444,7.686935385061192,4.9336728735041735,0.09425989648075189,130.mat,dis_bilezik,0,29.95,29.93360068452934,2.4893919927116306,12
0.6607026683100765,2.3551921048740486e-05,0.00084609940250714,0.0012806053964788497,0.5395109276211898,0.3538482574928883,0.6757136925874696,6.0210929615294315,7.41646427869319,4.871011094137768,0.0963717619774376,130.mat,dis_bilezik,0,29.95,29.93360068452934,2.4893919927116306,13
0.6590607549029905,2.3392322155756603e-05,0.000885154931886065,0.0013430551361156545,0.7079107469509297,0.26834316222219706,0.5154492314317234,7.233839915491556,7.244809450299471,4.939296027015604,0.0982406744059145,130.mat,dis_bilezik,0,29.95,29.93360068452934,2.4893919927116306,14
0.6459178713458336,2.3546175145575175e-05,0.0009480390026620091,0.0014677392354622556,0.8144323148796108,0.17760787939427902,0.5277147041859509,5.849166455311456,7.6356466003019206,5.332536174793519,0.09604252028439395,130.mat,dis_bilezik,0,29.95,29.93360068452934,2.4893919927116306,15
0.6450074196517159,2.1949376521982473e-05,0.000993756151388922,0.0015406894883844575,0.8462893114755771,0.29127050830089024,0.5336498024474725,4.483743432700788,7.89938304585787,5.130599612429501,0.08483561926037105,130.mat,dis_bilezik,0,29.95,29.93360068452934,2.4893919927116306,16
0.6626051211214894,2.1559901107261452e-05,0.0011099927061931562,0.0016751948797388825,0.606618395728909,0.25121234420593913,0.3803681495820185,5.308488299803117,7.521900674651605,5.0098764291473845,0.08242252737154214,130.mat,dis_bilezik,0,29.95,29.93360068452934,2.4893919927116306,17
0.6787106469756963,2.2113780826022285e-05,0.0012726449487402843,0.0018750920652405515,0.4213291856582309,0.2315373927382556,0.35082730654138033,4.8936608323322055,7.626341566128428,5.051393466554942,0.09348606142347765,130.mat,dis_bilezik,0,29.95,29.93360068452934,2.4893919927116306,18
0.6868616269647411,2.2736159388334657e-05,0.001337921500436594,0.0019478763231350618,0.33601095946646475,0.27198710590885905,0.3411127914074035,4.588845297255375,7.856680710974746,5.074535410211474,0.10173499375376888,130.mat,dis_bilezik,0,29.95,29.93360068452934,2.4893919927116306,19
0.6870880162148434,2.257424836717815e-05,0.0012691938699765845,0.0018472071117856276,0.3283291187513492,0.22751357192449687,0.3845142280327408,5.6365073200194,7.9597141976203565,5.256904068216437,0.08295774516879532,130.mat,dis_bilezik,0,29.95,29.93360068452934,2.4893919927116306,20
0.6992457628794576,2.193750278794899e-05,0.0011761117645999618,0.0016819719575491068,0.471397800076347,0.21021482094489807,0.4685053954034622,4.78271442055368,7.518591610581151,4.879707897846277,0.0857174945937274,130.mat,dis_bilezik,0,29.95,29.93360068452934,2.4893919927116306,21
0.6842174612469099,2.1442230912132198e-05,0.0009700696498379875,0.0014177797334618241,0.8122358770091447,0.29346386602333985,0.6410621028010165,6.9557467086383715,7.44746167842717,4.864277689858913,0.08057014217545283,130.mat,dis_bilezik,0,29.95,29.93360068452934,2.4893919927116306,22
0.6674829268959669,2.196476662302287e-05,0.0009236640351803874,0.001383801739280988,0.8347044548374106,0.1760673039489925,0.5837683298438243,8.01890742600989,7.583243250797818,4.799849356891789,0.0830281991054539,130.mat,dis_bilezik,0,29.95,29.93360068452934,2.4893919927116306,23
0.6453966074773588,2.156980082383935e-05,0.0008380872869949915,0.0012985616553974433,0.9258637302655734,0.2008420341928076,0.6811197650604106,6.625480631663585,7.665201444264894,4.974972147580732,0.08820590181726849,130.mat,dis_bilezik,0,29.95,29.93360068452934,2.4893919927116306,24
0.6398500177863671,2.2478499647121248e-05,0.0009281055557780973,0.0014505048526645855,0.5055880727982058,0.2971648646568725,0.5536288385941139,5.969916344760217,7.932817527299384,5.261150140274621,0.09957724823358621,130.mat,dis_bilezik,0,29.95,29.93360068452934,2.4893919927116306,25
0.6491589805065953,2.3513892955209355e-05,0.001060969068441528,0.001634374783834812,0.2817967892652138,0.19925077344657888,0.39546002542190606,6.766238549089798,7.689508121320401,5.178793510297919,0.10113209823226861,130.mat,dis_bilezik,0,29.95,29.93360068452934,2.4893919927116306,26
0.662943644875293,2.2027004567422274e-05,0.0011262688892963784,0.001698890845399903,0.14476218980444822,0.21862860897103625,0.4251861922047406,5.900873998494487,7.674413419586543,5.1116061693709565,0.09028206703398854,130.mat,dis_bilezik,0,29.95,29.93360068452934,2.4893919927116306,27
0.6628206243929444,2.0761646438531173e-05,0.0012811397534481287,0.0019328604245221694,0.22847875225122832,0.27341046808281905,0.3229106419912272,4.546786157707885,7.971227484597216,5.062641887261105,0.08524799076375113,130.mat,dis_bilezik,0,29.95,29.93360068452934,2.4893919927116306,28
0.5955002092890613,2.193262409029589e-05,0.0010556925225074837,0.0017727827900615699,0.6532345225462557,0.43522054604274313,0.4248763337736964,5.075845100510452,7.608577294629983,4.810884421019008,0.10733797212699656,131.mat,dis_bilezik,1,29.533333333333335,29.526108287246032,2.00653040894651,0
0.5959677807288952,2.0855988813283992e-05,0.0009301001898681346,0.0015606551561042777,0.44117621867120754,0.47657524310852817,0.4621017779420091,5.041155841072476,7.529096913345873,4.951841973594456,0.11564792270572244,131.mat,dis_bilezik,1,29.533333333333335,29.526108287246032,2.00653040894651,1
0.6056994029983714,2.147213785841091e-05,0.0010993858476692948,0.0018150684022887103,0.4283072252755727,0.4706160697951799,0.3770727900129256,3.213008159520094,7.5318159088528205,5.064388361566114,0.08324175117307464,131.mat,dis_bilezik,1,29.533333333333335,29.526108287246032,2.00653040894651,2
0.5853419485189034,2.14636393994573e-05,0.0009923482733554254,0.0016953308674778544,0.5009528784236277,0.42987633815668863,0.4002062511532563,5.147257247488585,7.57164208859269,5.061488706686992,0.11189010443002975,131.mat,dis_bilezik,1,29.533333333333335,29.526108287246032,2.00653040894651,3
0.5882110206132234,2.1540193122862558e-05,0.001007193493632616,0.0017122995971426745,0.5767385909194617,0.46150539138815105,0.33643459428435907,4.808011432450799,7.706830618684545,5.1134632793640105,0.10761506401469315,131.mat,dis_bilezik,1,29.533333333333335,29.526108287246032,2.00653040894651,4
0.5960085778345047,2.137030045655626e-05,0.001012728210531219,0.001699183951695955,0.7952727852157359,0.5201847367356137,0.4538411600409205,3.7456186470116344,7.436533840730095,5.020121306511855,0.0816916080295558,131.mat,dis_bilezik,1,29.533333333333335,29.526108287246032,2.00653040894651,5
0.584641207267964,2.097205613896244e-05,0.0009580615215201185,0.001638717062034532,0.873651049745187,0.4694478306141403,0.4150266633669103,5.691704493716082,7.610258619872694,5.151219213248681,0.10154055208668679,131.mat,dis_bilezik,1,29.533333333333335,29.526108287246032,2.00653040894651,6
0.5905048316737594,2.1238921437249576e-05,0.0010631908925775246,0.0018004778886603812,0.7001789366970277,0.4522212715749576,0.3465741836069104,4.579204344442645,7.556686656188084,4.960745966625998,0.08305086608696177,131.mat,dis_bilezik,1,29.533333333333335,29.526108287246032,2.00653040894651,7
0.5819597937289033,2.079851233995432e-05,0.001001820185860939,0.0017214594490111799,0.4920652787624009,0.5554678079045786,0.4089076605827812,4.301808233538596,7.64590559548157,5.001157830696704,0.098204561638194,131.mat,dis_bilezik,1,29.533333333333335,29.526108287246032,2.00653040894651,8
0.5919539209053748,2.074606729173836e-05,0.001009819470613541,0.00170590891444278,0.42474560429675595,0.439528399162242,0.3381828519119712,5.286925581272649,7.497798603969201,5.22406452487766,0.10677039107885074,131.mat,dis_bilezik,1,29.533333333333335,29.526108287246032,2.00653040894651,9
0.5947833328900057,2.173864699770919e-05,0.00116876339210803,0.0019650237783683934,0.3693999278612074,0.43328469494168953,0.29364726111509193,3.8168154392873634,7.608550023598591,4.85211579914502,0.08232013523810024,131.mat,dis_bilezik,1,29.533333333333335,29.526108287246032,2.00653040894651,10
0.5834693958027861,2.1479108280363627e-05,0.0009305560315850135,0.0015948669086629328,0.35347585764299383,0.5056684930574291,0.32494730855980425,4.506952712509305,7.5523094293383455,5.243452374044539,0.10708817714074542,131.mat,dis_bilezik,1,29.533333333333335,29.526108287246032,2.00653040894651,11
0.5971338242256559,2.0695806523177028e-05,0.001051750991725525,0.0017613321320185487,0.6178993664137932,0.4358518458568597,0.32050797912342727,5.198185214120383,7.6373336424448635,4.802386796822238,0.09857783766544456,131.mat,dis_bilezik,1,29.533333333333335,29.526108287246032,2.00653040894651,12
0.5988193985856349,2.0756709521767757e-05,0.0010607844238496595,0.0017714596860979768,0.7030922922364912,0.4918256068912104,0.32908933954047476,3.525958363708136,7.2581277664916595,4.9086862539553655,0.08395246817338814,131.mat,dis_bilezik,1,29.533333333333335,29.526108287246032,2.00653040894651,13
0.5829669689268734,2.0067317884304884e-05,0.0009779876971763562,0.0016776039626652606,0.5536387261796774,0.5322880893412977,0.3684703787374691,4.330202572708734,7.3877506819413385,5.064863483822434,0.089558873864427,131.mat,dis_bilezik,1,29.533333333333335,29.526108287246032,2.00653040894651,14
0.5974273885184944,2.0928979333052682e-05,0.0011168357226617525,0.0018694083065549138,0.6073764949390043,0.4222536746295706,0.32673245228343484,5.147262705695314,7.5903476640380765,5.149301885066555,0.0810619497646817,131.mat,dis_bilezik,1,29.533333333333335,29.526108287246032,2.00653040894651,15
0.5981492133525667,2.143085785056429e-05,0.000995270242779239,0.001663916328166988,0.6222220816104711,0.5213517577486877,0.32498525449125076,3.381586608666004,7.4831995309952255,4.943528617014266,0.10055198080090111,131.mat,dis_bilezik,1,29.533333333333335,29.526108287246032,2.00653040894651,16
0.5925841912421114,2.0169137065125813e-05,0.000949155855560532,0.0016017232143324845,0.3267521723033874,0.5751727414312608,0.3532515492684815,4.12737135203553,7.285820219900598,4.841930207825762,0.09516119003739916,131.mat,dis_bilezik,1,29.533333333333335,29.526108287246032,2.00653040894651,17
0.5969789465698044,2.049332200589966e-05,0.0010898861551990296,0.001825669332996761,0.394311296583788,0.39241476979913337,0.32803618561033626,4.870343023006236,7.633454889038351,4.842070810157218,0.07541422582401343,131.mat,dis_bilezik,1,29.533333333333335,29.526108287246032,2.00653040894651,18
0.5871678618032541,2.0158511910931365e-05,0.0008825391087710872,0.001503043960987943,0.49808654979538075,0.590485258695411,0.3641579102322731,3.772936757975653,7.476180301332785,4.9963739407132755,0.0960985863397009,131.mat,dis_bilezik,1,29.533333333333335,29.526108287246032,2.00653040894651,19
0.5978155396790739,1.9617180734065008e-05,0.0009943554362878072,0.0016633148024555286,0.585400493667218,0.47884739802515425,0.3740013889469563,4.156216148448661,7.516304571343357,4.908672068761907,0.08649179534213196,131.mat,dis_bilezik,1,29.533333333333335,29.526108287246032,2.00653040894651,20
0.599530662046319,2.006074278259969e-05,0.0010607333501130725,0.001769272895052284,0.7228743673528154,0.4168474239467054,0.32712534480892475,4.470402858917281,7.595978478838777,5.016653046257314,0.08804951999945872,131.mat,dis_bilezik,1,29.533333333333335,29.526108287246032,2.00653040894651,21
0.5827029903893052,2.025213880034129e-05,0.0009914623755413608,0.001701488394417302,0.7909877881105146,0.5162507439086869,0.3825234747529023,2.822277802221986,7.591255053834772,5.074065263883783,0.08952445407814921,131.mat,dis_bilezik,1,29.533333333333335,29.526108287246032,2.00653040894651,22
0.606346443942884,2.09191756751385e-05,0.001117194347794652,0.001842501690169137,0.6306637959796758,0.4291847445913501,0.34656371314239004,4.546572696402523,7.418501082657017,5.12539974938849,0.07806836341718491,131.mat,dis_bilezik,1,29.533333333333335,29.526108287246032,2.00653040894651,23
0.585560248493121,2.0848500702012316e-05,0.00104559600607548,0.0017856335172416978,0.46894545838322427,0.43311132892066256,0.38860635005256283,4.000610874012298,7.966763394298075,5.039436326731598,0.10064816807281066,131.mat,dis_bilezik,1,29.533333333333335,29.526108287246032,2.00653040894651,24
0.5871345020998968,1.9452283337619303e-05,0.0009856511770238564,0.0016787485209896183,0.48052693502928123,0.5301097559878045,0.3806187241501151,2.713076362665809,7.683261709508852,5.2697113235261055,0.08737662410846804,131.mat,dis_bilezik,1,29.533333333333335,29.526108287246032,2.00653040894651,25
0.5973736303707251,2.0170645945911067e-05,0.0010853556721155677,0.001816879113730193,0.3716143470169461,0.41712043122271886,0.40141190888543143,4.980748739001916,7.726865628387476,5.1729177551154795,0.07399458549161218,131.mat,dis_bilezik,1,29.533333333333335,29.526108287246032,2.00653040894651,26
0.5878648868504643,1.9747171121481686e-05,0.0009479474558535412,0.001612526070285703,0.4081961611731138,0.5233220783091197,0.4751715429036067,4.559551254409082,7.813561871607813,5.045841215542935,0.09445093567346435,131.mat,dis_bilezik,1,29.533333333333335,29.526108287246032,2.00653040894651,27
0.5933101570490839,1.9396506362525744e-05,0.0009978346763182611,0.0016818095299083674,0.7582362130253265,0.540920878366477,0.42634627187684193,2.6733237894322563,7.7747715473826124,5.114528616299503,0.0790688583446648,131.mat,dis_bilezik,1,29.533333333333335,29.526108287246032,2.00653040894651,28
0.5637362633058769,1.9881065752163715e-05,0.0007596094012646628,0.001347455274224855,1.0822298072772065,0.5445922664017115,0.39447327178515607,6.8775882481555115,7.7163437248302955,4.840536315500563,0.08999666242147036,132.mat,dis_bilezik,2,29.166666666666668,29.1488200729107,2.61028647401588,0
0.5583893013725806,2.02422829274661e-05,0.000684184899827669,0.001225282966820181,1.3438912042117463,0.6611186983193144,0.5094630799056625,4.885158482342105,7.949920369460298,4.922409152840721,0.10227428724597348,132.mat,dis_bilezik,2,29.166666666666668,29.1488200729107,2.61028647401588,1
0.5578192074487138,1.9580494722834638e-05,0.0006911649403305205,0.001239048299341373,1.1123024187223083,0.46540948573687985,0.5107499527822595,6.922002231397926,8.016021721053953,5.242413292147877,0.09870825809811443,132.mat,dis_bilezik,2,29.166666666666668,29.1488200729107,2.61028647401588,2
0.5702034249896116,2.0497951763553217e-05,0.0006858036582361509,0.0012027350734475906,1.0311639399217964,0.556892682128394,0.5530471884319261,6.329868055452065,7.891863668236024,4.993737253315944,0.10648115769859887,132.mat,dis_bilezik,2,29.166666666666668,29.1488200729107,2.61028647401588,3
0.5599135842289971,1.932301080484753e-05,0.0006656979062758662,0.0011889297295605815,1.0584230596148996,0.5990468006430272,0.47204008032563166,5.264259176507318,7.75406143888819,5.324294205509888,0.09852491276914253,132.mat,dis_bilezik,2,29.166666666666668,29.1488200729107,2.61028647401588,4
0.5690933393686406,2.0018865343473185e-05,0.0006825814860581445,0.0011994192144547144,1.1613514632084858,0.4792970290990145,0.7637855948503474,7.312701712110546,7.696734567765804,4.686001076337388,0.09666321987806027,132.mat,dis_bilezik,2,29.166666666666668,29.1488200729107,2.61028647401588,5
0.5601095159889076,1.980599760371833e-05,0.0007321093965643409,0.00130708258950118,0.9189156537395853,0.5680357231763732,0.35198093255628626,6.194323071449436,7.914770786506711,5.016130914838524,0.08871386650654046,132.mat,dis_bilezik,2,29.166666666666668,29.1488200729107,2.61028647401588,6
0.5682988714559307,1.907927971120147e-05,0.0007892626031486443,0.0013888160663160134,0.9442768602281605,0.5276459480061064,0.5540382324712702,5.551870875263624,7.878624027893014,5.429885195239579,0.0848176277095988,132.mat,dis_bilezik,2,29.166666666666668,29.1488200729107,2.61028647401588,7
0.5692336486843378,2.057477385028287e-05,0.0007662196722212579,0.0013460547773148429,1.044693432918795,0.4692312534886705,0.4858971170086694,7.186005135116873,7.730757791699601,4.840091069763057,0.10238671247436687,132.mat,dis_bilezik,2,29.166666666666668,29.1488200729107,2.61028647401588,8
0.576591960323732,1.9538435639214537e-05,0.0007172462166236275,0.0012439407171402116,0.7121361147230505,0.6342538765870901,0.549503772270893,5.926470292223567,7.696058306638566,4.812448512891389,0.09777501109016236,132.mat,dis_bilezik,2,29.166666666666668,29.1488200729107,2.61028647401588,9
0.5725715092681405,1.9845787146006586e-05,0.0006818507028465013,0.001190856848111165,1.195717798660639,0.4757298125353129,0.6210355326384556,5.70799613727814,7.798977114526194,4.98853648212864,0.10197048791257732,132.mat,dis_bilezik,2,29.166666666666668,29.1488200729107,2.61028647401588,10
0.5777410182107537,1.932108732079885e-05,0.0007957606752784374,0.0013773657230388566,0.24168999431532906,0.4834817150816081,0.4376762702179848,6.476768142939974,7.861403206923848,4.866321957568706,0.10273908736835898,132.mat,dis_bilezik,2,29.166666666666668,29.1488200729107,2.61028647401588,11
0.5612051277922367,2.0074045945542948e-05,0.000688503707221724,0.0012268307489082452,0.8144108232905203,0.6242257135695181,0.5866234240980875,5.662836078151279,8.107513694906261,5.180841051879343,0.09536882861772138,132.mat,dis_bilezik,2,29.166666666666668,29.1488200729107,2.61028647401588,12
0.5640640867798303,1.8901344467143192e-05,0.000756848102761926,0.001341776795401624,0.7608320566520559,0.45419705188332027,0.49046811873128915,6.6545541193353275,7.984923582563091,5.30910511119446,0.08607397517940295,132.mat,dis_bilezik,2,29.166666666666668,29.1488200729107,2.61028647401588,13
0.569993733746968,2.033911567752628e-05,0.000791424685461793,0.001388479624605372,0.36143906521654773,0.49833192871345977,0.5075038314552555,6.854016351068779,7.680469467400382,4.856368715638932,0.08823043111867761,132.mat,dis_bilezik,2,29.166666666666668,29.1488200729107,2.61028647401588,14
0.5683018967039687,2.0276656549635724e-05,0.0008277935397820622,0.0014566087929349415,0.9143864177178651,0.5714458962191445,0.3346920658849344,4.314789946256874,7.775496222775093,5.288883681871472,0.09894192785956205,132.mat,dis_bilezik,2,29.166666666666668,29.1488200729107,2.61028647401588,15
0.5751788787032112,2.025276107414505e-05,0.0007470460951998495,0.0012988065502037012,0.3952555151007227,0.43707978136544645,0.6095838299280003,6.939848010735671,7.805075195387001,5.0680258733542844,0.10054341178155013,132.mat,dis_bilezik,2,29.166666666666668,29.1488200729107,2.61028647401588,16
0.565590579945404,2.0405150287021023e-05,0.000702852368991603,0.0012426875445100344,0.7970569306762559,0.5938750669550805,0.5608756721240882,6.871939440665964,8.035483472713434,4.9347343048218795,0.10493677054971057,132.mat,dis_bilezik,2,29.166666666666668,29.1488200729107,2.61028647401588,17
0.5692547899430184,1.995887424459038e-05,0.0007521243472092371,0.0013212437743092202,0.5557633067845064,0.5134536448153895,0.5314187441921752,4.379626071225195,7.859732671499968,4.935119046582448,0.10360881308883259,132.mat,dis_bilezik,2,29.166666666666668,29.1488200729107,2.61028647401588,18
0.5679608580471315,2.0459283167074385e-05,0.0006837251081465037,0.0012038243453892413,0.4078601373222825,0.4209323107978398,0.681966735019177,7.665824267749239,8.091325672896323,5.284973066303201,0.09981297940666815,132.mat,dis_bilezik,2,29.166666666666668,29.1488200729107,2.61028647401588,19
0.5791611898266067,1.9927395816305053e-05,0.0007483682667913207,0.0012921588668848483,0.7053597293744842,0.6096112563354965,0.569258043312504,6.227429416863783,7.685546550429123,4.7930495086696805,0.09303505284068013,132.mat,dis_bilezik,2,29.166666666666668,29.1488200729107,2.61028647401588,20
0.5732132064664961,2.1120095123442957e-05,0.000731440865347029,0.0012760363109123607,0.6876770308197152,0.46433106768783844,0.503363477917563,6.397912205919466,7.901467541297268,5.22308547709763,0.09284279160922461,132.mat,dis_bilezik,2,29.166666666666668,29.1488200729107,2.61028647401588,21
0.5721859267279286,2.1136687331316624e-05,0.0007315903462981227,0.0012785885009099702,0.423194443288309,0.5215278153486699,0.5958949388280629,7.621579504519912,7.681539890717703,5.127575661411683,0.09985943783008096,132.mat,dis_bilezik,2,29.166666666666668,29.1488200729107,2.61028647401588,22
0.5717753027101344,2.034270121800756e-05,0.0007333376868339967,0.0012825627188806457,0.7922819586250626,0.5548385517972526,0.5545897762788088,6.0250768117209565,8.094670201232757,5.4166188327938345,0.09899863619775272,132.mat,dis_bilezik,2,29.166666666666668,29.1488200729107,2.61028647401588,23
0.5814927680634581,1.961812328555951e-05,0.0007417256916021692,0.0012755544562850858,0.6197630250689018,0.4743073944794727,0.46579434960785937,5.360578948942481,7.699054223568108,4.988212313996985,0.09539869947970532,132.mat,dis_bilezik,2,29.166666666666668,29.1488200729107,2.61028647401588,24
0.580182274320011,2.0637293908017958e-05,0.0006975806132681732,0.001202347338316314,0.5990059657749456,0.5049866845351212,0.5152303895875694,7.971934245119094,7.870020043050679,5.015826384512238,0.10353183942171755,132.mat,dis_bilezik,2,29.166666666666668,29.1488200729107,2.61028647401588,25
0.5772670995334611,2.0176607076394974e-05,0.000697401231957792,0.0012081083999420951,0.9755574996578605,0.636599831844542,0.4792453772052613,6.106360966898543,7.754488823001557,5.242409569449599,0.09738728668322034,132.mat,dis_bilezik,2,29.166666666666668,29.1488200729107,2.61028647401588,26
0.5800252878462092,2.0829292876724913e-05,0.0007164953137644484,0.0012352828898611543,0.42022842356122964,0.3966560188572907,0.5247490079392967,6.546274199984764,7.841255614126448,5.055833485723665,0.09513003700704571,132.mat,dis_bilezik,2,29.166666666666668,29.1488200729107,2.61028647401588,27
0.5697326651579999,2.1225216816320954e-05,0.0007425164022881828,0.0013032716003407718,0.967875099006327,0.5108390626438019,0.4769737007206452,7.534738427735249,7.87271501875473,5.068800194766353,0.0908140761243109,132.mat,dis_bilezik,2,29.166666666666668,29.1488200729107,2.61028647401588,28
0.562573339778844,2.0972976880754815e-05,0.0008117082741634114,0.0014428488105765254,0.7624597604359824,0.42001402291088763,0.4784553466385414,7.197989969714211,8.084978749247561,5.253414860470961,0.10439354210760833,133.mat,dis_bilezik,3,28.833333333333332,28.76561427244652,2.2080844924056517,0
0.5734936891237407,2.1827376305712993e-05,0.0008299275593288939,0.0014471433165995596,0.6535651694732656,0.5946998988306835,0.4661419523654692,3.180000284544901,7.977847344594284,5.171866245659016,0.11357737764938598,133.mat,dis_bilezik,3,28.833333333333332,28.76561427244652,2.2080844924056517,1
0.5711502586738166,1.9905696398516537e-05,0.0008196654015210483,0.0014351134208060007,0.4100963287076469,0.525762690369263,0.5272533816666521,6.3157119759299,7.978071042492871,5.395186430763117,0.09616614638667718,133.mat,dis_bilezik,3,28.833333333333332,28.76561427244652,2.2080844924056517,2
0.5754331224653494,2.1044267104496328e-05,0.0008090895218541484,0.0014060530933400744,0.7614774643238296,0.5574333000257841,0.6279600754132102,6.588807114213577,8.129907573372616,5.115503423882172,0.09752734253674299,133.mat,dis_bilezik,3,28.833333333333332,28.76561427244652,2.2080844924056517,3
0.565534575068645,2.1285991502296275e-05,0.0008313967817854891,0.0014701077855109096,0.8111876402523819,0.4907831125880388,0.482121282416732,4.095452231855451,7.991294623535831,5.58453621710543,0.11176883791532599,133.mat,dis_bilezik,3,28.833333333333332,28.76561427244652,2.2080844924056517,4
0.5797263243193501,2.0823986279839392e-05,0.0007844576550627113,0.0013531516892602397,0.8254497550302679,0.5039546542188887,0.6419114659797117,7.130690923256025,7.948311485870735,5.48365297602137,0.10493380362559018,133.mat,dis_bilezik,3,28.833333333333332,28.76561427244652,2.2080844924056517,5
0.5769950845748003,2.1377185412220132e-05,0.0008725704632806407,0.0015122667187401496,0.4143620105553871,0.5066798863080199,0.4819891974023271,4.631958609759522,8.168569090265741,4.937690324700229,0.10346426591192857,133.mat,dis_bilezik,3,28.833333333333332,28.76561427244652,2.2080844924056517,6
0.5815066206716581,2.1375691320052766e-05,0.000878216945991292,0.0015102441051753014,0.5410412830214358,0.4844911541840021,0.41678347826359724,4.50511421117488,7.778706879590777,5.1473323151767785,0.10795662284128836,133.mat,dis_bilezik,3,28.833333333333332,28.76561427244652,2.2080844924056517,7
0.5883301814484267,2.16078793843427e-05,0.0008252043665365216,0.0014026211684457952,0.9970367697468832,0.4937809958498154,0.4648619947737017,7.003789083407247,7.918372245626575,5.319783099240684,0.10469132822529473,133.mat,dis_bilezik,3,28.833333333333332,28.76561427244652,2.2080844924056517,8
0.5779963351080496,2.1263126591992642e-05,0.0008350171291269874,0.0014446754735381604,0.2832455929593263,0.569736071239884,0.4069248680037085,3.7819446206493676,8.05559600733024,5.406229727348769,0.10370467582513489,133.mat,dis_bilezik,3,28.833333333333332,28.76561427244652,2.2080844924056517,9
0.5776476654351202,2.181132066484013e-05,0.0008148131390352441,0.0014105711626481957,0.40276797181948665,0.4884137565021692,0.4932092597814167,6.033471936798076,8.088097761107829,5.261312655382183,0.1026084163510014,133.mat,dis_bilezik,3,28.833333333333332,28.76561427244652,2.2080844924056517,10
0.5887586945280168,2.02325976306053e-05,0.0008846129517120553,0.0015025051178559836,1.102151736661283,0.4700750264545219,0.44821367886094393,6.252264533472129,7.904998580846131,5.143920373682062,0.10262578886962417,133.mat,dis_bilezik,3,28.833333333333332,28.76561427244652,2.2080844924056517,11
0.5829404973867622,2.0781204039101116e-05,0.0007819322563613651,0.0013413586118399953,0.9372926177137827,0.5492911362349284,0.5271899624722609,3.420020803704972,7.938281966490347,5.54331847142058,0.10438424595073986,133.mat,dis_bilezik,3,28.833333333333332,28.76561427244652,2.2080844924056517,12
0.5852173757636381,2.1199237684626187e-05,0.00079527923849509,0.0013589467289073357,0.39854841483522485,0.43511937175553,0.5794385056810978,7.097908379352293,7.856117884115253,5.022845742041771,0.10118712513248473,133.mat,dis_bilezik,3,28.833333333333332,28.76561427244652,2.2080844924056517,13
0.5790145689030917,2.1696236776893817e-05,0.0007959473368760607,0.0013746585658156417,0.6569126315562297,0.4226761059758357,0.6021253789196703,6.1290324385520485,7.987504275990798,5.44572133925437,0.10334285308211431,133.mat,dis_bilezik,3,28.833333333333332,28.76561427244652,2.2080844924056517,14
0.586989026006005,2.0851024451148223e-05,0.0008692046423049581,0.001480785165981255,0.841749634875244,0.483687438123316,0.4665843096445087,3.920224356911045,7.729171855163186,5.136552213287939,0.10342110158904616,133.mat,dis_bilezik,3,28.833333333333332,28.76561427244652,2.2080844924056517,15
0.5746530928137186,2.263794794276282e-05,0.0008998839726000824,0.001565960374792981,0.842988882952568,0.47875357789564893,0.4533538636271835,6.8669574241864355,8.403593343742546,5.435889614342779,0.10890033652947026,133.mat,dis_bilezik,3,28.833333333333332,28.76561427244652,2.2080844924056517,16
0.580047146833931,2.162163653479851e-05,0.0008635781483361236,0.001488806820356414,0.6227209434147081,0.49813740117834077,0.378166849629061,4.719405861361681,7.824374430471822,4.505268168929147,0.10248767467173575,133.mat,dis_bilezik,3,28.833333333333332,28.76561427244652,2.2080844924056517,17
0.5921689230542618,2.1176374759117956e-05,0.0007864094434698091,0.0013280153902916324,0.8854045102261815,0.5245468387906433,0.5860120117786342,5.492173815543483,7.6076006261908695,4.841427420198979,0.09669129842264652,133.mat,dis_bilezik,3,28.833333333333332,28.76561427244652,2.2080844924056517,18
0.5845667321444714,2.18447587240951e-05,0.0008856262388237091,0.0015150130688643397,0.9398887096967445,0.4086499169951624,0.46729825495714156,6.944168607947429,8.256968073470194,5.397837594365915,0.09981804566399065,133.mat,dis_bilezik,3,28.833333333333332,28.76561427244652,2.2080844924056517,19
0.5734288140683064,2.1537375930638653e-05,0.0008544045852848702,0.0014899924181026665,1.0054900770925506,0.5850207436882642,0.46542613721080134,4.0268432751065895,8.0148989735046,5.2309001638808965,0.10581662103042601,133.mat,dis_bilezik,3,28.833333333333332,28.76561427244652,2.2080844924056517,20
0.5856768948803499,2.2396135105269874e-05,0.0008575683299024715,0.0014642345248675093,0.22182350619669278,0.4780518893788845,0.45823725370164864,6.298672688791668,7.691299328152024,4.914542924233553,0.10280021929179438,133.mat,dis_bilezik,3,28.833333333333332,28.76561427244652,2.2080844924056517,21
0.5798286489695343,2.1975445575596424e-05,0.0008289319091365681,0.0014296153020522666,0.35559201935467794,0.4643793248768602,0.45766801750924585,6.536017307310389,7.904886787886648,5.120552634363218,0.09989814223979807,133.mat,dis_bilezik,3,28.833333333333332,28.76561427244652,2.2080844924056517,22
0.5713031952440837,2.1919184790085755e-05,0.0008138448629802329,0.001424541066379125,1.3131639788788438,0.5646813555824873,0.43840273752544107,4.135034114586803,8.102755697407572,5.209974429453816,0.1022549953658001,133.mat,dis_bilezik,3,28.833333333333332,28.76561427244652,2.2080844924056517,23
0.5859992147850858,2.3055952852615053e-05,0.0007973140466568764,0.0013606059983338535,0.9041548069619135,0.44065056381120216,0.5597263761732536,7.645188711578383,7.955298200733224,5.067710639704204,0.10672050610024489,133.mat,dis_bilezik,3,28.833333333333332,28.76561427244652,2.2080844924056517,24
0.5901031609358932,2.2704116555205234e-05,0.0008310056995472478,0.0014082380074492047,0.4333583041131927,0.5390062861796724,0.6021139249628221,5.370005205169048,7.874707860297101,5.058086277812721,0.10423003298057726,133.mat,dis_bilezik,3,28.833333333333332,28.76561427244652,2.2080844924056517,25
0.5771533439444128,2.13347531019523e-05,0.0008220316607104556,0.0014242864038369039,0.8871898460027333,0.5316361277505411,0.5606540028742334,4.9549963102452415,7.855289265543066,5.214295288723314,0.09504824364166826,133.mat,dis_bilezik,3,28.833333333333332,28.76561427244652,2.2080844924056517,26
0.5890346611979551,2.347645043632147e-05,0.0008357852315025561,0.0014189067071220403,0.9455568493753506,0.4062023625501016,0.5382321943969675,7.831699935830553,8.170649132084419,5.273970005728197,0.10747405410447011,133.mat,dis_bilezik,3,28.833333333333332,28.76561427244652,2.2080844924056517,27
0.5872434637912144,2.1376201318482796e-05,0.0008153682351375917,0.0013884671101696505,0.716400557554619,0.4848384949899049,0.5915824103217323,4.395695430725555,7.853744680723491,5.02840497077218,0.09456864409036556,133.mat,dis_bilezik,3,28.833333333333332,28.76561427244652,2.2080844924056517,28
