rms,hiz_rms,a1x,a1x_rms,a2x_a1x,a3x_a1x,altharmonik,thd,kurtosis,crest,rulman_bant,dosya,etiket,yuk,gercek_hz,tahmin_hz,guven,blok
0.07085909756693454,1.6772348196537637e-05,0.000215485786426205,0.0030410461581113547,1.411590496662461,2.1978168796074673,2.30783851342783,14.498410413058686,2.8871296259009402,3.5006866843479303,0.051773892677563126,97.mat,saglam,0,29.933333333333334,29.89946615835786,2.155361654519937,0
0.07080171401359046,1.8700200716431144e-05,0.0004889369082593774,0.006905721352432508,1.5810709970863028,1.233217227880127,0.6204172832069781,8.736632289120015,2.70124125665951,3.8892817311117316,0.05613001898966959,97.mat,saglam,0,29.933333333333334,29.89946615835786,2.155361654519937,1
0.07035202680178411,1.913623150389916e-05,0.0003250948424609358,0.004620973371133502,1.4392497610165913,1.4995703432639942,1.0500843600430199,21.842423258660492,2.768321220440266,3.574222979565869,0.05543116795953381,97.mat,saglam,0,29.933333333333334,29.89946615835786,2.155361654519937,2
0.06918323685822662,1.8500468217030688e-05,0.000317803749445535,0.004593652507069002,2.3732913233876403,1.3833854567957728,1.4237321662191675,17.093187526793702,2.806627575798965,3.8964884922964664,0.04872838900125218,97.mat,saglam,0,29.933333333333334,29.89946615835786,2.155361654519937,3
0.0692927465962663,1.9996258816069375e-05,0.0005424795932927384,0.007828807774725154,0.42049772925780743,0.8384899029830803,1.0686553987460758,15.610005277105957,2.8538686162302054,3.5399052670539897,0.048919058448232675,97.mat,saglam,0,29.933333333333334,29.89946615835786,2.155361654519937,4
0.07062263936383618,2.090488435284255e-05,0.00038141455412824004,0.005400740577789148,0.8070696334366074,1.2964281901481314,1.3685763078876376,25.66706989731446,2.745643874843655,3.3881944981831498,0.05322909025948847,97.mat,saglam,0,29.933333333333334,29.89946615835786,2.155361654519937,5
0.0680152697592355,1.8083046998748348e-05,0.00047510957148467315,0.006985336868610665,1.093516445609045,0.9156206178564367,0.5561448012059613,12.218438472060697,2.70129338380249,3.5465139347233583,0.04829740424735884,97.mat,saglam,0,29.933333333333334,29.89946615835786,2.155361654519937,6
0.0704774594535235,1.8094591286387667e-05,0.0005406964417291084,0.007671905967013464,0.21785316387797665,1.1476652476707918,0.778102449844064,13.067316755658416,2.7724372857156596,3.2823106414677534,0.05085430242619751,97.mat,saglam,0,29.933333333333334,29.89946615835786,2.155361654519937,7
0.07219946401588,1.958818115834488e-05,0.0004962716446538013,0.006873619512435364,1.2470013378181672,0.9296502601378771,0.763244870743326,14.98250692752152,2.6396870017692717,3.5060407961954994,0.05857391117823288,97.mat,saglam,0,29.933333333333334,29.89946615835786,2.155361654519937,8
0.07214938633703814,1.849163019016684e-05,0.00036508113179454626,0.005060072584457596,0.3713090784738649,1.5299728423463306,1.2237524184076092,9.388522911655901,2.8351597137361924,3.2224280534428287,0.06051846254068985,97.mat,saglam,0,29.933333333333334,29.89946615835786,2.155361654519937,9
0.07155119953089141,1.601731998042096e-05,0.00040961042523930425,0.005724717795356245,1.9207599742366226,1.3917054071814705,1.195192602208332,6.565550229535918,2.859502415972689,3.300383904561948,0.05349366793130316,97.mat,saglam,0,29.933333333333334,29.89946615835786,2.155361654519937,10
0.07182741611778173,1.813349293218113e-05,0.0004671781915248354,0.00650417649372571,0.5883690628379437,0.9087371313427104,0.9025432258803798,3.5272291506341182,2.7657305916012938,3.262593899770769,0.05983319953120661,97.mat,saglam,0,29.933333333333334,29.89946615835786,2.155361654519937,11
0.07278846253470743,1.8697679730375695e-05,0.0002871568925333434,0.003945088033594259,2.5483149378255088,2.1131542247327526,0.9461914508957924,11.418961667706654,2.7233533334767106,3.523172506152884,0.05998971607163787,97.mat,saglam,0,29.933333333333334,29.89946615835786,2.155361654519937,12
0.07064489620978466,1.7555223807491668e-05,0.0003466397822834005,0.004906791585468879,1.0647043883014673,1.1490071551945948,1.1849220893606094,16.522462438792108,2.861396367123487,3.686318010141225,0.04951568969656471,97.mat,saglam,0,29.933333333333334,29.89946615835786,2.155361654519937,13
0.059562553249032896,2.0391198731691265e-05,0.00015758126451050647,0.002645643208896849,3.82584103183108,2.3736542144436554,2.6881379073462353,25.797886156094815,3.034343719676203,3.58204858910624,0.06573023992607616,98.mat,saglam,1,29.533333333333335,29.526346510579163,2.050296112486836,0
0.06067593767838055,2.1561102864612975e-05,0.00025674920038097924,0.0042314830260666925,0.8041200446461044,2.1508616696078984,1.978014518243299,16.25329424572987,2.8355235972022275,3.402949780735631,0.06868772567483192,98.mat,saglam,1,29.533333333333335,29.526346510579163,2.050296112486836,1
0.060274942595875194,2.339261682656742e-05,0.00028928639344305774,0.004799447016944237,2.8768619101220247,1.6189359285359988,1.4982816597211772,22.35242674209182,2.8965984006208236,3.868735375790007,0.06991176132260878,98.mat,saglam,1,29.533333333333335,29.526346510579163,2.050296112486836,2
0.059161946183477074,2.1195004864915307e-05,0.00026318771036685514,0.004448597913702683,3.169869931417734,1.5457795577001165,1.5401541398425664,12.362822208759653,2.9121593796792347,3.4785901049716936,0.0675427630585117,98.mat,saglam,1,29.533333333333335,29.526346510579163,2.050296112486836,3
0.06142126552220069,2.187624067716832e-05,0.00030443803785320004,0.004956557558036711,1.700197456981955,2.48645783690704,1.002431303728448,12.428271081272714,2.9040574651806557,4.1286936554402045,0.07194712842778922,98.mat,saglam,1,29.533333333333335,29.526346510579163,2.050296112486836,4
0.06052643329827247,2.16919995180782e-05,0.00042151055677843227,0.006964073939303125,1.8184921406523666,1.1333882229982264,0.6971465474614548,11.677440557034036,2.891317938278342,3.5572702109531185,0.06768911429983092,98.mat,saglam,1,29.533333333333335,29.526346510579163,2.050296112486836,5
0.059865030873519354,2.1362928676843996e-05,0.00046982427280148375,0.007848058640214572,1.5504281832160258,0.8525152159822389,0.6395623280453372,7.647196466483568,2.9760185615978045,3.5235654687998723,0.06869576198124028,98.mat,saglam,1,29.533333333333335,29.526346510579163,2.050296112486836,6
0.060300779535668744,2.1725936982251586e-05,0.0003786719202963061,0.006279718491301372,1.0127664694840999,1.5944638157481614,0.7316658131827827,9.596789941286193,2.8828837706910506,3.2479255820687025,0.0704941979821077,98.mat,saglam,1,29.533333333333335,29.526346510579163,2.050296112486836,7
0.05945692947703438,2.2066459820448677e-05,0.00041007395104273307,0.006896991732380491,0.9965510233439778,0.9749022160279123,1.654795881466705,10.382615218120684,2.9109191216954713,3.4704518868280245,0.06912507220962819,98.mat,saglam,1,29.533333333333335,29.526346510579163,2.050296112486836,8
0.06163855631039489,2.212105177705612e-05,0.00038970665884242644,0.0063224494888174864,1.3231002606890943,1.5646832744307435,0.9285671342503163,8.74285126140315,3.1249858186857464,4.7575318930414765,0.07206167769143292,98.mat,saglam,1,29.533333333333335,29.526346510579163,2.050296112486836,9
0.06232239956982792,2.1403101820931008e-05,0.000378139153016832,0.00606746780645193,1.7019550637419192,1.3875843176050275,0.44193517686828565,9.147847963746605,3.0106319674513573,3.899367500288358,0.06821498365546416,98.mat,saglam,1,29.533333333333335,29.526346510579163,2.050296112486836,10
0.05903054006288133,2.12200113415245e-05,0.0001819892282166399,0.0030829673592634565,1.70579079618459,2.2237680767790216,2.2784754487975047,28.180639179660798,3.0357563402192533,4.029835238386942,0.06778183285311884,98.mat,saglam,1,29.533333333333335,29.526346510579163,2.050296112486836,11
0.06099421060147087,2.1907911951028153e-05,0.0003789287037405624,0.006212535583257668,2.2078547157629713,1.5926736063018552,1.25412487985443,7.581413597594709,3.000095000766323,3.6645576064888594,0.07044840505030228,98.mat,saglam,1,29.533333333333335,29.526346510579163,2.050296112486836,12
0.06067988822542322,2.2368842467583884e-05,0.0002455396921768118,0.004046475683353202,4.543593934619292,1.5073367590992865,1.903570170878237,17.21968488770194,2.9804256349712297,3.8651820843742266,0.0713008574195826,98.mat,saglam,1,29.533333333333335,29.526346510579163,2.050296112486836,13
0.05951110657876749,2.102554355145209e-05,0.00022479643547736392,0.003777386245978325,2.676138140872145,2.0962668208110005,1.3572864890778507,28.312343905987873,3.0290269727932424,4.096909098899649,0.06597532924144671,98.mat,saglam,1,29.533333333333335,29.526346510579163,2.050296112486836,14
0.060662238798923386,2.1891327459035488e-05,0.0006116423759169071,0.0100827530934727,0.9762867720829865,1.170501903257101,0.817028209743346,5.279261846752822,3.0397535756291783,3.7597192642420465,0.0704078495927978,98.mat,saglam,1,29.533333333333335,29.526346510579163,2.050296112486836,15
0.0604043496459049,2.1825307736361928e-05,0.00030781435207234036,0.0050958971311118595,2.342506747901678,1.5002790436482987,1.3174424202575723,17.6978027002259,2.996223982877365,3.4251039985511125,0.06977386185230014,98.mat,saglam,1,29.533333333333335,29.526346510579163,2.050296112486836,16
0.05989279509654846,2.2035423555392245e-05,0.00038417748793750657,0.00641441908516358,1.619528587516887,1.238882959294118,1.225008192991252,17.96990786127787,2.9025365989472673,3.4710785011275105,0.06908302926957215,98.mat,saglam,1,29.533333333333335,29.526346510579163,2.050296112486836,17
0.061812252942546025,2.2525567893330443e-05,0.00033523468908390204,0.005423434240296603,0.9812463782518756,1.6754046904546205,0.9464448953112625,10.692801988099216,2.9778652914829555,3.3965251018432747,0.07256148291079302,98.mat,saglam,1,29.533333333333335,29.526346510579163,2.050296112486836,18
0.05990751143391828,2.185215541946687e-05,0.00039961664146202157,0.006670559866205644,1.6940716756923,0.7668106320094127,0.8758024739784666,17.16274386544465,3.0065171627084095,3.864256536078995,0.06958107557728518,98.mat,saglam,1,29.533333333333335,29.526346510579163,2.050296112486836,19
0.06027120531730205,2.1998863965902355e-05,0.00033565634436067934,0.005569099582263596,3.4363366207518875,1.876652285874812,1.0439458365444292,18.371944132684682,3.089744328374683,3.8088853243396934,0.06914894779325606,98.mat,saglam,1,29.533333333333335,29.526346510579163,2.050296112486836,20
0.05998515894980455,2.2795469789984764e-05,0.00036371337864807404,0.006063389428481222,1.5404425800427564,1.0904853471241693,2.1514421440392164,11.724770989568219,3.128086476900439,3.8148168387871895,0.06862481483082021,98.mat,saglam,1,29.533333333333335,29.526346510579163,2.050296112486836,21
0.060306996974802414,2.281166110786217e-05,0.0001752055709001876,0.002905227911953353,3.4501723071301393,1.7241373060539043,2.1755139799822825,48.68018636956584,2.875553639649707,3.495137314205167,0.06967735742101053,98.mat,saglam,1,29.533333333333335,29.526346510579163,2.050296112486836,22
0.06127699454465891,2.235923530862349e-05,0.0002817752817540585,0.004598386129138583,3.1803180050561863,2.096510265999818,1.3680465537399722,20.342171548233704,2.892704108642065,3.3187144940018474,0.07117318443452239,98.mat,saglam,1,29.533333333333335,29.526346510579163,2.050296112486836,23
0.05867117351229313,2.1342312080864453e-05,0.0003465861707391681,0.005907265015939081,1.2365018424057652,1.1026775694058861,1.0158730173954285,15.105772894814521,2.933924595091531,3.7592820235626325,0.06791025244255625,98.mat,saglam,1,29.533333333333335,29.526346510579163,2.050296112486836,24
0.059626956976379514,2.1866855027293556e-05,0.0003396861690595622,0.005696855688752117,0.6746639470277583,1.3254051715216895,0.4662325613432493,24.592247881862942,2.997644843079315,3.6831232408131918,0.06423526481156454,98.mat,saglam,1,29.533333333333335,29.526346510579163,2.050296112486836,25
0.060905099876564145,2.2052547375120655e-05,0.0003211488138182765,0.0052729379717605445,2.0532029460525463,1.7747514272464897,1.7966124947233497,17.23731584398449,2.9865240068407903,4.043411754307237,0.06895170678602063,98.mat,saglam,1,29.533333333333335,29.526346510579163,2.050296112486836,26
0.058258816458839416,2.1390860613638e-05,0.00027680025952626946,0.004751216662924849,3.282280701572178,1.3029749276080125,1.5358022813824328,24.21496545384002,2.9067150844888303,3.393583720531931,0.06612463820039469,98.mat,saglam,1,29.533333333333335,29.526346510579163,2.050296112486836,27
0.06129050816311732,2.2162396619449068e-05,0.00040078415728458683,0.006539090134665043,0.7462154390509642,1.032366669592753,1.0791579917592558,18.880761929029166,2.9088877027888302,3.362233312053826,0.06933779341048982,98.mat,saglam,1,29.533333333333335,29.526346510579163,2.050296112486836,28
0.05564716732845078,2.1308176464805e-05,0.0004156085783435015,0.0074686385361352305,1.7623560437068426,0.7333493838066666,1.6973311345349076,13.40540054385504,2.8776128323153807,3.7427142641430007,0.06401278393104501,99.mat,saglam,2,29.166666666666668,29.180269763334202,1.8451250969173216,0
0.057027236117183626,2.2528442972039924e-05,0.0003090751925220473,0.005419782082398625,0.6461845778355324,1.1851062073418073,2.419807878280612,24.86730038717027,3.0383689496777952,3.586217700150279,0.06386010672890673,99.mat,saglam,2,29.166666666666668,29.180269763334202,1.8451250969173216,1
0.05555869500261705,2.0894408474161027e-05,0.0006026321158748714,0.010846765134343744,1.061486959459123,0.7330498980249698,0.8655058968655142,9.061673227012117,2.8955831091284603,4.2644775487971724,0.0638960154075523,99.mat,saglam,2,29.166666666666668,29.180269763334202,1.8451250969173216,2
0.05612554644125411,2.1317111888450215e-05,0.00022339574797444455,0.003980286378223324,1.9103429699173033,1.1553551366439587,3.6332921470087722,32.55752960730331,3.046776734599431,3.839069856605159,0.061619539594849934,99.mat,saglam,2,29.166666666666668,29.180269763334202,1.8451250969173216,3
0.05673867969198678,2.0923654727957887e-05,0.0003783459147566269,0.006668218520484758,0.2992999268894848,0.7593896244153145,1.5873145438000615,19.203182893829894,3.066763165361733,4.142005170787036,0.061086789846533256,99.mat,saglam,2,29.166666666666668,29.180269763334202,1.8451250969173216,4
0.056394741522165545,2.027004223057887e-05,0.0002376715952694615,0.004214428311047972,1.9857255070637887,1.3982120781869694,1.6835357888835272,22.373667479944203,2.93416381122422,3.6760663627083967,0.06228400412724488,99.mat,saglam,2,29.166666666666668,29.180269763334202,1.8451250969173216,5
0.055763046041892465,2.1027519444615597e-05,0.00034999747203629894,0.006276512796074372,0.4935753394512676,0.84827530135552,1.0584920609365864,19.88118994307897,3.061313579754717,4.01448198085382,0.06333749542669041,99.mat,saglam,2,29.166666666666668,29.180269763334202,1.8451250969173216,6
0.0569792865850758,2.11267901944984e-05,0.000492468972269323,0.008642947319555755,0.7339190471926107,0.7222974439989929,0.5882067933571238,13.223250715546564,3.0312245306252588,4.004818438455561,0.06485098350819891,99.mat,saglam,2,29.166666666666668,29.180269763334202,1.8451250969173216,7
0.05557142215193063,2.1281391082851157e-05,0.000391726002162389,0.007049054837653292,0.5286605500804454,0.9510869902347966,1.9389131983467565,14.526090642771749,2.892333749741219,3.315962720709974,0.06427000998027686,99.mat,saglam,2,29.166666666666668,29.180269763334202,1.8451250969173216,8
0.056263992054801905,2.0533502766437066e-05,0.000391795936441456,0.006963528930774728,0.7425854251464162,0.8739804472441126,0.9323646094845374,18.02358444863037,2.947812185584022,3.819922535758247,0.06194065808833753,99.mat,saglam,2,29.166666666666668,29.180269763334202,1.8451250969173216,9
0.056218031802544796,2.0226614379472355e-05,0.0003460083893464618,0.006154758148694996,1.241834379720453,1.1596457209070798,0.8838787814599315,14.477372238728549,2.982466833491532,3.9952665848919566,0.06366583548356824,99.mat,saglam,2,29.166666666666668,29.180269763334202,1.8451250969173216,10
0.0564780236663888,2.0419909526561883e-05,0.000443002041585022,0.007843795034223508,1.7997339669666719,0.8657219047177148,0.8090645915987515,12.929393910587264,3.0382357231050325,3.7111131594613678,0.06280951078198463,99.mat,saglam,2,29.166666666666668,29.180269763334202,1.8451250969173216,11
0.05566254095166985,2.063514282827335e-05,0.00041837567335315846,0.007516287725867662,1.2457639067611181,0.8404341074860707,1.1216894006247677,14.804810966227977,2.9074075152212453,3.766483079779193,0.06095911146512823,99.mat,saglam,2,29.166666666666668,29.180269763334202,1.8451250969173216,12
0.055867664391848454,2.0333817396661817e-05,0.000403059167705637,0.0072145340616249585,2.267213367403101,0.5405268754123345,1.5068203719103845,10.85969374891054,3.0611625924549237,3.98838356280155,0.06282725834684041,99.mat,saglam,2,29.166666666666668,29.180269763334202,1.8451250969173216,13
0.05761725637449377,2.1034030880446934e-05,0.000350848396837376,0.006089293710045549,1.8943634993377023,1.028512658925035,1.0248913287100354,15.457466016447851,3.0084735074828677,4.778703532571557,0.06486966236516382,99.mat,saglam,2,29.166666666666668,29.180269763334202,1.8451250969173216,14
0.05527501455038419,2.0429240508548465e-05,0.0003207997087790254,0.005803701932648194,2.1802583663419086,0.6831689180777759,1.0909275870413515,15.427386090667493,2.8674651760591527,3.8209248859156038,0.06332194152035109,99.mat,saglam,2,29.166666666666668,29.180269763334202,1.8451250969173216,15
0.05571210031621419,2.0244096455049935e-05,0.0003863106948097404,0.0069340536904938105,1.9976579177906153,1.379978460659475,0.9368387569215643,10.549520402281782,2.87058305109399,3.672180018813581,0.06268858964087014,99.mat,saglam,2,29.166666666666668,29.180269763334202,1.8451250969173216,16
0.056461409519646136,2.055997090608871e-05,0.00028637118488963144,0.005071980797520023,0.7626074383350879,1.085544772861109,2.0244814352517615,17.14745298903901,2.9898276070899747,3.460056221578274,0.06207111365849439,99.mat,saglam,2,29.166666666666668,29.180269763334202,1.8451250969173216,17
0.05584197718482515,1.9742818515257304e-05,0.00033244961138869343,0.005953399720830121,2.597622417369234,0.5307621548320324,1.2940060074501618,10.34857685858198,2.9313297496108772,4.030206830363069,0.06156887520402763,99.mat,saglam,2,29.166666666666668,29.180269763334202,1.8451250969173216,18
0.055283790870871756,2.0112515438773965e-05,0.0001686284854406887,0.0030502337625780726,3.687583817992234,2.248550247102314,4.119573668942055,14.09980499891368,2.9457866689979983,3.6342621213266586,0.06158356239789524,99.mat,saglam,2,29.166666666666668,29.180269763334202,1.8451250969173216,19
0.05634178122512748,2.0355599510918333e-05,0.0003490598398262352,0.0061953994394548005,2.031069147693834,0.7995361865456236,0.8938702422693436,11.40826244716676,3.0034096019761285,3.6074198271818436,0.06235418763488361,99.mat,saglam,2,29.166666666666668,29.180269763334202,1.8451250969173216,20
0.05521583457193872,2.1263584845405303e-05,0.00048602563889089696,0.008802287290412488,2.17071333528208,0.7061012303864228,1.26200103775317,6.674227225496704,2.8595592900483604,3.519932053761025,0.06460504932858402,99.mat,saglam,2,29.166666666666668,29.180269763334202,1.8451250969173216,21
0.055339121173898866,1.936840772837677e-05,0.00037906276591319105,0.006849815426507517,1.4617485118039786,1.2278563844156614,0.692052993321566,8.936210729928824,2.929332586039979,3.9178981497387326,0.06129809172598426,99.mat,saglam,2,29.166666666666668,29.180269763334202,1.8451250969173216,22
0.055667074048232484,2.0459427834954427e-05,0.0002477340688895635,0.004450280046522028,4.058872768590755,0.7662938035203133,2.8428812843496982,14.23820765687911,3.0030706149179367,3.74326820842966,0.06233138581571376,99.mat,saglam,2,29.166666666666668,29.180269763334202,1.8451250969173216,23
0.0553116758581401,1.9904001177988796e-05,0.00035133301707194656,0.006351878000707689,1.5592796938809579,0.4685337357690147,1.7793113658638722,7.3095278951217075,2.8961433797493767,3.753823846648513,0.06249439902509664,99.mat,saglam,2,29.166666666666668,29.180269763334202,1.8451250969173216,24
0.05631805974961548,2.0283623651645296e-05,0.0003205291276144344,0.005691409274996046,1.2625092499478,1.1281797046377167,1.5240116122332985,8.542989992913215,3.084251224893422,3.9138006888336516,0.0634630987641723,99.mat,saglam,2,29.166666666666668,29.180269763334202,1.8451250969173216,25
0.05606632487144856,2.0012671816696066e-05,0.00024357463091179347,0.004344401589830048,2.5747762849861053,0.8354435151197804,1.8622292146343344,14.663647377725635,3.008146914804208,4.055477796308201,0.06303527345747661,99.mat,saglam,2,29.166666666666668,29.180269763334202,1.8451250969173216,26
0.05614020641444526,2.0435585838145898e-05,0.0002691586495486478,0.004794400782156673,0.9536982251159901,1.891325640890356,2.6935844745878508,11.348064093029553,2.9465822966219606,3.6468823100253114,0.06309623898125591,99.mat,saglam,2,29.166666666666668,29.180269763334202,1.8451250969173216,27
0.057450713228916095,2.1005389958402188e-05,0.00026811227039509736,0.00466682231292969,1.3482207718084247,1.3320658949964823,2.924487078543706,12.179365959312609,3.1501648327427896,4.1874095844389245,0.06488499477427376,99.mat,saglam,2,29.166666666666668,29.180269763334202,1.8451250969173216,28
0.0560228323026585,1.932132792455151e-05,0.00024215130571222931,0.00432236814446841,3.1449634112634066,1.014960663194227,1.9966934084968773,10.815263838526148,2.995467239139466,3.763512018348422,0.06114672020977784,100.mat,saglam,3,28.75,28.75689506674084,1.9353467932783062,0
0.05632521549875989,1.918525469082652e-05,0.000347770053694983,0.006174322647668619,1.5237639450102465,0.624597503139973,0.7432586102955101,9.561017176068024,3.145718080587035,3.8681822980900464,0.061643056853896754,100.mat,saglam,3,28.75,28.75689506674084,1.9353467932783062,1
0.05745394962956208,2.0135457350843106e-05,0.000391174451405668,0.006808486691010473,0.817765937998912,1.1080465495061516,1.8409411795173543,7.260657511743009,3.115198466454605,4.457762084152938,0.06084867283296769,100.mat,saglam,3,28.75,28.75689506674084,1.9353467932783062,2
0.05544484782876959,1.9846224009941475e-05,0.00032366775151029527,0.005837652445255892,2.21292089884698,0.9347488995188271,1.3876566230257479,8.418193928771856,3.0343858917273816,3.6256365780651825,0.06299506735167863,100.mat,saglam,3,28.75,28.75689506674084,1.9353467932783062,3
0.05610277699417379,1.921789210037396e-05,0.0001686924376924976,0.0030068464829648145,2.6625046548487843,0.9441117168621812,2.2961042601704817,23.501816318471878,2.920018538348786,3.435625711254137,0.06036519198763174,100.mat,saglam,3,28.75,28.75689506674084,1.9353467932783062,4
0.057205670725325855,1.9517642178633786e-05,0.0005163860949487854,0.009026834025234954,1.1104936331917659,0.6593713607187454,0.7731791440863391,4.193443376810024,3.042982195477709,3.63578248355301,0.05949703631656305,100.mat,saglam,3,28.75,28.75689506674084,1.9353467932783062,5
0.056681771875720544,2.0095038663685395e-05,0.00022029726036861571,0.003886562700399505,2.2573271073369208,1.141262124802296,2.6368062363745697,15.583255025954582,3.045114826209143,3.7743632197340893,0.06354466734130454,100.mat,saglam,3,28.75,28.75689506674084,1.9353467932783062,6
0.056553234179587145,1.9816477852783592e-05,0.00026755907307524914,0.004731101181956687,1.6177131931360984,0.840263827772896,1.2586255840351264,17.767972164367563,2.9366533993785673,4.083245280689418,0.06387149291522246,100.mat,saglam,3,28.75,28.75689506674084,1.9353467932783062,7
0.056495560163821804,1.8970541837646256e-05,0.00027979862609785585,0.004952577251762141,2.5783243598464716,0.773522863423612,1.546079073474074,6.7422303448101,3.0771777009487207,3.706883826664032,0.05838848923222503,100.mat,saglam,3,28.75,28.75689506674084,1.9353467932783062,8
0.056516609056831986,1.9440102136761658e-05,0.00037829734357122414,0.006693560528094002,0.8038646473977197,0.24786295259813917,1.125788728002691,12.244706625260186,2.9250657357123675,3.6223118703019863,0.06396013954429389,100.mat,saglam,3,28.75,28.75689506674084,1.9353467932783062,9
0.055512442255912973,1.9092022983072523e-05,0.0002238186121760671,0.004031863904315883,1.1776221948017744,0.6838536321953118,1.6591987974068052,21.169851387084755,2.967359837532312,3.6552457940963774,0.059575481629550474,100.mat,saglam,3,28.75,28.75689506674084,1.9353467932783062,10
0.05679544592445632,1.975245916116558e-05,0.0002477395145206601,0.004361960901685969,2.7051938866074465,1.122713817938029,2.4301569889613868,10.831448624067246,3.1230195080317085,3.5849983965284573,0.06133289734557471,100.mat,saglam,3,28.75,28.75689506674084,1.9353467932783062,11
0.05558835080915914,2.0126948787849295e-05,0.00032290597476718706,0.005808878480132457,2.1346189944022242,0.6699903683852914,1.429781436712237,18.724798317854837,2.899239414584458,3.6029378912823518,0.06210223798237858,100.mat,saglam,3,28.75,28.75689506674084,1.9353467932783062,12
0.05642247901483413,1.8728400017923602e-05,0.000287549712066962,0.00509636792077614,0.6513779261322933,1.2522255021997772,1.022592120520917,11.99816849879529,3.0720299559867694,3.8531530746998155,0.06161717132498347,100.mat,saglam,3,28.75,28.75689506674084,1.9353467932783062,13
0.05595006125504554,1.957600094888494e-05,0.00020387248838407975,0.003643829583154403,2.1962851952688975,1.2555923752449414,2.7085292456947974,22.011572119327884,3.022571788672676,4.040149811692953,0.059626628526990605,100.mat,saglam,3,28.75,28.75689506674084,1.9353467932783062,14
0.05677944814467989,2.0623607006919798e-05,0.0003851436820052326,0.006783152964380063,1.8566833160642322,0.5135930931246229,1.210191259237485,17.917399629591326,3.0649490149861554,4.005683548551617,0.06305622439505426,100.mat,saglam,3,28.75,28.75689506674084,1.9353467932783062,15
0.057408629307274854,1.974260197775808e-05,0.00032888418517705803,0.005728828385903525,1.67190976664208,0.5046509023312616,1.2626885465920934,9.019993809893878,3.081194792637724,3.694947266523869,0.06085343542151323,100.mat,saglam,3,28.75,28.75689506674084,1.9353467932783062,16
0.0565688019120033,2.023194637570457e-05,0.0003379498470006915,0.005974138316035433,1.5681419494696556,0.6163599140798353,1.0485629741132996,19.092728659283203,3.0178984764864,3.818818353556023,0.06201447201762067,100.mat,saglam,3,28.75,28.75689506674084,1.9353467932783062,17
0.05604838447693364,1.994193974502731e-05,0.0003904701531242484,0.006966662050321491,1.1911502132337743,0.8901633016727571,1.2650381167818776,14.492612223740812,3.0100236404417258,4.056480816732142,0.06217555050241955,100.mat,saglam,3,28.75,28.75689506674084,1.9353467932783062,18
0.05791758746236737,1.974158527748888e-05,0.000483486773517092,0.008347840348545169,0.9370411792596556,0.32200567493587756,0.5342137897944655,7.833201461829665,3.0969741542565554,3.8733425349935797,0.059515830319580444,100.mat,saglam,3,28.75,28.75689506674084,1.9353467932783062,19
0.05781664776818889,2.16880106668748e-05,0.0003051321107458439,0.005277582193349717,3.2225107985812587,0.5319985436936193,2.034431410755068,25.293100104457366,3.0101431152760227,3.4210620640245675,0.06313021868778067,100.mat,saglam,3,28.75,28.75689506674084,1.9353467932783062,20
0.056206413541601094,1.986272609586717e-05,0.0004837294813968256,0.008606303994653343,0.5360980027809149,0.6977942724394895,0.46961744602623695,9.75563883467239,2.985378855740795,4.220348699258199,0.06161781583792547,100.mat,saglam,3,28.75,28.75689506674084,1.9353467932783062,21
0.056988800304030716,1.9828249889506098e-05,0.0003924149003012448,0.0068858249024520025,1.089946640927689,0.3611235578396581,1.3482104714561123,13.630887116639048,3.0934177153323246,4.622035333366174,0.06040747602211842,100.mat,saglam,3,28.75,28.75689506674084,1.9353467932783062,22
0.057233759229483164,2.100996074903222e-05,0.0003943212687081649,0.0068896622205124386,1.5099895352244066,0.3952242938271106,1.4074751494767836,18.622592265088837,3.083285376378,3.904012185628141,0.060954918741026695,100.mat,saglam,3,28.75,28.75689506674084,1.9353467932783062,23
0.05621958399689236,2.0229448888368996e-05,0.0004106674652928966,0.007304704803726266,1.877178702718728,0.7064841833274039,1.024515595648828,10.129656620779606,3.0856847917903236,4.199064470627062,0.06471625028685744,100.mat,saglam,3,28.75,28.75689506674084,1.9353467932783062,24
0.057370858247736696,2.0163447622606187e-05,0.00040030337362496817,0.006977468802879253,0.7512057807104179,0.5537939151958402,1.2697853339192982,17.519311164283536,3.1207699695443507,4.568409177108173,0.05838906411643146,100.mat,saglam,3,28.75,28.75689506674084,1.9353467932783062,25
0.05610531002382324,2.0443063702090925e-05,0.00023014664799810253,0.0041020475227082145,1.1872083413207715,0.7437491557661078,2.6652791090856347,23.571378089750336,3.165395565188743,3.7713587036629725,0.061834308639299944,100.mat,saglam,3,28.75,28.75689506674084,1.9353467932783062,26
0.05602234221740047,1.9811277650409104e-05,0.00040738781543228576,0.007271881169196809,1.918820524742943,0.847377072750895,1.3506346096914932,10.701659772161939,3.036060285893563,3.761987400766859,0.06193332820205477,100.mat,saglam,3,28.75,28.75689506674084,1.9353467932783062,27
0.0580961054189616,2.025058699293327e-05,0.00023939450198941974,0.004120663515375073,1.8419056236741143,0.8757970719158772,2.0863153417756064,30.030305123338614,3.102427672971959,4.055770283109594,0.058839747641644236,100.mat,saglam,3,28.75,28.75689506674084,1.9353467932783062,28
0.2855337397891611,2.7074822276431158e-05,0.00032685441793266917,0.0011447138197148775,3.8302496805079653,1.327131665488861,0.20402381488036067,11.54082828253268,5.458891915428355,5.138207281495931,0.15016034910727782,105.mat,ic_bilezik,0,29.95,29.956032427769106,2.6183727178236555,0
0.29022648588895883,2.7780055855826568e-05,0.00029269040859179995,0.0010084896548786225,4.749763064234765,1.5459271016216922,0.1355259473376536,18.02433069706193,5.588467030426674,5.343037136521765,0.15330688456082756,105.mat,ic_bilezik,0,29.95,29.956032427769106,2.6183727178236555,1
0.2893619855711312,2.7877669630067875e-05,0.00027343255550159643,0.0009449498176512757,5.134369907675823,1.2050431470556886,0.16367439948475695,26.837754346417785,5.7558544442096995,5.424671171137086,0.14754032849501236,105.mat,ic_bilezik,0,29.95,29.956032427769106,2.6183727178236555,2
0.28871369574200395,2.720121042929035e-05,0.0002762565368753393,0.0009568528994247876,4.8295498704611735,1.400149736730971,0.22890362528825578,20.77253769608499,5.374917907322316,5.18480079871569,0.14694298614410273,105.mat,ic_bilezik,0,29.95,29.956032427769106,2.6183727178236555,3
0.29153673200118657,2.8822172281336837e-05,0.0002759054890501742,0.0009463832812947389,4.427811036294051,1.3853246300042226,0.2563689680622007,25.524199259116127,5.019465842640734,4.880983122018791,0.1519008320991056,105.mat,ic_bilezik,0,29.95,29.956032427769106,2.6183727178236555,4
0.28926350977311577,2.856452673124251e-05,0.000281999007170609,0.0009748862115059741,3.8179498310069993,0.8947145255455737,0.21159690767032402,27.414192173055657,5.011516803084212,4.489249768111234,0.15185080164411507,105.mat,ic_bilezik,0,29.95,29.956032427769106,2.6183727178236555,5
0.29396199827461,2.7836822532791108e-05,0.0003118256049702679,0.0010607684217669167,3.666541553699449,1.0931652101474718,0.11929811168510389,16.433089254105063,5.114520040905717,5.06865578657153,0.14965791084804478,105.mat,ic_bilezik,0,29.95,29.956032427769106,2.6183727178236555,6
0.29570993808324636,2.804640504379242e-05,0.00028273534051602753,0.0009561239042141275,4.3237389948854235,1.3681516000950402,0.17669520419605386,21.388311014148595,4.947759069314808,4.711016353876549,0.1492441475061665,105.mat,ic_bilezik,0,29.95,29.956032427769106,2.6183727178236555,7
0.2929251860101686,2.8058944303827225e-05,0.00030330911481127256,0.0010354490815265985,4.591371678070248,0.8646810217928599,0.21044843097295773,23.01421253309757,5.6075924408635895,5.544729379198009,0.1515515640005639,105.mat,ic_bilezik,0,29.95,29.956032427769106,2.6183727178236555,8
0.2904614417965109,2.7217055380909904e-05,0.00034918524381867614,0.0012021741738172027,4.2314879767067195,1.166185349147813,0.137060172876358,8.601273497673638,5.748960351509087,5.547112339807431,0.14800524517058564,105.mat,ic_bilezik,0,29.95,29.956032427769106,2.6183727178236555,9
0.29085373062613895,2.7583210971107578e-05,0.0003104063843509951,0.0010672250401660543,4.458754361558473,1.4312604901277381,0.14039370688308286,16.13865095007696,5.620209990588842,5.804404828925048,0.14824691979964205,105.mat,ic_bilezik,0,29.95,29.956032427769106,2.6183727178236555,10
0.29331351234535724,2.8193908141719796e-05,0.00033111470285971593,0.0011288764033097849,4.002480176989657,0.9330028536871189,0.13348875955332679,20.214316797771918,5.4044673572856015,5.624798425210798,0.15183476891308373,105.mat,ic_bilezik,0,29.95,29.956032427769106,2.6183727178236555,11
0.29181218306598466,2.7550023113160276e-05,0.0003263086485887115,0.0011182146172211333,3.4902091056875344,1.1809921504679879,0.24976055834521851,14.541151568761173,5.418358066962625,5.291078576067753,0.14701104526318243,105.mat,ic_bilezik,0,29.95,29.956032427769106,2.6183727178236555,12
0.2889108317860644,2.7867209696801155e-05,0.00032134331951147726,0.001112257776988841,3.4955332427939556,1.182965645135197,0.3107284558021508,21.674269412483177,5.4839690463526445,5.457352622928207,0.1467653471771927,105.mat,ic_bilezik,0,29.95,29.956032427769106,2.6183727178236555,13
0.289065462178337,2.894787824312803e-05,0.00031251670198438115,0.0010811277820194753,3.984034089076794,0.8921077991842609,0.19829509413679208,23.41448927583552,5.379887606590232,5.256215505352502,0.15059048394620916,105.mat,ic_bilezik,0,29.95,29.956032427769106,2.6183727178236555,14
0.2893532798489782,2.8358222090569044e-05,0.00027147058957920685,0.0009381977274284121,4.912138137739492,1.2857082241949358,0.2457116627795188,19.845349095574843,5.319050547179447,4.980062060332593,0.15011893793082873,105.mat,ic_bilezik,0,29.95,29.956032427769106,2.6183727178236555,15
0.28980007378156925,2.8588198660458026e-05,0.00030341165995450225,0.0010469688844252866,4.8786177619975675,1.1000439815026444,0.10734198782405342,23.130568853871523,5.138628560741671,4.793995086696707,0.14778342155759563,105.mat,ic_bilezik,0,29.95,29.956032427769106,2.6183727178236555,16
0.29172817590253974,2.810332520201807e-05,0.0003166591847653901,0.0010854597221699074,4.5205323958460735,0.9417342902205654,0.11549074427748465,20.928030523499864,5.153279051314099,5.095714165735952,0.14595293632330167,105.mat,ic_bilezik,0,29.95,29.956032427769106,2.6183727178236555,17
0.2960144285360583,2.788698987309904e-05,0.0003102629766426208,0.0010481346405172905,4.3091770200986526,1.2656714058960363,0.12836204135526108,9.22445739245303,4.988261787319514,5.071374314491821,0.15053257336303308,105.mat,ic_bilezik,0,29.95,29.956032427769106,2.6183727178236555,18
0.29150359200344367,2.8010571354773034e-05,0.0003277708836105407,0.0011244145616069946,3.605329035366551,1.1069840839016127,0.16716679933782583,17.59087869881597,5.131989126209944,5.04965216998005,0.1472735463920335,105.mat,ic_bilezik,0,29.95,29.956032427769106,2.6183727178236555,19
0.29286744416181687,2.747030949194251e-05,0.000327447494128512,0.0011180740661173344,3.3015265835202574,1.0383219640659043,0.1272431531237414,17.4399976249326,5.353380020658199,5.896056366184213,0.14418291915099515,105.mat,ic_bilezik,0,29.95,29.956032427769106,2.6183727178236555,20
0.28970436448730125,2.8180759392788233e-05,0.00034009460913821593,0.001173936781169721,3.4115461988145905,1.3663035165207509,0.09913825864307182,11.313735101389913,5.459071412508435,5.478815812504894,0.1491125402359487,105.mat,ic_bilezik,0,29.95,29.956032427769106,2.6183727178236555,21
0.2915026305370489,2.859660279992774e-05,0.00034492299849664913,0.0011832586136872872,3.5644127283576568,1.0491268301133971,0.10773015463576273,19.953676019847098,5.615890261809947,5.776361337693812,0.14752813882458707,105.mat,ic_bilezik,0,29.95,29.956032427769106,2.6183727178236555,22
0.29375242001417473,2.8424796342674817e-05,0.0003201640975194307,0.0010899113529103577,4.307630281668762,0.8702238012419371,0.10054257495833943,20.959862119502315,5.439466174284449,5.053472396983368,0.1477424536791595,105.mat,ic_bilezik,0,29.95,29.956032427769106,2.6183727178236555,23
0.2908473743847166,2.924321898843314e-05,0.00030804859955574837,0.0010591417584785202,4.532371577427441,1.2853113644874663,0.09085087100203665,19.762423647618657,5.582176076894547,5.12097725251648,0.1494808120108916,105.mat,ic_bilezik,0,29.95,29.956032427769106,2.6183727178236555,24
0.2858467561783227,2.942352227345274e-05,0.00026354994855874454,0.0009219973389986958,5.138181825826871,1.0423296585085797,0.16049133536095492,29.924286502167128,5.5673508298940675,5.071474482012917,0.14947177495680783,105.mat,ic_bilezik,0,29.95,29.956032427769106,2.6183727178236555,25
0.2912561369669922,2.8779352387885843e-05,0.0003080973925406924,0.0010578228350757498,4.137334450301632,0.694519561920948,0.1874598678444566,21.105388204842516,5.7085756983474845,5.273615864236052,0.14829148896926034,105.mat,ic_bilezik,0,29.95,29.956032427769106,2.6183727178236555,26
0.294774700856457,2.871726287277532e-05,0.00031828157491607976,0.00107974522233504,3.602583041357139,1.1957939788461343,0.11666641605940674,14.591654323119283,5.778792309763778,5.414906916883556,0.14897393698169592,105.mat,ic_bilezik,0,29.95,29.956032427769106,2.6183727178236555,27
0.2915291408632887,2.8450715464052678e-05,0.00030364772793102334,0.00104156904188311,3.8041018331703187,1.112552865726789,0.1949167828545866,23.06186849292683,5.252348096578185,4.889459667714629,0.14880305516078385,105.mat,ic_bilezik,0,29.95,29.956032427769106,2.6183727178236555,28
0.2934839933449474,2.6884441484395962e-05,0.00027816818206829135,0.0009478138105487669,5.984512406517749,1.9959601344757594,0.11382646642140111,24.434866541836897,5.420329917828162,5.367007644175605,0.14269855902536255,106.mat,ic_bilezik,1,29.533333333333335,29.510565542334252,2.9794645075756385,0
0.2943922142560909,2.5815992903460737e-05,0.000261821559301422,0.0008893630558883424,6.317467241083999,1.9680255972144756,0.26982704771637034,20.59541615179432,5.366969047047961,4.744439818812395,0.14008144532038486,106.mat,ic_bilezik,1,29.533333333333335,29.510565542334252,2.9794645075756385,1
0.290791274693433,2.560936359275077e-05,0.0002842247966033587,0.0009774185862420582,5.071639342600872,1.9161129901125558,0.26555461216146753,14.2833549809549,5.393520621392725,4.602666107218692,0.13988660497169275,106.mat,ic_bilezik,1,29.533333333333335,29.510565542334252,2.9794645075756385,2
0.2901636045705547,2.604952442547844e-05,0.00029540406468545673,0.0010180603632962168,4.79505712271259,1.6606308536075132,0.13166223550518522,24.666982292653778,5.309382921894453,4.842128238628367,0.13802010331734438,106.mat,ic_bilezik,1,29.533333333333335,29.510565542334252,2.9794645075756385,3
0.28930558427590347,2.5452919095470747e-05,0.00027882901713996097,0.0009637871935202087,4.758279751808542,1.772422987810895,0.17101390337348218,16.859225096487247,5.612596427789528,5.30658617380237,0.1427780659058177,106.mat,ic_bilezik,1,29.533333333333335,29.510565542334252,2.9794645075756385,4
0.2892161919504885,2.5798167830682907e-05,0.0002716280563992857,0.0009391868918765347,4.881026308628447,1.940102686450868,0.1455452175997453,17.639302250440288,5.541643047872286,5.059344398564045,0.13924481933704275,106.mat,ic_bilezik,1,29.533333333333335,29.510565542334252,2.9794645075756385,5
0.2937781580081114,2.596913444963828e-05,0.0002742015591096828,0.0009333626467260326,5.537324279472385,1.9310371145630363,0.1668183203984038,26.370923103021084,5.407481744966222,4.7739788975473125,0.14078968716717352,106.mat,ic_bilezik,1,29.533333333333335,29.510565542334252,2.9794645075756385,6
0.29222375744086426,2.583401914250198e-05,0.0002497141945494904,0.0008545307771534256,6.685000875312947,2.1569422362321524,0.2468388541139181,18.131024382881165,5.562160650658223,4.800925613952633,0.14031309537890874,106.mat,ic_bilezik,1,29.533333333333335,29.510565542334252,2.9794645075756385,7
0.29170008006710046,2.609474853929427e-05,0.0002724828492853174,0.0009341198988416576,5.889195983973878,2.065524929641138,0.20511053620031328,20.53902579517091,5.643942250630962,5.384974300040564,0.14086763973072616,106.mat,ic_bilezik,1,29.533333333333335,29.510565542334252,2.9794645075756385,8
0.29524121775356305,2.551149907838856e-05,0.0002600989161461412,0.0008809708824679217,6.09150687810302,1.8860433232729186,0.24979009994696832,26.858939259260087,5.728991636022634,4.995605859061417,0.13949184765349176,106.mat,ic_bilezik,1,29.533333333333335,29.510565542334252,2.9794645075756385,9
0.2908340726305639,2.5474565660281403e-05,0.00027036106254575123,0.0009296058749218549,5.5506060972577504,1.9913039068992704,0.23064067903255514,15.144444064157538,6.074459772052046,5.152922999872617,0.13840792506447108,106.mat,ic_bilezik,1,29.533333333333335,29.510565542334252,2.9794645075756385,10
0.2865765677493183,2.5618203414200087e-05,0.00029484865281940504,0.0010288651829911436,4.485779199927123,1.742559137885686,0.11320297170524446,21.221964351324868,5.672332237095899,5.13820240756628,0.14181061108188128,106.mat,ic_bilezik,1,29.533333333333335,29.510565542334252,2.9794645075756385,11
0.29536019859863494,2.587431374971725e-05,0.0002596076877582404,0.0008789528480448458,5.468049722234837,1.7473319589156981,0.16668180849080103,27.137746174209052,5.780079543229331,5.325692537743746,0.14229262515270183,106.mat,ic_bilezik,1,29.533333333333335,29.510565542334252,2.9794645075756385,12
0.2920182888675101,2.5660828400412234e-05,0.00027758134245755526,0.0009505614991893351,5.640637395217106,1.9635008524251019,0.10536153701084153,12.168277025036787,5.738617163623098,5.3129677624188085,0.13969376458926877,106.mat,ic_bilezik,1,29.533333333333335,29.510565542334252,2.9794645075756385,13
0.29324756810512737,2.6590516118223705e-05,0.00028992774824129536,0.000988679122264262,5.716929062795644,1.9932406199056585,0.1296141507698761,23.010350678970454,5.548915312226836,4.940287975251669,0.1432253802445572,106.mat,ic_bilezik,1,29.533333333333335,29.510565542334252,2.9794645075756385,14
0.2955799746647727,2.5719007137126494e-05,0.000274982659126617,0.0009303155920408813,6.165011682242113,1.7654793520546026,0.2658379465203648,23.731315302498352,5.762007017235649,5.095921113207778,0.1400733611675807,106.mat,ic_bilezik,1,29.533333333333335,29.510565542334252,2.9794645075756385,15
0.2985004149855499,2.581323984194484e-05,0.0003107272878250465,0.0010409609910895688,5.1406017709017195,1.8864340157713237,0.16989255029798636,12.880396814573118,5.305354680191554,5.053696323184465,0.14358271104292802,106.mat,ic_bilezik,1,29.533333333333335,29.510565542334252,2.9794645075756385,16
0.29268603223684625,2.5744936546165377e-05,0.0003029317935111095,0.0010350059795984294,4.757825536023223,1.8156107586707215,0.2368944298895923,22.55047048097642,5.873923096757362,5.087271247237412,0.14030463525873013,106.mat,ic_bilezik,1,29.533333333333335,29.510565542334252,2.9794645075756385,17
0.2928960434247048,2.5422353066085352e-05,0.0002816789700321419,0.0009617028852204069,4.783197458478844,1.8415849088123784,0.09259314866878682,19.541579299704615,5.393857335421614,4.9511071240382245,0.14190139734471943,106.mat,ic_bilezik,1,29.533333333333335,29.510565542334252,2.9794645075756385,18
0.292961701039552,2.4727209954493616e-05,0.0002725400955958987,0.0009302925762237212,5.070384779603934,2.019127839028873,0.22371579512529596,14.651687598824251,5.3672591557891245,5.041066102186321,0.14048505714113899,106.mat,ic_bilezik,1,29.533333333333335,29.510565542334252,2.9794645075756385,19
0.291639344886019,2.5567996067282475e-05,0.00028333564027727506,0.0009715274884705259,5.223136005172588,1.960469398761394,0.18139565558290044,25.590706319945923,5.118341631535836,4.546157238742789,0.13795789599684707,106.mat,ic_bilezik,1,29.533333333333335,29.510565542334252,2.9794645075756385,20
0.29154385257650034,2.4813411976196692e-05,0.00029027981373706244,0.0009956643268953789,5.545570383140433,1.8221574579385018,0.11506867060551508,16.07497205873259,5.640631160771756,5.059683884687607,0.14099790139977447,106.mat,ic_bilezik,1,29.533333333333335,29.510565542334252,2.9794645075756385,21
0.29231721826907736,2.547326482911391e-05,0.00029875504489884907,0.0010220234260125713,5.405344438423015,1.8662715524648212,0.12163105166429806,14.957397319235403,5.0239650121265775,4.581417437242136,0.1406118589278671,106.mat,ic_bilezik,1,29.533333333333335,29.510565542334252,2.9794645075756385,22
0.2925838371682134,2.6019692493646152e-05,0.0002989595242342607,0.0010217909749449352,5.217065251347806,1.7408953633102748,0.17875890758751634,25.66410750568181,5.538395813213111,5.027563374063581,0.14244391447232868,106.mat,ic_bilezik,1,29.533333333333335,29.510565542334252,2.9794645075756385,23
0.29129915785941746,2.5438036487416464e-05,0.0002750881382354,0.0009443492396473548,5.2505074510151655,2.079603722504659,0.1048845711500906,16.913882866735836,5.8284523929557785,5.154660958021607,0.1449385993823652,106.mat,ic_bilezik,1,29.533333333333335,29.510565542334252,2.9794645075756385,24
0.2940246521739033,2.546260625209699e-05,0.0002890354166171102,0.0009830312338748209,4.5706780789818975,1.96984913089406,0.2071789177587654,18.33780387881446,5.448667255594527,5.082317299614134,0.14383571726521424,106.mat,ic_bilezik,1,29.533333333333335,29.510565542334252,2.9794645075756385,25
0.29575841156802685,2.5635133107436173e-05,0.00029472704135042986,0.000996512794976395,4.708188983743997,1.6241797581457327,0.28233077401262885,24.536315744028112,5.394206597288424,4.671684907052552,0.14381219768801243,106.mat,ic_bilezik,1,29.533333333333335,29.510565542334252,2.9794645075756385,26
0.29643382386492556,2.483257684639011e-05,0.00028289538631840383,0.0009543289717382419,5.30958750582846,1.925756734873884,0.16258559372658196,15.225572925790962,5.363857497314859,5.184511581962932,0.13993582409407326,106.mat,ic_bilezik,1,29.533333333333335,29.510565542334252,2.9794645075756385,27
0.29404825712201516,2.5833322342357387e-05,0.00032031792661514906,0.001089337953399751,5.080361703048702,1.7336290443585116,0.11831192775664301,19.1760831924181,5.744509526079874,5.2061201867053555,0.14306578019064375,106.mat,ic_bilezik,1,29.533333333333335,29.510565542334252,2.9794645075756385,28
0.3011823976397943,2.7311859028071437e-05,0.0002350929468698644,0.0007805666888615728,6.313912946243026,2.3610889411053226,0.16550897669711542,26.24040965909956,5.513405191902135,4.803737883238927,0.14638397235142345,107.mat,ic_bilezik,2,29.166666666666668,29.13879319871751,1.5998052575552464,0
0.29924082735143304,2.6547149041584987e-05,0.0002689652735250804,0.0008988254574243126,4.731157601618167,1.7354569638372934,0.22698168856337947,17.788027037848828,5.577172712326533,5.0924054670870325,0.14583464696397308,107.mat,ic_bilezik,2,29.166666666666668,29.13879319871751,1.5998052575552464,1
0.29491517559035035,2.6436386290924218e-05,0.0002374949282058702,0.0008052991092427045,6.133280037113195,2.1429690339343628,0.17942331784636253,22.58971586637171,5.449733659456912,4.91079015437122,0.1484044007180923,107.mat,ic_bilezik,2,29.166666666666668,29.13879319871751,1.5998052575552464,2
0.2958173434028611,2.728242965550238e-05,0.00026372970005606583,0.000891528863796238,5.543562732208006,1.7342222610375915,0.25682208730759154,24.615235479249357,5.840351370617286,5.183186115885221,0.14704513988057855,107.mat,ic_bilezik,2,29.166666666666668,29.13879319871751,1.5998052575552464,3
0.29681362775388864,2.758344742143019e-05,0.00025962161918048474,0.0008746957514864602,5.233457827975839,1.954048577454925,0.2224715819601989,17.287238491816662,5.473686012217276,5.121264862119674,0.15016763639576006,107.mat,ic_bilezik,2,29.166666666666668,29.13879319871751,1.5998052575552464,4
0.2925642503142571,2.8247367783587167e-05,0.0002473340050377845,0.0008454006419829696,6.213805069076993,2.187843906340667,0.2715236821864286,22.13822441314155,5.339253228776687,4.670490759164626,0.15688155947160443,107.mat,ic_bilezik,2,29.166666666666668,29.13879319871751,1.5998052575552464,5
0.30426250159925744,2.8162380702127486e-05,0.0002680276295379025,0.0008809091758866803,4.852771545787165,1.5204309728119045,0.2659469153847418,22.479921510277187,5.527601759512846,5.004967682876547,0.15293349082916657,107.mat,ic_bilezik,2,29.166666666666668,29.13879319871751,1.5998052575552464,6
0.30258124154638316,2.7886815074921473e-05,0.00024207413522085226,0.0008000302133169227,6.087183343286493,2.1467183376841605,0.5182012715968816,19.456423772886435,5.7327591651188605,5.403301963701986,0.15397105140786824,107.mat,ic_bilezik,2,29.166666666666668,29.13879319871751,1.5998052575552464,7
0.2941179017230781,2.7917367426932474e-05,0.00022393853056462305,0.0007613903446608541,6.238220168098912,2.173060227631353,0.1554669652520445,26.936717515257328,5.455345333419322,4.902350732000822,0.1526108148526509,107.mat,ic_bilezik,2,29.166666666666668,29.13879319871751,1.5998052575552464,8
0.2970311975559269,2.7732990264929656e-05,0.0002360625656155635,0.0007947399719530183,5.803244635825224,1.8562522384768878,0.15942894864841378,26.2193629979635,5.523154782915029,5.0417274242968135,0.15206037895299124,107.mat,ic_bilezik,2,29.166666666666668,29.13879319871751,1.5998052575552464,9
0.2974622421583837,2.668536094864316e-05,0.00025116730356129996,0.0008443670085251414,6.14915560529758,2.2266131718527835,0.07906754340673704,18.115995779222537,5.833500276037598,5.32522985928183,0.14454250397492566,107.mat,ic_bilezik,2,29.166666666666668,29.13879319871751,1.5998052575552464,10
0.2964101498717294,2.6995842777616573e-05,0.00022994841359147365,0.000775777798736674,5.7637048098604104,2.506078048751504,0.22274973274787713,26.390301219222117,5.470170556591896,4.653368217830833,0.1493964683452704,107.mat,ic_bilezik,2,29.166666666666668,29.13879319871751,1.5998052575552464,11
0.30153283834402606,2.690584490704467e-05,0.0002447999220996293,0.0008118516160403046,6.470599693279369,1.8180303945222143,0.29821062154789096,21.64907684197046,5.513922677781621,4.953969961300347,0.14967064596949595,107.mat,ic_bilezik,2,29.166666666666668,29.13879319871751,1.5998052575552464,12
0.306692258283454,2.691814394035533e-05,0.00023548637723054802,0.0007678262847187254,6.077755695567388,2.1026896209709482,0.16283108650737269,19.141981524450415,5.704227267258188,5.080317166296689,0.1461808092449037,107.mat,ic_bilezik,2,29.166666666666668,29.13879319871751,1.5998052575552464,13
0.3045462978973807,2.7640923588960126e-05,0.000213250503460151,0.0007002235946775726,6.828770440395981,2.3415632670134734,0.20980779736690036,30.694742629997684,5.592626582297239,4.60068377530735,0.15271052860988726,107.mat,ic_bilezik,2,29.166666666666668,29.13879319871751,1.5998052575552464,14
0.2971361445130931,2.8383995996791097e-05,0.00021324189128656558,0.0007176571925818051,7.025004107615364,2.05784553300562,0.16107271756475014,21.539703596871373,5.405016646889097,4.94715911917377,0.15568129128336602,107.mat,ic_bilezik,2,29.166666666666668,29.13879319871751,1.5998052575552464,15
0.2977140301105038,2.7996335300686773e-05,0.00022924038134453643,0.0007700019419933898,5.71713164951734,2.4706031569541134,0.228041579208569,22.48840291737367,5.505545102157442,4.773135977691599,0.1531854491908162,107.mat,ic_bilezik,2,29.166666666666668,29.13879319871751,1.5998052575552464,16
0.3004559296100916,2.777360353284071e-05,0.0002524560036542638,0.00084024303990619,5.799442277145028,2.0347479832882316,0.17320579939840575,23.064170929536665,5.519986849848889,4.733403159126362,0.15124648486642683,107.mat,ic_bilezik,2,29.166666666666668,29.13879319871751,1.5998052575552464,17
0.30152081024996713,2.7404177459619713e-05,0.0002616620491774281,0.0008678075949704331,5.01884025720954,1.8710653062215234,0.13225977720759027,16.469922017110985,5.532119781304633,4.512733276422783,0.15124480470540952,107.mat,ic_bilezik,2,29.166666666666668,29.13879319871751,1.5998052575552464,18
0.2998386290815407,2.7083421253672723e-05,0.00022988892346558114,0.0007667088265744988,6.402211089301237,2.0856710722098315,0.1946057731278822,26.202996063296386,5.773334778090054,4.900624300627322,0.1501186527346926,107.mat,ic_bilezik,2,29.166666666666668,29.13879319871751,1.5998052575552464,19
0.2965527562524899,2.67797554381649e-05,0.0002555063592078725,0.0008615882126196413,5.817281705052152,1.8427281009917402,0.19233654003900374,22.449129186627065,5.322544036388146,4.579463303769068,0.146627623012185,107.mat,ic_bilezik,2,29.166666666666668,29.13879319871751,1.5998052575552464,20
0.3007261722575763,2.6388103139397456e-05,0.0002994576652159202,0.0009957818535276492,4.490835132339151,1.972454574348177,0.11653328352273412,14.545002076195507,5.569520732445206,4.450134463273023,0.14879051149895314,107.mat,ic_bilezik,2,29.166666666666668,29.13879319871751,1.5998052575552464,21
0.2971097104432311,2.7506183940113064e-05,0.00027808200876716405,0.0009359573214600853,5.53833232667732,1.7996761575328295,0.19198736203362554,21.119486753124068,5.675593572510093,5.059336164373053,0.1488796932192595,107.mat,ic_bilezik,2,29.166666666666668,29.13879319871751,1.5998052575552464,22
0.30389796599182634,2.7316323912523178e-05,0.0002821936300437434,0.0009285801868460176,4.66538585391128,1.551736245990619,0.18857781039624244,19.625099798222937,5.588716222462783,4.838848795544288,0.15002768810094422,107.mat,ic_bilezik,2,29.166666666666668,29.13879319871751,1.5998052575552464,23
0.3023325520559089,2.7521419328737453e-05,0.0002499357793746549,0.0008266915939888894,5.873944418824291,2.086740439987562,0.1970542933368392,20.57016239002269,5.529415835041769,4.710594776233896,0.15122500609510947,107.mat,ic_bilezik,2,29.166666666666668,29.13879319871751,1.5998052575552464,24
0.3013875048944528,2.8629265375292484e-05,0.00023547167479284886,0.0007812920939590072,5.909945442837389,2.201519374408144,0.1227878597447492,27.491809110444837,5.7622295110649935,4.443755153729291,0.15524711610952335,107.mat,ic_bilezik,2,29.166666666666668,29.13879319871751,1.5998052575552464,25
0.30223719307202246,2.7939760452264776e-05,0.0002734019096336999,0.0009045938617079608,5.021610020875516,1.836599487242352,0.2463348816987857,18.365746267090337,5.595400202220654,4.925967016471808,0.153695381078242,107.mat,ic_bilezik,2,29.166666666666668,29.13879319871751,1.5998052575552464,26
0.29983930070546627,2.7400557763585977e-05,0.00025460031887348497,0.0008491225742376284,5.815407514804077,2.4612937868029796,0.14607595098150314,20.230670714537844,5.211205439276371,4.417625237646631,0.15132461443277778,107.mat,ic_bilezik,2,29.166666666666668,29.13879319871751,1.5998052575552464,27
0.29907507785200543,2.702350655020816e-05,0.0002593902621615903,0.0008673081823590795,5.119558581824181,1.8316887809341318,0.2460883695171275,24.18464501311909,5.559084421368191,5.018173721212177,0.1477619807191164,107.mat,ic_bilezik,2,29.166666666666668,29.13879319871751,1.5998052575552464,28
0.3224057528301845,2.5941764120662765e-05,0.0003586536415810536,0.0011124294105535049,3.4722170149743836,0.9520294777459397,0.16664538889402328,12.914283569761121,5.289069717542128,4.77679190967029,0.14538945697117703,108.mat,ic_bilezik,3,28.833333333333332,28.696204627526193,2.6905701066732526,0
0.3092615581826234,2.6110104139692962e-05,0.000318456546439163,0.0010297320763354627,3.9071134920195605,1.5723016208929483,0.17619591511155805,16.61862174623437,5.132723416877997,4.529639387128336,0.14442854652046921,108.mat,ic_bilezik,3,28.833333333333332,28.696204627526193,2.6905701066732526,1
0.3060924916309482,2.6607063450812432e-05,0.0002793039496570984,0.0009124821983315394,3.7415650862960357,1.517076237998447,0.16517255608275133,22.82163687934429,5.157600465780831,4.3347225192600405,0.14634113935436366,108.mat,ic_bilezik,3,28.833333333333332,28.696204627526193,2.6905701066732526,2
0.30347332079700856,2.6518495845836425e-05,0.00027426421211478735,0.0009037506539078513,4.981672978250752,1.5786256198737976,0.22107528357966014,16.543976256247962,5.282956998442878,4.496936618843219,0.14864798481914854,108.mat,ic_bilezik,3,28.833333333333332,28.696204627526193,2.6905701066732526,3
0.30618605451748876,2.7106882058018694e-05,0.0003200683154307858,0.0010453392984671637,4.940257421810743,1.642865786281841,0.09389192890004752,18.0180933489941,5.351796403813693,4.554376700671755,0.1485637904313554,108.mat,ic_bilezik,3,28.833333333333332,28.696204627526193,2.6905701066732526,4
0.30635796248183506,2.6591207651392717e-05,0.0003252355840680422,0.001061619490586163,3.4320912558189742,1.2379882297921114,0.13792546828647684,16.723272757840594,5.119577176796212,4.40902925295175,0.14811997740627492,108.mat,ic_bilezik,3,28.833333333333332,28.696204627526193,2.6905701066732526,5
0.3142036429477828,2.6153677707764854e-05,0.0003018182082303526,0.0009605815050322344,3.989974916526523,1.4181214709157526,0.17805797405815907,14.31011852728863,5.2521830975648465,4.705414373100963,0.1489106942484866,108.mat,ic_bilezik,3,28.833333333333332,28.696204627526193,2.6905701066732526,6
0.31782118502005824,2.729032415597589e-05,0.00028389202374955305,0.0008932444944812062,5.322744472522686,1.5229033134913426,0.22128292032162114,22.163226082908732,5.2150983520045315,4.491967626909045,0.14990469574872836,108.mat,ic_bilezik,3,28.833333333333332,28.696204627526193,2.6905701066732526,7
0.31538641488665237,2.5487735704851697e-05,0.0003162713611596944,0.0010028059111942323,3.4000445048288386,1.1971080530344205,0.20370323550103528,15.124680087394365,5.2951972775446405,4.699649755142255,0.14350006239704907,108.mat,ic_bilezik,3,28.833333333333332,28.696204627526193,2.6905701066732526,8
0.3185542897238972,2.65433367138668e-05,0.0003477619745805179,0.001091688248432769,3.0562203088654214,1.1559154276925068,0.11150225292170557,14.307869914467247,5.129040864577189,4.562008515346677,0.15085701314807054,108.mat,ic_bilezik,3,28.833333333333332,28.696204627526193,2.6905701066732526,9
0.31001198979768757,2.7730419907368466e-05,0.0003066803753469035,0.000989253272255865,4.85175359135923,1.3268642869219307,0.19595671348280108,19.948456489253303,5.20267558267827,4.67453621579962,0.15109599285726658,108.mat,ic_bilezik,3,28.833333333333332,28.696204627526193,2.6905701066732526,10
0.30934448803216924,2.6015585799306647e-05,0.0003026170006908437,0.0009782524415253063,4.3439133458997325,1.4243281161940384,0.14744449411181407,13.323374760504905,5.273589448047531,4.857381472569992,0.1491276197625528,108.mat,ic_bilezik,3,28.833333333333332,28.696204627526193,2.6905701066732526,11
0.31191397573999974,2.6465812085466037e-05,0.0003229525704853459,0.0010353898690115514,3.310205360061421,1.2049962349761913,0.1965891881025564,17.33170129054317,5.189281019002776,4.78152284859179,0.14924277768645527,108.mat,ic_bilezik,3,28.833333333333332,28.696204627526193,2.6905701066732526,12
0.30995918569979364,2.651224480584894e-05,0.00031327550075761106,0.0010106991991520415,4.144484957744088,1.2413257592113462,0.2443714580743913,19.479274206458825,5.264247408516457,4.2734857895484115,0.14799471960747598,108.mat,ic_bilezik,3,28.833333333333332,28.696204627526193,2.6905701066732526,13
0.31712096556812336,2.6837323467565244e-05,0.00033804526511090803,0.0010659820756544203,3.8878795967478856,1.3707448265136564,0.1976141987448475,12.508279329824607,5.281354476599505,4.744883512066958,0.1500116096378224,108.mat,ic_bilezik,3,28.833333333333332,28.696204627526193,2.6905701066732526,14
0.3168534825919438,2.689905792229439e-05,0.0003380560590816899,0.0010669160279231796,3.7094860748112,1.180524028338788,0.1701409773901474,17.918152381312623,5.295350711092362,4.449316383716504,0.1474073317828953,108.mat,ic_bilezik,3,28.833333333333332,28.696204627526193,2.6905701066732526,15
0.3128565342433728,2.622984233320293e-05,0.000285441862247503,0.0009123730240665003,4.5050288740653555,1.1760314342543159,0.3197061677778383,19.0031808661519,5.277860703175493,4.80271636403487,0.1464460379390445,108.mat,ic_bilezik,3,28.833333333333332,28.696204627526193,2.6905701066732526,16
0.308683630460064,2.630777251309448e-05,0.0003149149667633172,0.0010201868051536967,3.9834290647763484,1.4456162747976284,0.09936085583298752,16.54217601726189,5.338316813697309,4.62178332157243,0.14556473957340388,108.mat,ic_bilezik,3,28.833333333333332,28.696204627526193,2.6905701066732526,17
0.3105661506242517,2.6380702286627755e-05,0.00031617432012759616,0.0010180578903755408,4.177432147486883,1.2102041515655038,0.19895009808502645,20.055002870260072,5.328487580521817,4.764765982431601,0.14481464134776031,108.mat,ic_bilezik,3,28.833333333333332,28.696204627526193,2.6905701066732526,18
0.31372818915778705,2.585592884994296e-05,0.0003327947606232435,0.0010607741737061643,3.642474723646741,1.2518384481662501,0.16630004618780936,13.668232483082157,5.300979828163856,4.412629561452911,0.14559208186440137,108.mat,ic_bilezik,3,28.833333333333332,28.696204627526193,2.6905701066732526,19
0.3149330112001588,2.6687064583992367e-05,0.00030852388590026667,0.0009796492426232244,3.382041175081083,1.3950495512654193,0.2251080777140701,17.790887690533975,5.337756747484489,4.513133077158923,0.1462472434633224,108.mat,ic_bilezik,3,28.833333333333332,28.696204627526193,2.6905701066732526,20
0.32033576796414154,2.5969619580106396e-05,0.0002972658660379982,0.0009279821230276921,4.550449688836693,1.2265873438643766,0.16488748862616684,19.515769888440506,5.348939601090791,4.4558196549060085,0.14490084333325956,108.mat,ic_bilezik,3,28.833333333333332,28.696204627526193,2.6905701066732526,21
0.32690570290045484,2.6041268314160414e-05,0.00033343349638153825,0.0010199684294955576,4.37784749838489,1.2840829397828901,0.18354431680204322,12.58137869938,5.375907380436336,4.619128507678711,0.1456575367404197,108.mat,ic_bilezik,3,28.833333333333332,28.696204627526193,2.6905701066732526,22
0.31995993526339506,2.638015912924452e-05,0.0003295686934482293,0.0010300311292909038,3.363540793394183,1.3449183852029312,0.18660823094313847,18.981831804284763,5.411361632494143,4.72865406241238,0.14481618727238127,108.mat,ic_bilezik,3,28.833333333333332,28.696204627526193,2.6905701066732526,23
0.30766601487360856,2.5965287005923343e-05,0.00032353164321986447,0.0010515676986674076,3.975485187749669,1.236078621306923,0.14064130200426844,16.353994976335994,5.36358453464776,4.593561589839702,0.14491240467565633,108.mat,ic_bilezik,3,28.833333333333332,28.696204627526193,2.6905701066732526,24
0.31182107701857065,2.6332310374180812e-05,0.0002992184464962542,0.0009595837759147839,5.1223404681855875,1.414084906898554,0.3466962451209391,14.981761663608827,5.2962628850070494,4.4103946569613,0.1457879516859079,108.mat,ic_bilezik,3,28.833333333333332,28.696204627526193,2.6905701066732526,25
0.3303963440690823,2.6269177591357034e-05,0.00033127805921429634,0.0010026686589002542,3.2094935126338466,1.1854088639827483,0.2189637108775593,18.398269168789707,5.451393915559352,5.042284419577781,0.14418408114961362,108.mat,ic_bilezik,3,28.833333333333332,28.696204627526193,2.6905701066732526,26
0.3201493933803352,2.6089426866114952e-05,0.0003511793698942338,0.0010969234274823014,3.446537344464607,1.2000456116892382,0.1700194932103962,13.207313254696182,5.239449644056979,4.536360254880042,0.14662649313552428,108.mat,ic_bilezik,3,28.833333333333332,28.696204627526193,2.6905701066732526,27
0.3054456148035403,2.6435781413630606e-05,0.0003359863861060129,0.001099987591313158,4.587706032362071,1.208288058575831,0.13665729934963788,16.40887418840516,5.383077662449875,4.561169602794806,0.14663928923088693,108.mat,ic_bilezik,3,28.833333333333332,28.696204627526193,2.6905701066732526,28
0.3054353299985613,2.612008303942675e-05,0.00033012290147244175,0.0010808274912824129,3.803826803741344,1.002316193388913,0.21911930910017136,18.69542983393691,5.204830169741836,4.611802650365124,0.1457680750901979,108.mat,ic_bilezik,3,28.833333333333332,28.696204627526193,2.6905701066732526,29
0.13634326650141887,1.86136934424619e-05,0.0005085672138982187,0.003730050093006949,0.513814863675529,1.1376848554683832,0.06384502792958993,9.475968687842578,2.9988021300759025,3.7415124078235107,0.06312399349184492,118.mat,bilya,0,29.95,29.959480510394933,2.9359612608409424,0
0.13602176632075333,1.90173887684383e-05,0.00044030492853510306,0.0032370181658542916,1.390557639698008,1.100060773606065,0.07278525884231117,10.560559240991267,2.877996362330151,3.936974316298175,0.06213374202977633,118.mat,bilya,0,29.95,29.959480510394933,2.9359612608409424,1
0.14185088283064956,1.8220243046852184e-05,0.0004819740406612887,0.003397751434746456,0.9012697965535575,1.149637830692701,0.13013925825919148,12.107570008633072,2.9958965258852333,3.720912421050978,0.05952158251358958,118.mat,bilya,0,29.95,29.959480510394933,2.9359612608409424,2
0.13587091362252482,1.8510283363369465e-05,0.0005203947764072864,0.0038300675437364894,1.018576801880643,1.2450364843348987,0.11872766458522985,8.114571153421617,2.9819245072640292,3.6097368283860343,0.06199930420784627,118.mat,bilya,0,29.95,29.959480510394933,2.9359612608409424,3
0.1344506812061016,1.965570044252806e-05,0.0005380841038741935,0.00400209280491003,1.1678563606561043,1.0317137624573969,0.08212186461398441,8.711607574386681,2.999043566069447,4.260616513760916,0.06611508056748404,118.mat,bilya,0,29.95,29.959480510394933,2.9359612608409424,4
0.1353501478287786,1.8705356593562666e-05,0.0005555281867864469,0.004104378131046446,0.6279601189296481,1.0005212854026593,0.10224253024445049,10.964349526651516,2.882299398314911,3.390484363699314,0.059157659384644574,118.mat,bilya,0,29.95,29.959480510394933,2.9359612608409424,5
0.14170106623827616,1.849964081310309e-05,0.0005482081079459002,0.003868764875912768,0.5889486082396408,1.0311202085424716,0.06411352785635319,10.992421505887066,2.841481680943982,3.5380523925480074,0.057594444572107044,118.mat,bilya,0,29.95,29.959480510394933,2.9359612608409424,6
0.13853647300845345,1.8581823063196798e-05,0.0005098626307068302,0.00368034943889497,0.8503933688211222,0.9411778323644615,0.09611398673998789,12.508569680430229,3.0486299514202866,3.9922026962640205,0.05654305597196509,118.mat,bilya,0,29.95,29.959480510394933,2.9359612608409424,7
0.13752278453938513,1.8884707991444233e-05,0.00047308284686851975,0.003440032489522444,0.4266858159600271,1.1871323708693835,0.08327066673001263,14.130204660974032,3.1029900224740192,4.207630696380989,0.06384854668647451,118.mat,bilya,0,29.95,29.959480510394933,2.9359612608409424,8
0.13863885840685997,1.758871205362854e-05,0.0005227637911560006,0.003770687361101086,0.8460691729937726,0.9993118351513055,0.06742144237787762,9.855467497968688,2.892996549217366,3.5279472300928436,0.056776711951482886,118.mat,bilya,0,29.95,29.959480510394933,2.9359612608409424,9
0.14036800626284057,1.7707504147915877e-05,0.00047139533011676904,0.003358281866814565,0.6365284091020097,0.9508871820701496,0.07144047070180845,10.861447198706323,2.7910618974138783,3.255923264911742,0.0562370423997055,118.mat,bilya,0,29.95,29.959480510394933,2.9359612608409424,10
0.1336609857821197,1.834236128271055e-05,0.0005254844196257891,0.00393147197401677,0.30269444598641904,1.1045767140970222,0.054228619285259586,10.138762678675217,2.895045574933829,3.4030270695627114,0.06382593940459817,118.mat,bilya,0,29.95,29.959480510394933,2.9359612608409424,11
0.13721757437676707,1.711995384951735e-05,0.0005327777931112208,0.0038827227162932933,1.1416992661223284,1.1494377140919008,0.06021166479337641,7.073601056229109,2.9951101976682635,4.51470746634854,0.05907412585238001,118.mat,bilya,0,29.95,29.959480510394933,2.9359612608409424,12
0.14206239832074455,1.8653021630138502e-05,0.0005521388004466146,0.003886593546000288,0.5369735879356349,0.9491279519692366,0.10364677613556952,8.043823928844473,3.0349871789216545,3.954438228372844,0.06642876831745788,118.mat,bilya,0,29.95,29.959480510394933,2.9359612608409424,13
0.136014799387907,1.7357389630731918e-05,0.0005522497439877456,0.004060218053248002,1.408406255212559,0.9997719452595014,0.08800432897128384,10.435607901985549,3.0073583882931594,3.286069617328789,0.05312843498240561,118.mat,bilya,0,29.95,29.959480510394933,2.9359612608409424,14
0.13548142264062651,1.6694400037099485e-05,0.0005240250036085261,0.0038678734943215754,0.5522588267402645,1.021618254297072,0.05466126804990924,10.74580233741661,2.896864649054412,3.5501371875206633,0.05605359594363654,118.mat,bilya,0,29.95,29.959480510394933,2.9359612608409424,15
0.1316382487375508,1.728840673604605e-05,0.0005007828355140082,0.0038042350176552588,0.867894516098257,0.9120282932142941,0.07584105354208506,12.792878458908465,2.852131275437796,3.380473140948604,0.05968510247944465,118.mat,bilya,0,29.95,29.959480510394933,2.9359612608409424,16
0.13602233825827126,1.7648150358058402e-05,0.000506501692292345,0.0037236655300462895,1.200995469823782,0.9786059745595228,0.09576096423298483,14.007237101959236,2.9455092026331644,4.3445074821205845,0.05882989398118449,118.mat,bilya,0,29.95,29.959480510394933,2.9359612608409424,17
0.13884607133882676,1.655886785235498e-05,0.0004584981305276552,0.0033022045644019535,0.9260027455105613,1.055383678195832,0.10674111293732844,12.422816443356773,2.8991696345689064,3.5938620023036907,0.05881404999414199,118.mat,bilya,0,29.95,29.959480510394933,2.9359612608409424,18
0.13925385517430394,1.5589020463782672e-05,0.00043755485609974404,0.0031421381874772144,2.027021960794382,1.0684757275898342,0.07331197741241115,13.151829010402679,3.0728001769764752,3.6219538131989735,0.05220148972355085,118.mat,bilya,0,29.95,29.959480510394933,2.9359612608409424,19
0.1391701292611234,1.6951072847670615e-05,0.0004505263970352383,0.0032372348823983864,0.8435066012176831,1.3622569009963654,0.036395901226530025,12.633862489399153,2.9188188685598835,3.43154385989597,0.06034404879573888,118.mat,bilya,0,29.95,29.959480510394933,2.9359612608409424,20
0.13839551471655398,1.5121240618085486e-05,0.00048009953650426945,0.0034690397119016892,1.2851677623162976,1.1629076689602924,0.10469279158674138,6.87622485410466,2.946532521042541,3.8157771428046217,0.05615411057365722,118.mat,bilya,0,29.95,29.959480510394933,2.9359612608409424,21
0.14171028143054726,1.4045410877024893e-05,0.0004763194682325221,0.0033612202545981592,0.7484342644507629,1.0811812217748367,0.09985536713220283,8.399981124288237,2.9151796355059085,3.8274880928449377,0.04970518013106776,118.mat,bilya,0,29.95,29.959480510394933,2.9359612608409424,22
0.136762820498562,1.6727201968425153e-05,0.0005451631866585416,0.003986194381391012,0.38798919863684117,1.1920801190090902,0.061664680914893855,8.553294281641692,2.8704683330338687,3.5033746942101116,0.05910035472902553,118.mat,bilya,0,29.95,29.959480510394933,2.9359612608409424,23
0.14076434687095657,1.5992665760300512e-05,0.0005442139826880072,0.003866135102967802,1.1248669513620353,1.0197420369162804,0.08067762074769216,8.67022284283214,3.1055202321923714,4.040840710715911,0.059757809606544005,118.mat,bilya,0,29.95,29.959480510394933,2.9359612608409424,24
0.14570407734450755,1.4160794439579715e-05,0.0005169989535005482,0.00354828061725816,0.25788195478292064,0.8584533901189626,0.06768351395866165,12.76772594390805,3.089378117561214,3.75368991255847,0.04998931317884085,118.mat,bilya,0,29.95,29.959480510394933,2.9359612608409424,25
0.14594816144368944,1.5526733381956184e-05,0.000530361248010681,0.0036339015357290004,0.8247709641910078,0.9748398628459529,0.044722835495717955,12.2965799786256,2.9512586019867353,3.5627044065498406,0.054125908680896374,118.mat,bilya,0,29.95,29.959480510394933,2.9359612608409424,26
0.13585083596146802,1.652113455250447e-05,0.0005242887101867809,0.003859296900695024,0.7420428723718834,0.9395721306650342,0.0797452012918034,11.315812262827885,3.0846928543213865,3.902279595107335,0.06247822226272665,118.mat,bilya,0,29.95,29.959480510394933,2.9359612608409424,27
0.14140306673168254,1.462562210069361e-05,0.0004974610845823918,0.003518036037526854,0.5027222901231599,0.973216702084382,0.12937598906677947,14.130487488185576,3.0044669176168006,3.5010508494750465,0.05218935569069246,118.mat,bilya,0,29.95,29.959480510394933,2.9359612608409424,28
0.13927697318600432,1.4984320772378338e-05,0.00036939507082526233,0.002652233620336387,2.03687378162127,1.2301817393486885,0.07220611941533457,12.257959119001045,2.8573039718975286,3.3912523732960906,0.051570132735688855,119.mat,bilya,1,29.533333333333335,29.515707878235233,2.9492990368846863,0
0.13622195662685274,1.609706601894079e-05,0.0003233898110041288,0.002373991821946908,1.0880055998344624,1.2337120359674862,0.1263120179108909,18.339742679271968,3.0525180658393194,3.667175991744241,0.05418868140975949,119.mat,bilya,1,29.533333333333335,29.515707878235233,2.9492990368846863,1
0.13808710940678956,1.5250819045183572e-05,0.0003147620448166604,0.0022794455338124744,2.2844291559965955,1.0240078769517544,0.11342292685721142,18.902666623222984,3.0842887830031946,3.7574212087164085,0.052659414020002376,119.mat,bilya,1,29.533333333333335,29.515707878235233,2.9492990368846863,2
0.1381028546455081,1.543975611781095e-05,0.0003819552122607494,0.0027657300295378584,0.9495898973306147,1.1933841849221731,0.13389530280828182,11.971443264461787,3.081644625842207,3.5804816933270875,0.052350792841192643,119.mat,bilya,1,29.533333333333335,29.515707878235233,2.9492990368846863,3
0.14194260482002227,1.6032424676924897e-05,0.0003375066111000772,0.002377768193881215,1.159186666389946,1.1742502692597538,0.06271907804850521,16.741103806914083,3.075140141571654,4.480551012121785,0.055029393942852764,119.mat,bilya,1,29.533333333333335,29.515707878235233,2.9492990368846863,4
0.1387822256142132,1.6365105282477276e-05,0.00034653953189767606,0.002497002266403261,1.5135853253723215,1.0506011828927944,0.14760446115564219,15.788579596530646,3.1346368670115323,3.7963318243284414,0.05519863101813134,119.mat,bilya,1,29.533333333333335,29.515707878235233,2.9492990368846863,5
0.13424472958926115,1.568784510636235e-05,0.0003740717309568148,0.0027864910011629386,0.9304088823992285,1.187173435071803,0.09992477276974562,11.834236150043472,3.002270943422041,3.9227236425415053,0.05229190536719281,119.mat,bilya,1,29.533333333333335,29.515707878235233,2.9492990368846863,6
0.13285427329354804,1.6210733302268546e-05,0.00032979666586939373,0.0024823941126696724,2.9331238262608292,0.9987219388493941,0.1117968736663076,15.054801171750286,2.8636112215841547,3.3881468969601287,0.05325798983933135,119.mat,bilya,1,29.533333333333335,29.515707878235233,2.9492990368846863,7
0.14039543547202193,1.6695048210389208e-05,0.0003594421229099893,0.0025602123153003705,0.3156802189409538,1.0588191833638618,0.11310082136909254,13.013221715221977,2.8591468964238924,3.4695055450938983,0.05649716011133859,119.mat,bilya,1,29.533333333333335,29.515707878235233,2.9492990368846863,8
0.13809082516052268,1.6517678134479836e-05,0.0004125470841374171,0.0029875053875220692,0.3143523968238628,1.1019580105402464,0.11888477546740442,11.618634716298427,2.9479134030131187,3.486045520541062,0.05261880037894522,119.mat,bilya,1,29.533333333333335,29.515707878235233,2.9492990368846863,9
0.13898747424022292,1.7031224356826025e-05,0.00037598102663744773,0.0027051432417924594,2.2763357047408443,0.7936595180207892,0.07730202890064586,16.41562238893659,3.1715779689398556,4.7734077105446895,0.05339288774370264,119.mat,bilya,1,29.533333333333335,29.515707878235233,2.9492990368846863,10
0.1396492839695882,1.7357203563730447e-05,0.00039021708528569755,0.002794264848274352,0.3910549131091605,0.9735299283071024,0.06747080752561245,12.224610886588806,2.922269557109799,3.534679452997021,0.05439793891749695,119.mat,bilya,1,29.533333333333335,29.515707878235233,2.9492990368846863,11
0.14273623365500313,1.7372144345524878e-05,0.0003844214101595439,0.0026932293245596375,1.61407812865923,1.1967195039871035,0.08995363575542241,13.995803081705235,2.9128691814858074,3.6241243824619405,0.054404439593637735,119.mat,bilya,1,29.533333333333335,29.515707878235233,2.9492990368846863,12
0.13998345162553122,1.76854170099097e-05,0.00035964708299464587,0.0025692114233199946,1.2713121906646636,0.9103361489383146,0.09473751604408244,17.43872247284861,3.051511842179013,3.660513630582623,0.05400705517818304,119.mat,bilya,1,29.533333333333335,29.515707878235233,2.9492990368846863,13
0.13485048984184544,1.7985219426235538e-05,0.00033408428243513264,0.002477442112553495,0.753244219238761,1.1973159776843507,0.07808556703229602,15.319313743600325,2.9690373549821465,3.460264974437961,0.05317337890575525,119.mat,bilya,1,29.533333333333335,29.515707878235233,2.9492990368846863,14
0.13959304122713126,1.8016628470186796e-05,0.0003629258351354517,0.0025998848649076757,1.7890059374033778,1.1639341910855123,0.0974430989716249,13.153357367270903,2.982930223406921,3.708016228395847,0.05640956138733318,119.mat,bilya,1,29.533333333333335,29.515707878235233,2.9492990368846863,15
0.1381872116045885,1.767827198146206e-05,0.000390449771814516,0.0028255130650507,1.057011427505111,0.7855909612275953,0.06576537582382024,13.257685439361921,2.959948058269277,3.9879334441944367,0.05455929435080894,119.mat,bilya,1,29.533333333333335,29.515707878235233,2.9492990368846863,16
0.1434365427398729,1.7663137069957923e-05,0.0003713378359708984,0.0025888649354979467,1.7218713928719926,1.0352333500064237,0.12997318950964412,11.200237320443692,2.84402229205069,3.379342599519049,0.049610061274110065,119.mat,bilya,1,29.533333333333335,29.515707878235233,2.9492990368846863,17
0.1383361024092968,1.7916321153503072e-05,0.0003371137882985345,0.0024369183634990283,0.9138791509372058,1.0717926678595227,0.11059416075880867,15.09492292965449,2.885886332158319,3.736037644246591,0.052057829129948725,119.mat,bilya,1,29.533333333333335,29.515707878235233,2.9492990368846863,18
0.1387476914561128,1.8513109215507793e-05,0.0003552912958920451,0.0025607005937238704,0.3623442397811623,0.8386149576403591,0.1018101828427503,14.8164967184954,2.943339798793982,3.781206151755843,0.058470430365769176,119.mat,bilya,1,29.533333333333335,29.515707878235233,2.9492990368846863,19
0.1440676743916845,1.8572601440889406e-05,0.0003569647915960733,0.002477757714219057,1.5528095706712317,1.309593730600497,0.10979434488137925,11.594703351470626,3.0490936751059303,3.9289278775914385,0.05348760689174836,119.mat,bilya,1,29.533333333333335,29.515707878235233,2.9492990368846863,20
0.14148341275554463,1.8863979797871535e-05,0.00038027655002933884,0.0026877818581015835,0.7653066172315185,1.122797098735347,0.1322934391285107,16.045358746144043,3.0454474736796264,3.4353747199337583,0.05311529510868571,119.mat,bilya,1,29.533333333333335,29.515707878235233,2.9492990368846863,21
0.13720661009411883,1.8830783657848175e-05,0.0003859806887338888,0.002813134793333256,1.736831387485562,0.7678970523686897,0.09411441328272308,15.49111809459925,2.8653499213709415,3.828145020618122,0.0526947762900816,119.mat,bilya,1,29.533333333333335,29.515707878235233,2.9492990368846863,22
0.13430805915393712,1.9124746793067014e-05,0.00036408400937627106,0.002710812825880132,1.4349902306021647,1.3010828653077064,0.10914164300907035,12.948194680811156,2.9089509337487627,3.476535387038423,0.05600437078965704,119.mat,bilya,1,29.533333333333335,29.515707878235233,2.9492990368846863,23
0.13925075200668577,1.8650579817507635e-05,0.00035486297016251565,0.0025483738151944016,1.0922553472469738,1.1439372358194242,0.0839575699482493,15.559942819634589,2.9326894203543743,3.392211624377624,0.053441302368931215,119.mat,bilya,1,29.533333333333335,29.515707878235233,2.9492990368846863,24
0.1386436654075299,1.87110270386117e-05,0.00035186049814105505,0.002537876484325891,1.921068186183242,0.9761960718991931,0.07560159076990203,15.478299502274176,2.7983944236991416,3.122953347424654,0.053731166600329276,119.mat,bilya,1,29.533333333333335,29.515707878235233,2.9492990368846863,25
0.14211720288843702,1.8866916758935637e-05,0.0003059214496725935,0.002152599709625522,0.9986371562012344,1.4076767882848797,0.1897283863901994,13.492792250897091,2.8353779439936995,3.467122318519842,0.054821495080760084,119.mat,bilya,1,29.533333333333335,29.515707878235233,2.9492990368846863,26
0.14150206270446522,1.841069196667735e-05,0.00033087034083491567,0.002338272209668195,0.9881438474874175,1.0683084545738688,0.10558448137714699,16.051081854418417,2.8357557761408865,3.467836219474457,0.05368294869031302,119.mat,bilya,1,29.533333333333335,29.515707878235233,2.9492990368846863,27
0.13806004495351462,1.8787069883673008e-05,0.00032810666431878015,0.002376550467058579,2.291667293796495,1.083067161757026,0.14234075467082913,13.100908840887776,2.9979463153946417,3.8036846370827786,0.05287055553055448,119.mat,bilya,1,29.533333333333335,29.515707878235233,2.9492990368846863,28
0.1434364377714181,1.561644346257327e-05,0.00011578641033051793,0.000807231496603598,5.403026680075167,3.562559510912135,0.4142967109283206,41.768011706998834,2.67674545766557,3.2509777368547987,0.05383793990026486,120.mat,bilya,2,29.166666666666668,29.11555299064218,2.254501086815483,0
0.14487383094899242,1.5097502561730097e-05,0.000123164868845283,0.0008501526330714418,2.946731937691642,3.303929872186568,0.3416143727472421,36.43635929774433,2.732759357885157,3.1799334977367373,0.05538790464759214,120.mat,bilya,2,29.166666666666668,29.11555299064218,2.254501086815483,1
0.14483179731197826,1.4982482150043984e-05,0.00014604053441255013,0.0010083457992098228,4.1802392414615435,2.0845335427992664,0.21604177118816908,33.7666003565524,2.7235057714763276,3.417040920077662,0.05176625028168991,120.mat,bilya,2,29.166666666666668,29.11555299064218,2.254501086815483,2
0.1486849062433992,1.53374458921188e-05,0.00013427617011918308,0.000903092139685437,3.30402270855844,3.726894599957299,0.42620630817466343,40.429620461585785,2.7400464181870903,3.2764281102850235,0.05779458028434027,120.mat,bilya,2,29.166666666666668,29.11555299064218,2.254501086815483,3
0.14605028218524374,1.5514651731256843e-05,0.00012740343236707614,0.0008723258213538466,1.4813507255388314,3.4034027638298485,0.3367400485956971,47.11773418671486,2.660501050943182,3.06013783049648,0.055860837082976324,120.mat,bilya,2,29.166666666666668,29.11555299064218,2.254501086815483,4
0.14642079001667327,1.5127757229209187e-05,0.00012750488827518723,0.0008708113667450991,6.490721660286198,2.3312302059048964,0.28913953928862657,43.48832434421553,3.0680642703856833,3.9048135142451628,0.05571089424053748,120.mat,bilya,2,29.166666666666668,29.11555299064218,2.254501086815483,5
0.14590724102985944,1.4879755504845013e-05,0.00012155255104596914,0.000833081005350932,2.0222952823454903,3.7244932219541202,0.2699492682475033,39.910115074561965,2.7086661506981615,3.2332158764224497,0.05624320933188171,120.mat,bilya,2,29.166666666666668,29.11555299064218,2.254501086815483,6
0.14892818825002502,1.4665722399626991e-05,0.00012126422799085872,0.0008142463116952884,3.6050797711835516,2.8114305522151852,0.30976653920576097,45.112980452880706,2.7703443931179863,3.1342954753764016,0.053475348847002134,120.mat,bilya,2,29.166666666666668,29.11555299064218,2.254501086815483,7
0.14779421426371778,1.473585011556749e-05,0.00011356086669436526,0.0007683715310462942,2.0273617204818026,3.622589402000489,0.4662543157919073,50.41818215559934,2.832606911001651,3.703970318856965,0.05475956667885303,120.mat,bilya,2,29.166666666666668,29.11555299064218,2.254501086815483,8
0.15097002710702923,1.4992330610602486e-05,0.00012339849501297596,0.000817370821061561,1.9755511796505294,4.082703726874685,0.3447711004917458,46.079297958610034,2.8211217204381605,3.45325845907943,0.05328037951514237,120.mat,bilya,2,29.166666666666668,29.11555299064218,2.254501086815483,9
0.14952076948737938,1.4582605355952501e-05,0.00011157383908494437,0.0007462096367395687,6.621815653628678,2.8956149038298324,0.3970844053903237,44.147539118388394,2.787207467207927,3.503835117897216,0.05563297187926941,120.mat,bilya,2,29.166666666666668,29.11555299064218,2.254501086815483,10
0.15341476335838725,1.4771594767258887e-05,0.00014251058502429972,0.0009289235397147303,1.460197498278728,2.9450382972927556,0.2860564308873605,31.303231931263397,2.8665416676363114,3.430104235495214,0.05361314341578691,120.mat,bilya,2,29.166666666666668,29.11555299064218,2.254501086815483,11
0.145122886384946,1.5048051015425053e-05,0.00013656862764604015,0.0009410550675159789,4.750324818817921,3.234764701490056,0.48219321355585,37.209481975135084,2.843923687924918,3.7501590477223123,0.057472922071506324,120.mat,bilya,2,29.166666666666668,29.11555299064218,2.254501086815483,12
0.15082619798814148,1.523378259484689e-05,0.00015216286412477316,0.0010088622941733763,2.8361262401166853,2.023334815390898,0.5031151378256395,34.762668602285224,2.995752396196548,3.54719438462202,0.0570380297322414,120.mat,bilya,2,29.166666666666668,29.11555299064218,2.254501086815483,13
0.14773195216249826,1.4998820205601216e-05,0.00010016620555169839,0.0006780266833598882,2.051951819397364,4.809037035536711,0.5807388577738903,55.469141916030935,2.798672963760395,4.0605019184972395,0.0546811653282534,120.mat,bilya,2,29.166666666666668,29.11555299064218,2.254501086815483,14
0.1476359645566488,1.5111707515629718e-05,5.905434370814918e-05,0.00039999971473813673,14.87759276622075,7.104692834136069,0.8939261372137183,90.90198283003546,2.846474631371358,3.61984904166483,0.05314434000114212,120.mat,bilya,2,29.166666666666668,29.11555299064218,2.254501086815483,15
0.14614941096283085,1.555307426927791e-05,7.781250047479727e-05,0.0005324174757984783,4.107618356183021,4.0002138934952045,0.7076734113728915,74.62259890218851,2.9265496303962975,3.4123496267664146,0.05580712738332283,120.mat,bilya,2,29.166666666666668,29.11555299064218,2.254501086815483,16
0.14599176294690872,1.5729299049091657e-05,7.480335021287896e-05,0.0005123806213612854,7.781207664609675,5.725899358030478,0.7320149485038753,72.26968626622279,2.83533517611187,3.7489129948154702,0.0556483888429938,120.mat,bilya,2,29.166666666666668,29.11555299064218,2.254501086815483,17
0.14609816277232396,1.583138080179929e-05,0.00011265596977032356,0.000771097785432887,2.5511686119158234,3.660017920953504,0.5662961139146788,50.80827757682217,2.754510813166497,3.4608473530329884,0.053459003019619665,120.mat,bilya,2,29.166666666666668,29.11555299064218,2.254501086815483,18
0.1465286277960537,1.5872978217113025e-05,0.00013439799768863594,0.0009172132415979557,1.1650792997785524,2.821990778080936,0.32138776595715063,40.41279981223274,2.8441754509911066,3.5037672201518206,0.05215711259721843,120.mat,bilya,2,29.166666666666668,29.11555299064218,2.254501086815483,19
0.1552690080022124,1.6293997331534762e-05,0.00013595868642032592,0.0008756331232406214,6.247481869818201,3.765401314581728,0.5697458600590828,35.83186803640124,2.9707389478073964,3.420983977008673,0.05634229795784822,120.mat,bilya,2,29.166666666666668,29.11555299064218,2.254501086815483,20
0.1467664961139466,1.6781040915435662e-05,0.00013042646712563375,0.0008886664911825963,1.6953523979301417,2.8275517189078556,0.29646849363301253,41.80970480771275,2.7825546022203396,3.838625540654721,0.05834793036046555,120.mat,bilya,2,29.166666666666668,29.11555299064218,2.254501086815483,21
0.14529297598533955,1.677402177257841e-05,0.00012266366585204065,0.0008442504878114238,6.735188932855523,2.7932787252271263,0.495477550375688,39.519347736107186,2.8467211714998486,3.5783342045675464,0.0549968011183773,120.mat,bilya,2,29.166666666666668,29.11555299064218,2.254501086815483,22
0.1429368867436324,1.6617330076419014e-05,0.00017727077057668863,0.0012402031037194502,2.9548028114325335,2.501813301767512,0.1772929399674087,27.63257198559073,2.8314845147727894,3.458885251758465,0.05304076229391846,120.mat,bilya,2,29.166666666666668,29.11555299064218,2.254501086815483,23
0.14573121153937701,1.6718877060920504e-05,0.00012172913024335187,0.0008352989655179323,2.2043071300056414,2.516587123107925,0.4035904630381258,41.417781449183266,2.8235484205987023,3.6239422766348217,0.051291789214876225,120.mat,bilya,2,29.166666666666668,29.11555299064218,2.254501086815483,24
0.14437564139621928,1.7834411715328743e-05,0.00016728922329373367,0.00115870808728373,5.0545934556518874,2.6883106453281753,0.3234775257057365,33.21949674356753,2.8485594242795225,3.7757688087716783,0.060261400981172976,120.mat,bilya,2,29.166666666666668,29.11555299064218,2.254501086815483,25
0.1475851415061027,1.7786986139640807e-05,0.00016812795490919155,0.0011391929647680706,2.750193991340392,2.8891804427022167,0.39684438110286296,34.421996192402666,3.0110806080988266,3.788664685044448,0.05496350725440318,120.mat,bilya,2,29.166666666666668,29.11555299064218,2.254501086815483,26
0.14419271165344974,1.7813335659240966e-05,0.00011480451114415601,0.0007961880307742529,5.826212950798714,2.433824763015441,0.341115764817715,47.36243428010889,2.7768000130337342,3.385453618456,0.056576742497135124,120.mat,bilya,2,29.166666666666668,29.11555299064218,2.254501086815483,27
0.14711022345819483,1.8072301094895164e-05,0.0001553823939935036,0.001056231105764062,2.8459716774893544,2.6978143189527932,0.2814612218564327,33.66234294904666,2.8626955966789045,3.53166214316388,0.05495191376901191,120.mat,bilya,2,29.166666666666668,29.11555299064218,2.254501086815483,28
0.15386111600422808,1.7546628266186276e-05,2.9870787780143097e-05,0.0001941412395522213,10.861740805196844,10.31564313065774,1.9647622154102713,151.12132260018967,2.855675920880998,4.034312855864712,0.06501777616562007,121.mat,bilya,3,28.833333333333332,28.71479358717527,1.578836651373603,0
0.15552041805154682,1.7728485896086645e-05,8.926567227658468e-05,0.0005739804033089973,3.1423606862275237,4.137996398660781,0.7545279930659794,41.042512239717695,2.7297032053166523,3.2170069933411285,0.0629506818802317,121.mat,bilya,3,28.833333333333332,28.71479358717527,1.578836651373603,1
0.15424822166309374,1.7988773822613915e-05,4.607659773532163e-05,0.00029871720554200366,15.086050005118407,6.368904682854099,0.9097274947891388,82.94389754496962,2.9170248981651854,3.976844794960257,0.06490084642321733,121.mat,bilya,3,28.833333333333332,28.71479358717527,1.578836651373603,2
0.15522636488107927,1.8507027611932046e-05,3.0882609776325516e-05,0.0001989520903861022,7.803385151438645,8.982607276795779,1.3611859240240372,155.8299929921375,2.8939681276013833,3.809414296361283,0.06923087079461421,121.mat,bilya,3,28.833333333333332,28.71479358717527,1.578836651373603,3
0.1520647798025082,1.7752246974759917e-05,4.511191512134567e-05,0.00029666248278948883,13.603701083767188,8.048916065198,1.0230681973133315,82.22890204573201,2.7758204067841112,3.3659161451931494,0.06221687998874617,121.mat,bilya,3,28.833333333333332,28.71479358717527,1.578836651373603,4
0.15758067165828724,1.795897108755754e-05,4.148464517666627e-05,0.000263259730649976,9.981454732778962,6.615123947418574,1.6655538109846129,99.15395198058603,2.8037587172543375,3.456668842735597,0.06492689106837451,121.mat,bilya,3,28.833333333333332,28.71479358717527,1.578836651373603,5
0.15508366289306783,1.8188611673137775e-05,3.6574025814992294e-05,0.0002358341628800367,3.993121133675206,8.12830021515627,0.8782284801095828,129.73998156131532,2.7153380918627708,3.2132697146332747,0.061874229112104676,121.mat,bilya,3,28.833333333333332,28.71479358717527,1.578836651373603,6
0.1520271984401286,1.7485310338663272e-05,7.845346268128798e-05,0.0005160488615572858,10.90480619862798,5.168710846124797,0.489626682053067,46.172311792415975,2.867776630192416,3.4196680652773024,0.05905855724303385,121.mat,bilya,3,28.833333333333332,28.71479358717527,1.578836651373603,7
0.15390190673003393,1.8490621043668753e-05,2.3332319386884527e-05,0.00015160513526100207,24.547730971381153,12.134067021577936,2.5319840023481355,204.55042477256907,2.8202578301179435,3.8342423111693886,0.06591954924984632,121.mat,bilya,3,28.833333333333332,28.71479358717527,1.578836651373603,8
0.15397831163898734,1.8496896830702872e-05,3.281659816197841e-05,0.0002131248083737016,25.958896622321415,11.368724880993632,1.4552167172680723,144.10579899879147,2.876299701954404,3.519998824478801,0.06035221689032153,121.mat,bilya,3,28.833333333333332,28.71479358717527,1.578836651373603,9
0.15570897726276808,1.8025048481675537e-05,8.891304912704605e-05,0.0005710206995735963,7.048501375999688,3.761348317491851,0.621754326075293,40.43057104976672,3.0044434519099603,3.3649512014332257,0.06295773113161698,121.mat,bilya,3,28.833333333333332,28.71479358717527,1.578836651373603,10
0.15519127326118695,1.831123811614818e-05,9.703980370385007e-05,0.0006252916266748245,2.2543886738663477,3.523614072894362,0.5409210537450898,45.68681656631667,2.767340996971634,3.1682809291299847,0.06370073770943825,121.mat,bilya,3,28.833333333333332,28.71479358717527,1.578836651373603,11
0.15581941722904785,1.870173720871985e-05,7.767232311570289e-05,0.0004984765345453027,10.858677125972191,5.238171379651489,0.42439500125107327,46.30522620376759,3.007876458543617,4.042092546328534,0.06686118224011146,121.mat,bilya,3,28.833333333333332,28.71479358717527,1.578836651373603,12
0.159150010615194,1.843546203508393e-05,2.6333093943855055e-05,0.0001654608368664198,17.5090165177282,10.768639472319341,1.5752340227018335,160.26185735560023,2.7583412983706683,3.6379249192808665,0.0672397332880858,121.mat,bilya,3,28.833333333333332,28.71479358717527,1.578836651373603,13
0.15625991412461235,1.828585084270676e-05,4.0978638786191585e-05,0.0002622466485758476,21.818206888527364,8.1462232488012,0.9838470549998629,118.42692447503794,2.8640801937250426,3.3930327437607803,0.06082427069565828,121.mat,bilya,3,28.833333333333332,28.71479358717527,1.578836651373603,14
0.1615226148772294,1.8386529654646364e-05,4.178511146340295e-05,0.0002586951152004591,14.122925853724578,9.153497222994462,1.508188781896362,88.08794016508938,2.8076637855164246,3.5735890900533125,0.06222861889697149,121.mat,bilya,3,28.833333333333332,28.71479358717527,1.578836651373603,15
0.1551498314256588,1.7861983990377573e-05,4.992144045026976e-05,0.00032176277596452453,5.936368418030716,3.8957182313552225,1.0673447452332243,91.5839616414518,2.789699687478359,3.5603704641374256,0.061718115048927304,121.mat,bilya,3,28.833333333333332,28.71479358717527,1.578836651373603,16
0.15655091112658853,1.7780426430368768e-05,4.2604484082610864e-05,0.000272144593574983,15.837378037739892,8.324859244464996,1.589296019037197,112.86657365890517,3.0067758848954713,3.7415910320312076,0.05907079518801325,121.mat,bilya,3,28.833333333333332,28.71479358717527,1.578836651373603,17
0.15113431313218856,1.7657265896881723e-05,2.5171045626359204e-05,0.00016654752388477775,20.775470340558574,15.198458327635766,2.632681914107023,151.25385185805516,3.437757088378592,4.798161031371135,0.06529176742494736,121.mat,bilya,3,28.833333333333332,28.71479358717527,1.578836651373603,18
0.151696925759467,1.7502042042883345e-05,7.846670421146638e-05,0.0005172596861677154,7.160663393160405,3.3650900840839513,0.4386263290885369,58.06428529657792,2.921520656332485,4.072411375348921,0.05924716398623726,121.mat,bilya,3,28.833333333333332,28.71479358717527,1.578836651373603,19
0.15175677716858232,1.7764499301661937e-05,9.482527107520356e-05,0.0006248503219677628,6.214960154979647,3.5861723336348543,0.6649139348889505,42.055390380128024,3.017502601619908,3.670186692346119,0.06277649216537833,121.mat,bilya,3,28.833333333333332,28.71479358717527,1.578836651373603,20
0.1523855082870226,1.7170771816870316e-05,2.978940597400281e-05,0.00019548713200272363,9.153704014753465,9.530480334458455,1.1226792882423557,116.24339082716315,3.0345457714346695,3.6238007608113363,0.06497522832845228,121.mat,bilya,3,28.833333333333332,28.71479358717527,1.578836651373603,21
0.14812545232233199,1.7884155202344317e-05,1.7903024323996987e-05,0.00012086393015643126,32.525929109427985,17.63079998527299,2.595191747132598,272.63079535008404,2.9934642095687245,3.9499100730843657,0.06579328787984393,121.mat,bilya,3,28.833333333333332,28.71479358717527,1.578836651373603,22
0.14932227926508604,1.7635272325754818e-05,5.656498219092723e-05,0.0003788114035557333,12.252683862411093,6.768375137874409,0.47001820696559315,66.32608853310938,2.808513605271136,3.952629846107269,0.0660466521024224,121.mat,bilya,3,28.833333333333332,28.71479358717527,1.578836651373603,23
0.1479308503477409,1.6944388387361628e-05,2.920209409229464e-05,0.0001974036789719785,23.851472513226586,7.458377368954659,2.487555690660172,137.87952732546302,2.938173466462029,3.609746559508088,0.06196771445185907,121.mat,bilya,3,28.833333333333332,28.71479358717527,1.578836651373603,24
0.1533231871894072,1.7449698442270533e-05,2.16585925417469e-05,0.00014126103780278047,41.64259836807279,15.282664500201228,1.204304554958062,208.86957558913838,2.819253944238932,3.4124202993140305,0.06626087633602243,121.mat,bilya,3,28.833333333333332,28.71479358717527,1.578836651373603,25
0.15799530883669,1.721208457359314e-05,7.090915791917174e-05,0.00044880546416740355,3.0725724115688084,5.605472822016124,0.6788020368520905,48.002256909722114,2.916778441711241,3.492482577788008,0.06941967407126709,121.mat,bilya,3,28.833333333333332,28.71479358717527,1.578836651373603,26
0.14257504975776794,1.7447507933265666e-05,3.9725813960402704e-05,0.00027863089669347764,17.493105772139568,6.448486792948737,1.3343263527729554,124.01559753726147,2.856819962673063,3.77666985424205,0.0649052150047907,121.mat,bilya,3,28.833333333333332,28.71479358717527,1.578836651373603,27
0.149829574469902,1.7423795799812938e-05,4.8100407755418e-05,0.00032103413445093545,13.672773507556592,7.296925846272875,1.414089773329268,88.7858349252969,2.793518873183066,3.239767833133346,0.06658147640381396,121.mat,bilya,3,28.833333333333332,28.71479358717527,1.578836651373603,28
0.6791836846142119,2.5307099111587634e-05,0.0012283109078221914,0.0018085106218623094,0.6119094687806997,0.24491884285777474,0.37487685433082013,4.343044675565389,7.702574917724203,5.172927930871276,0.09576833211957334,130.mat,dis_bilezik,0,29.95,29.93360068452934,2.489391992711595,0
0.6775590997710941,2.5631851154180478e-05,0.0011319640729565699,0.0016706499452775721,0.6434721343337545,0.30666859408714625,0.4051934736111621,4.300473372609675,7.624517363756862,5.10425140290831,0.09999378064268113,130.mat,dis_bilezik,0,29.95,29.93360068452934,2.489391992711595,1
0.6738416589863772,2.433135815947789e-05,0.0009290686998020397,0.0013787641167781282,0.7773252794125299,0.2776342533046326,0.4855685238412916,6.794698302599208,7.399422413988466,4.713966117130996,0.0901002538768146,130.mat,dis_bilezik,0,29.95,29.93360068452934,2.489391992711595,2
0.6616874714120629,2.3774924685701178e-05,0.0008040480961554602,0.0012151478317072861,0.7314168355605375,0.30955775171741695,0.7039239891609774,5.938961481821728,7.407701463128354,4.847528124907808,0.0931775651397329,130.mat,dis_bilezik,0,29.95,29.93360068452934,2.489391992711595,3
0.6398487511542612,2.3662304797346042e-05,0.0008449523402841478,0.0013205501124423037,0.4782542395264231,0.3686604124221163,0.6066184736266623,4.586183592758567,7.504343976606077,5.214906602387479,0.09979045467403737,130.mat,dis_bilezik,0,29.95,29.93360068452934,2.489391992711595,4
0.6407957786473013,2.3616180673593232e-05,0.0010067883321097336,0.0015711531905429517,0.33740223135763847,0.29629265332381977,0.4478057569950467,5.235358490759972,7.50211398701644,4.733649083302194,0.09796145107991676,130.mat,dis_bilezik,0,29.95,29.93360068452934,2.489391992711595,5
0.6512702357538765,2.3536866481066245e-05,0.0011856471090273624,0.0018205148092682272,0.2603780645734663,0.2023699942816178,0.3375297782676053,4.746909114987071,7.854681645933326,5.069616166450202,0.08751870950348994,130.mat,dis_bilezik,0,29.95,29.93360068452934,2.489391992711595,6
0.673629834808455,2.344296400966958e-05,0.0012043536817940787,0.0017878568014059917,0.4107847319422933,0.360274905041422,0.3816339142718738,3.938058545595811,7.734896072581353,4.914639276489785,0.08943068084967891,130.mat,dis_bilezik,0,29.95,29.93360068452934,2.489391992711595,7
0.6940374417646922,2.3937193588203327e-05,0.0012902634472140532,0.0018590689342804182,0.43877635362510276,0.27303274085152307,0.37083104237890885,4.319190071006689,7.653742807121391,4.8977842865986805,0.09078312899617277,130.mat,dis_bilezik,0,29.95,29.93360068452934,2.489391992711595,8
0.6952693311921198,2.2495369053864194e-05,0.0012673512299601266,0.00182282055758922,0.574020038423383,0.18741939682356037,0.3927706604202117,4.356203917754605,7.50485249968648,4.691360777461961,0.08303104561442173,130.mat,dis_bilezik,0,29.95,29.93360068452934,2.489391992711595,9
0.6967935129378896,2.320431943411512e-05,0.001164143179989681,0.0016707147216104739,0.5999173232495413,0.29680838436051915,0.5025157947634071,4.77626834769671,7.573221785410227,4.769363216983769,0.0828754884555086,130.mat,dis_bilezik,0,29.95,29.93360068452934,2.489391992711595,10
0.6921075998683297,2.3676372741996636e-05,0.0010257243417371295,0.0014820301668855924,0.5243946810787189,0.29111788431634955,0.5408575414432403,6.69741142403937,7.457623085469613,4.9691566701077985,0.08762843253874603,130.mat,dis_bilezik,0,29.95,29.93360068452934,2.489391992711595,11
0.6641241219068968,2.3648986020395413e-05,0.0009343736949287214,0.0014069263020359073,0.5130399267569777,0.24392213080015399,0.6566887498416052,5.49696505813944,7.686935385061192,4.9336728735041735,0.09425989648075188,130.mat,dis_bilezik,0,29.95,29.93360068452934,2.489391992711595,12
0.6607026683100765,2.3551921048740483e-05,0.0008460994025071404,0.0012806053964788502,0.5395109276211876,0.3538482574928864,0.6757136925874617,6.021092961529425,7.41646427869319,4.871011094137768,0.0963717619774376,130.mat,dis_bilezik,0,29.95,29.93360068452934,2.489391992711595,13
0.6590607549029905,2.3392322155756603e-05,0.0008851549318860659,0.001343055136115656,0.7079107469509308,0.26834316222219545,0.5154492314317188,7.233839915491553,7.244809450299471,4.939296027015604,0.0982406744059145,130.mat,dis_bilezik,0,29.95,29.93360068452934,2.489391992711595,14
0.6459178713458336,2.3546175145575175e-05,0.0009480390026620097,0.0014677392354622567,0.8144323148796105,0.17760787939427755,0.5277147041859475,5.849166455311453,7.6356466003019206,5.332536174793519,0.09604252028439395,130.mat,dis_bilezik,0,29.95,29.93360068452934,2.489391992711595,15
0.6450074196517159,2.194937652198247e-05,0.0009937561513889206,0.0015406894883844555,0.8462893114755785,0.2912705083008838,0.5336498024474704,4.48374343270079,7.89938304585787,5.130599612429501,0.08483561926037105,130.mat,dis_bilezik,0,29.95,29.93360068452934,2.489391992711595,16
0.6626051211214894,2.1559901107261452e-05,0.0011099927061931569,0.0016751948797388834,0.60661839572891,0.25121234420593824,0.3803681495820214,5.308488299803116,7.521900674651605,5.0098764291473845,0.08242252737154215,130.mat,dis_bilezik,0,29.95,29.93360068452934,2.489391992711595,17
0.6787106469756963,2.211378082602229e-05,0.001272644948740284,0.0018750920652405509,0.42132918565823385,0.2315373927382505,0.3508273065413772,4.8936608323322055,7.626341566128428,5.051393466554942,0.09348606142347764,130.mat,dis_bilezik,0,29.95,29.93360068452934,2.489391992711595,18
0.6868616269647411,2.2736159388334654e-05,0.0013379215004365938,0.0019478763231350613,0.33601095946646464,0.2719871059088574,0.34111279140740264,4.588845297255376,7.856680710974746,5.074535410211474,0.10173499375376886,130.mat,dis_bilezik,0,29.95,29.93360068452934,2.489391992711595,19
0.6870880162148434,2.257424836717815e-05,0.0012691938699765835,0.0018472071117856261,0.3283291187513447,0.22751357192448762,0.3845142280327373,5.636507320019403,7.9597141976203565,5.256904068216437,0.08295774516879532,130.mat,dis_bilezik,0,29.95,29.93360068452934,2.489391992711595,20
0.6992457628794576,2.193750278794899e-05,0.0011761117645999616,0.0016819719575491064,0.47139780007634813,0.21021482094489785,0.46850539540346536,4.782714420553679,7.518591610581151,4.879707897846277,0.0857174945937274,130.mat,dis_bilezik,0,29.95,29.93360068452934,2.489391992711595,21
0.6842174612469099,2.1442230912132198e-05,0.0009700696498379875,0.0014177797334618241,0.8122358770091508,0.29346386602333396,0.6410621028010174,6.955746708638364,7.44746167842717,4.864277689858913,0.08057014217545284,130.mat,dis_bilezik,0,29.95,29.93360068452934,2.489391992711595,22
0.6674829268959669,2.1964766623022877e-05,0.0009236640351803889,0.0013838017392809904,0.8347044548374115,0.17606730394899262,0.5837683298438303,8.01890742600987,7.5832432507978185,4.799849356891789,0.0830281991054539,130.mat,dis_bilezik,0,29.95,29.93360068452934,2.489391992711595,23
0.6453966074773588,2.156980082383935e-05,0.0008380872869949928,0.0012985616553974452,0.9258637302655739,0.20084203419280572,0.6811197650604124,6.625480631663566,7.665201444264894,4.974972147580732,0.08820590181726849,130.mat,dis_bilezik,0,29.95,29.93360068452934,2.489391992711595,24
0.6398500177863671,2.247849964712124e-05,0.0009281055557780963,0.001450504852664584,0.5055880727982043,0.297164864656866,0.5536288385941063,5.969916344760224,7.932817527299384,5.261150140274621,0.09957724823358621,130.mat,dis_bilezik,0,29.95,29.93360068452934,2.489391992711595,25
0.6491589805065953,2.351389295520935e-05,0.001060969068441527,0.0016343747838348105,0.2817967892652154,0.1992507734465803,0.3954600254219019,6.766238549089805,7.689508121320401,5.178793510297919,0.10113209823226861,130.mat,dis_bilezik,0,29.95,29.93360068452934,2.489391992711595,26
0.662943644875293,2.2027004567422278e-05,0.0011262688892963765,0.0016988908453999,0.1447621898044489,0.21862860897103648,0.42518619220474657,5.900873998494499,7.674413419586543,5.1116061693709565,0.09028206703398854,130.mat,dis_bilezik,0,29.95,29.93360068452934,2.489391992711595,27
0.6628206243929444,2.076164643853117e-05,0.0012811397534481263,0.0019328604245221657,0.22847875225122777,0.2734104680828222,0.3229106419912244,4.546786157707901,7.971227484597216,5.062641887261105,0.08524799076375113,130.mat,dis_bilezik,0,29.95,29.93360068452934,2.489391992711595,28
0.5955002092890613,2.193262409029589e-05,0.0010556925225074841,0.0017727827900615705,0.6532345225462525,0.4352205460427425,0.42487633377369544,5.075845100510449,7.608577294629983,4.810884421019008,0.10733797212699657,131.mat,dis_bilezik,1,29.533333333333335,29.526108287246032,2.006530408946526,0
0.5959677807288952,2.0855988813283982e-05,0.0009301001898681332,0.0015606551561042753,0.441176218671204,0.4765752431085272,0.46210177794200896,5.041155841072483,7.529096913345873,4.951841973594456,0.11564792270572244,131.mat,dis_bilezik,1,29.533333333333335,29.526108287246032,2.006530408946526,1
0.6056994029983714,2.14721378584109e-05,0.0010993858476692924,0.0018150684022887064,0.42830722527557497,0.4706160697951815,0.377072790012922,3.2130081595201028,7.5318159088528205,5.064388361566114,0.08324175117307464,131.mat,dis_bilezik,1,29.533333333333335,29.526108287246032,2.006530408946526,2
0.5853419485189034,2.14636393994573e-05,0.000992348273355427,0.001695330867477857,0.500952878423626,0.429876338156687,0.4002062511532519,5.147257247488575,7.57164208859269,5.061488706686992,0.11189010443002975,131.mat,dis_bilezik,1,29.533333333333335,29.526108287246032,2.006530408946526,3
0.5882110206132234,2.1540193122862558e-05,0.0010071934936326163,0.001712299597142675,0.576738590919461,0.4615053913881513,0.3364345942843586,4.808011432450803,7.706830618684545,5.1134632793640105,0.10761506401469315,131.mat,dis_bilezik,1,29.533333333333335,29.526108287246032,2.006530408946526,4
0.5960085778345047,2.1370300456556255e-05,0.0010127282105312164,0.0016991839516959507,0.7952727852157371,0.5201847367356168,0.4538411600409248,3.745618647011645,7.436533840730095,5.020121306511855,0.0816916080295558,131.mat,dis_bilezik,1,29.533333333333335,29.526108287246032,2.006530408946526,5
0.584641207267964,2.097205613896244e-05,0.0009580615215201178,0.001638717062034531,0.873651049745187,0.4694478306141392,0.4150266633669129,5.691704493716088,7.610258619872694,5.151219213248681,0.10154055208668679,131.mat,dis_bilezik,1,29.533333333333335,29.526108287246032,2.006530408946526,6
0.5905048316737594,2.1238921437249576e-05,0.0010631908925775263,0.001800477888660384,0.7001789366970221,0.45222127157495545,0.34657418360691217,4.579204344442637,7.556686656188084,4.960745966625998,0.08305086608696177,131.mat,dis_bilezik,1,29.533333333333335,29.526108287246032,2.006530408946526,7
0.5819597937289033,2.0798512339954322e-05,0.0010018201858609378,0.0017214594490111775,0.4920652787624007,0.5554678079045767,0.4089076605827821,4.301808233538603,7.64590559548157,5.001157830696704,0.09820456163819398,131.mat,dis_bilezik,1,29.533333333333335,29.526108287246032,2.006530408946526,8
0.5919539209053748,2.0746067291738358e-05,0.0010098194706135441,0.0017059089144427853,0.4247456042967557,0.43952839916224057,0.3381828519119694,5.286925581272635,7.497798603969201,5.22406452487766,0.10677039107885072,131.mat,dis_bilezik,1,29.533333333333335,29.526108287246032,2.006530408946526,9
0.5947833328900057,2.173864699770919e-05,0.0011687633921080296,0.001965023778368393,0.3693999278612046,0.43328469494168964,0.2936472611150918,3.8168154392873666,7.608550023598591,4.85211579914502,0.08232013523810024,131.mat,dis_bilezik,1,29.533333333333335,29.526108287246032,2.006530408946526,10
0.5834693958027861,2.1479108280363624e-05,0.000930556031585015,0.0015948669086629354,0.3534758576429968,0.5056684930574282,0.32494730855980614,4.5069527125093005,7.5523094293383455,5.243452374044539,0.10708817714074542,131.mat,dis_bilezik,1,29.533333333333335,29.526108287246032,2.006530408946526,11
0.5971338242256559,2.0695806523177024e-05,0.0010517509917255263,0.0017613321320185508,0.6178993664137895,0.43585184585685766,0.3205079791234251,5.198185214120374,7.6373336424448635,4.802386796822238,0.09857783766544458,131.mat,dis_bilezik,1,29.533333333333335,29.526108287246032,2.006530408946526,12
0.5988193985856349,2.0756709521767754e-05,0.0010607844238496595,0.0017714596860979768,0.7030922922364918,0.4918256068912112,0.3290893395404741,3.5259583637081358,7.2581277664916595,4.9086862539553655,0.08395246817338814,131.mat,dis_bilezik,1,29.533333333333335,29.526108287246032,2.006530408946526,13
0.5829669689268734,2.0067317884304887e-05,0.0009779876971763562,0.0016776039626652606,0.5536387261796758,0.5322880893412982,0.36847037873746785,4.330202572708735,7.3877506819413385,5.064863483822434,0.089558873864427,131.mat,dis_bilezik,1,29.533333333333335,29.526108287246032,2.006530408946526,14
0.5974273885184944,2.092897933305268e-05,0.0011168357226617497,0.001869408306554909,0.607376494939008,0.4222536746295714,0.3267324522834346,5.147262705695325,7.5903476640380765,5.149301885066555,0.0810619497646817,131.mat,dis_bilezik,1,29.533333333333335,29.526108287246032,2.006530408946526,15
0.5981492133525667,2.1430857850564293e-05,0.000995270242779239,0.001663916328166988,0.6222220816104715,0.5213517577486866,0.32498525449125093,3.3815866086660074,7.4831995309952255,4.943528617014266,0.1005519808009011,131.mat,dis_bilezik,1,29.533333333333335,29.526108287246032,2.006530408946526,16
0.5925841912421114,2.0169137065125813e-05,0.0009491558555605322,0.0016017232143324847,0.3267521723033898,0.5751727414312606,0.35325154926848384,4.12737135203553,7.285820219900598,4.841930207825762,0.09516119003739916,131.mat,dis_bilezik,1,29.533333333333335,29.526108287246032,2.006530408946526,17
0.5969789465698044,2.0493322005899658e-05,0.001089886155199028,0.0018256693329967587,0.39431129658378944,0.3924147697991323,0.3280361856103357,4.8703430230062414,7.633454889038351,4.842070810157218,0.07541422582401341,131.mat,dis_bilezik,1,29.533333333333335,29.526108287246032,2.006530408946526,18
0.5871678618032541,2.0158511910931368e-05,0.0008825391087710885,0.0015030439609879454,0.49808654979537764,0.590485258695408,0.36415791023227523,3.7729367579756388,7.476180301332784,4.9963739407132755,0.0960985863397009,131.mat,dis_bilezik,1,29.533333333333335,29.526108287246032,2.006530408946526,19
0.5978155396790739,1.961718073406501e-05,0.000994355436287809,0.0016633148024555314,0.5854004936672182,0.4788473980251543,0.3740013889469564,4.1562161484486575,7.516304571343357,4.908672068761907,0.08649179534213194,131.mat,dis_bilezik,1,29.533333333333335,29.526108287246032,2.006530408946526,20
0.599530662046319,2.006074278259969e-05,0.0010607333501130736,0.0017692728950522859,0.7228743673528173,0.41684742394670493,0.3271253448089305,4.470402858917275,7.595978478838777,5.016653046257314,0.08804951999945872,131.mat,dis_bilezik,1,29.533333333333335,29.526108287246032,2.006530408946526,21
0.5827029903893052,2.0252138800341296e-05,0.0009914623755413617,0.0017014883944173034,0.7909877881105158,0.516250743908685,0.38252347475291093,2.8222778022219783,7.591255053834772,5.074065263883783,0.08952445407814921,131.mat,dis_bilezik,1,29.533333333333335,29.526108287246032,2.006530408946526,22
0.606346443942884,2.0919175675138496e-05,0.0011171943477946535,0.0018425016901691394,0.6306637959796745,0.42918474459134826,0.34656371314238865,4.546572696402518,7.418501082657017,5.12539974938849,0.0780683634171849,131.mat,dis_bilezik,1,29.533333333333335,29.526108287246032,2.006530408946526,23
0.585560248493121,2.084850070201231e-05,0.0010455960060754808,0.0017856335172416994,0.4689454583832239,0.43311132892065857,0.38860635005256117,4.00061087401229,7.966763394298075,5.039436326731598,0.10064816807281067,131.mat,dis_bilezik,1,29.533333333333335,29.526108287246032,2.006530408946526,24
0.5871345020998968,1.9452283337619303e-05,0.0009856511770238564,0.0016787485209896183,0.480526935029281,0.5301097559878037,0.38061872415011627,2.7130763626658148,7.683261709508852,5.2697113235261055,0.08737662410846804,131.mat,dis_bilezik,1,29.533333333333335,29.526108287246032,2.006530408946526,25
0.5973736303707251,2.0170645945911067e-05,0.0010853556721155684,0.001816879113730194,0.3716143470169459,0.41712043122271725,0.4014119088854321,4.980748739001914,7.7268656283874755,5.1729177551154795,0.07399458549161218,131.mat,dis_bilezik,1,29.533333333333335,29.526108287246032,2.006530408946526,26
0.5878648868504643,1.974717112148169e-05,0.0009479474558535404,0.0016125260702857017,0.4081961611731124,0.5233220783091193,0.47517154290360764,4.55955125440908,7.813561871607813,5.045841215542935,0.09445093567346434,131.mat,dis_bilezik,1,29.533333333333335,29.526108287246032,2.006530408946526,27
0.5933101570490839,1.9396506362525754e-05,0.0009978346763182633,0.0016818095299083711,0.7582362130253261,0.5409208783664757,0.4263462718768521,2.67332378943225,7.7747715473826124,5.114528616299503,0.0790688583446648,131.mat,dis_bilezik,1,29.533333333333335,29.526108287246032,2.006530408946526,28
0.5637362633058769,1.988106575216372e-05,0.000759609401264663,0.0013474552742248553,1.0822298072772054,0.5445922664017129,0.394473271785162,6.877588248155514,7.7163437248302955,4.840536315500563,0.08999666242147036,132.mat,dis_bilezik,2,29.166666666666668,29.1488200729107,2.6102864740158607,0
0.5583893013725806,2.0242282927466097e-05,0.0006841848998276683,0.00122528296682018,1.3438912042117548,0.6611186983193162,0.5094630799056611,4.885158482342113,7.949920369460298,4.922409152840721,0.1022742872459735,132.mat,dis_bilezik,2,29.166666666666668,29.1488200729107,2.6102864740158607,1
0.5578192074487138,1.9580494722834638e-05,0.00069116494033052,0.0012390482993413722,1.1123024187223076,0.465409485736881,0.510749952782255,6.922002231397937,8.016021721053953,5.242413292147877,0.09870825809811443,132.mat,dis_bilezik,2,29.166666666666668,29.1488200729107,2.6102864740158607,2
0.5702034249896116,2.049795176355322e-05,0.0006858036582361544,0.0012027350734475967,1.0311639399217931,0.5568926821283885,0.5530471884319221,6.329868055452033,7.891863668236024,4.993737253315944,0.10648115769859885,132.mat,dis_bilezik,2,29.166666666666668,29.1488200729107,2.6102864740158607,3
0.5599135842289971,1.932301080484753e-05,0.0006656979062758672,0.0011889297295605832,1.0584230596148985,0.5990468006430245,0.4720400803256311,5.264259176507312,7.75406143888819,5.324294205509888,0.09852491276914253,132.mat,dis_bilezik,2,29.166666666666668,29.1488200729107,2.6102864740158607,4
0.5690933393686406,2.001886534347318e-05,0.0006825814860581443,0.0011994192144547141,1.1613514632084851,0.47929702909901495,0.7637855948503525,7.3127017121105515,7.696734567765804,4.686001076337388,0.09666321987806027,132.mat,dis_bilezik,2,29.166666666666668,29.1488200729107,2.6102864740158607,5
0.5601095159889076,1.980599760371833e-05,0.0007321093965643409,0.00130708258950118,0.9189156537395877,0.5680357231763745,0.35198093255628515,6.194323071449442,7.914770786506711,5.016130914838524,0.08871386650654046,132.mat,dis_bilezik,2,29.166666666666668,29.1488200729107,2.6102864740158607,6
0.5682988714559307,1.907927971120147e-05,0.0007892626031486442,0.0013888160663160134,0.9442768602281577,0.5276459480061065,0.5540382324712698,5.551870875263626,7.878624027893014,5.429885195239579,0.0848176277095988,132.mat,dis_bilezik,2,29.166666666666668,29.1488200729107,2.6102864740158607,7
0.5692336486843378,2.0574773850282868e-05,0.0007662196722212557,0.0013460547773148392,1.0446934329187951,0.4692312534886721,0.4858971170086655,7.18600513511689,7.730757791699601,4.840091069763057,0.10238671247436687,132.mat,dis_bilezik,2,29.166666666666668,29.1488200729107,2.6102864740158607,8
0.576591960323732,1.9538435639214537e-05,0.0007172462166236276,0.0012439407171402118,0.7121361147230482,0.63425387658709,0.5495037722708893,5.926470292223567,7.696058306638566,4.812448512891389,0.09777501109016234,132.mat,dis_bilezik,2,29.166666666666668,29.1488200729107,2.6102864740158607,9
0.5725715092681405,1.984578714600659e-05,0.0006818507028465027,0.0011908568481111674,1.1957177986606364,0.4757298125353144,0.6210355326384563,5.707996137278137,7.798977114526194,4.98853648212864,0.10197048791257729,132.mat,dis_bilezik,2,29.166666666666668,29.1488200729107,2.6102864740158607,10
0.5777410182107537,1.932108732079885e-05,0.000795760675278437,0.001377365723038856,0.2416899943153304,0.48348171508160565,0.43767627021798133,6.476768142939987,7.861403206923848,4.866321957568706,0.10273908736835898,132.mat,dis_bilezik,2,29.166666666666668,29.1488200729107,2.6102864740158607,11
0.5612051277922367,2.0074045945542948e-05,0.0006885037072217246,0.0012268307489082461,0.8144108232905207,0.6242257135695175,0.5866234240980905,5.6628360781512725,8.10751369490626,5.180841051879343,0.09536882861772136,132.mat,dis_bilezik,2,29.166666666666668,29.1488200729107,2.6102864740158607,12
0.5640640867798303,1.8901344467143195e-05,0.0007568481027619258,0.0013417767954016235,0.7608320566520607,0.4541970518833202,0.4904681187312857,6.654554119335332,7.984923582563091,5.30910511119446,0.08607397517940295,132.mat,dis_bilezik,2,29.166666666666668,29.1488200729107,2.6102864740158607,13
0.569993733746968,2.033911567752628e-05,0.0007914246854617925,0.001388479624605371,0.361439065216549,0.4983319287134601,0.5075038314552556,6.854016351068783,7.680469467400382,4.856368715638932,0.08823043111867761,132.mat,dis_bilezik,2,29.166666666666668,29.1488200729107,2.6102864740158607,14
0.5683018967039687,2.0276656549635724e-05,0.0008277935397820623,0.0014566087929349417,0.9143864177178609,0.5714458962191439,0.33469206588493344,4.314789946256868,7.775496222775093,5.288883681871472,0.09894192785956206,132.mat,dis_bilezik,2,29.166666666666668,29.1488200729107,2.6102864740158607,15
0.5751788787032112,2.0252761074145046e-05,0.0007470460951998477,0.001298806550203698,0.39525551510072165,0.4370797813654442,0.6095838299280033,6.9398480107356875,7.805075195387001,5.0680258733542844,0.10054341178155014,132.mat,dis_bilezik,2,29.166666666666668,29.1488200729107,2.6102864740158607,16
0.565590579945404,2.0405150287021023e-05,0.000702852368991603,0.0012426875445100344,0.7970569306762526,0.5938750669550783,0.5608756721240923,6.871939440665964,8.035483472713434,4.9347343048218795,0.10493677054971057,132.mat,dis_bilezik,2,29.166666666666668,29.1488200729107,2.6102864740158607,17
0.5692547899430184,1.9958874244590378e-05,0.0007521243472092364,0.001321243774309219,0.5557633067845057,0.51345364481539,0.5314187441921779,4.379626071225197,7.859732671499968,4.935119046582448,0.10360881308883259,132.mat,dis_bilezik,2,29.166666666666668,29.1488200729107,2.6102864740158607,18
0.5679608580471315,2.045928316707439e-05,0.0006837251081465036,0.0012038243453892413,0.40786013732228243,0.42093231079784116,0.6819667350191841,7.665824267749253,8.091325672896323,5.284973066303201,0.09981297940666815,132.mat,dis_bilezik,2,29.166666666666668,29.1488200729107,2.6102864740158607,19
0.5791611898266067,1.9927395816305056e-05,0.0007483682667913198,0.0012921588668848467,0.7053597293744885,0.609611256335498,0.569258043312514,6.2274294168637905,7.685546550429123,4.7930495086696805,0.09303505284068013,132.mat,dis_bilezik,2,29.166666666666668,29.1488200729107,2.6102864740158607,20
0.5732132064664961,2.1120095123442954e-05,0.0007314408653470295,0.0012760363109123615,0.6876770308197123,0.4643310676878398,0.5033634779175613,6.397912205919465,7.901467541297268,5.22308547709763,0.0928427916092246,132.mat,dis_bilezik,2,29.166666666666668,29.1488200729107,2.6102864740158607,21
0.5721859267279286,2.1136687331316624e-05,0.0007315903462981215,0.001278588500909968,0.42319444328830474,0.5215278153486679,0.5958949388280621,7.6215795045199215,7.681539890717703,5.127575661411683,0.09985943783008096,132.mat,dis_bilezik,2,29.166666666666668,29.1488200729107,2.6102864740158607,22
0.5717753027101344,2.0342701218007555e-05,0.0007333376868339952,0.0012825627188806428,0.7922819586250623,0.5548385517972537,0.5545897762788053,6.0250768117209725,8.094670201232757,5.4166188327938345,0.0989986361977527,132.mat,dis_bilezik,2,29.166666666666668,29.1488200729107,2.6102864740158607,23
0.5814927680634581,1.961812328555951e-05,0.0007417256916021677,0.0012755544562850832,0.6197630250689,0.47430739447947445,0.46579434960785493,5.3605789489424955,7.699054223568108,4.988212313996985,0.09539869947970532,132.mat,dis_bilezik,2,29.166666666666668,29.1488200729107,2.6102864740158607,24
0.580182274320011,2.063729390801796e-05,0.0006975806132681732,0.001202347338316314,0.5990059657749467,0.5049866845351212,0.5152303895875798,7.9719342451191,7.870020043050679,5.015826384512238,0.10353183942171755,132.mat,dis_bilezik,2,29.166666666666668,29.1488200729107,2.6102864740158607,25
0.5772670995334611,2.0176607076394967e-05,0.0006974012319577899,0.0012081083999420917,0.9755574996578633,0.6365998318445442,0.47924537720526383,6.106360966898565,7.754488823001557,5.242409569449599,0.09738728668322034,132.mat,dis_bilezik,2,29.166666666666668,29.1488200729107,2.6102864740158607,26
0.5800252878462092,2.0829292876724913e-05,0.0007164953137644491,0.0012352828898611556,0.4202284235612297,0.3966560188572952,0.5247490079392931,6.546274199984763,7.841255614126448,5.055833485723665,0.09513003700704571,132.mat,dis_bilezik,2,29.166666666666668,29.1488200729107,2.6102864740158607,27
0.5697326651579999,2.122521681632095e-05,0.0007425164022881828,0.0013032716003407718,0.9678750990063281,0.5108390626438003,0.47697370072064305,7.534738427735246,7.87271501875473,5.068800194766353,0.09081407612431089,132.mat,dis_bilezik,2,29.166666666666668,29.1488200729107,2.6102864740158607,28
0.562573339778844,2.0972976880754815e-05,0.0008117082741634113,0.0014428488105765252,0.7624597604359856,0.4200140229108842,0.47845534663854616,7.19798996971421,8.084978749247561,5.253414860470961,0.10439354210760833,133.mat,dis_bilezik,3,28.833333333333332,28.76561427244652,2.2080844924055913,0
0.5734936891237407,2.182737630571299e-05,0.000829927559328894,0.0014471433165995596,0.6535651694732703,0.5946998988306827,0.46614195236547024,3.1800002845449074,7.977847344594284,5.171866245659016,0.11357737764938597,133.mat,dis_bilezik,3,28.833333333333332,28.76561427244652,2.2080844924055913,1
0.5711502586738166,1.990569639851654e-05,0.00081966540152105,0.0014351134208060038,0.4100963287076473,0.5257626903692595,0.5272533816666556,6.3157119759298865,7.978071042492871,5.395186430763117,0.09616614638667717,133.mat,dis_bilezik,3,28.833333333333332,28.76561427244652,2.2080844924055913,2
0.5754331224653494,2.1044267104496324e-05,0.0008090895218541475,0.0014060530933400729,0.76147746432383,0.5574333000257855,0.6279600754132089,6.588807114213585,8.129907573372616,5.115503423882172,0.09752734253674297,133.mat,dis_bilezik,3,28.833333333333332,28.76561427244652,2.2080844924055913,3
0.565534575068645,2.1285991502296275e-05,0.0008313967817854907,0.0014701077855109124,0.8111876402523801,0.49078311258803053,0.48212128241673097,4.0954522318554405,7.991294623535831,5.58453621710543,0.11176883791532599,133.mat,dis_bilezik,3,28.833333333333332,28.76561427244652,2.2080844924055913,4
0.5797263243193501,2.08239862798394e-05,0.0007844576550627123,0.0013531516892602415,0.8254497550302684,0.5039546542188874,0.6419114659797193,7.130690923256013,7.948311485870735,5.48365297602137,0.10493380362559018,133.mat,dis_bilezik,3,28.833333333333332,28.76561427244652,2.2080844924055913,5
0.5769950845748003,2.137718541222013e-05,0.0008725704632806398,0.001512266718740148,0.41436201055538885,0.5066798863080191,0.4819891974023247,4.631958609759522,8.168569090265741,4.937690324700229,0.10346426591192856,133.mat,dis_bilezik,3,28.833333333333332,28.76561427244652,2.2080844924055913,6
0.5815066206716581,2.1375691320052752e-05,0.0008782169459912935,0.001510244105175304,0.5410412830214355,0.48449115418400046,0.416783478263595,4.5051142111748685,7.778706879590777,5.1473323151767785,0.10795662284128836,133.mat,dis_bilezik,3,28.833333333333332,28.76561427244652,2.2080844924055913,7
0.5883301814484267,2.16078793843427e-05,0.0008252043665365204,0.001402621168445793,0.9970367697468824,0.4937809958498149,0.46486199477370327,7.003789083407255,7.918372245626575,5.319783099240684,0.10469132822529473,133.mat,dis_bilezik,3,28.833333333333332,28.76561427244652,2.2080844924055913,8
0.5779963351080496,2.126312659199265e-05,0.0008350171291269874,0.0014446754735381604,0.28324559295932816,0.5697360712398851,0.40692486800370575,3.7819446206493637,8.05559600733024,5.406229727348769,0.10370467582513487,133.mat,dis_bilezik,3,28.833333333333332,28.76561427244652,2.2080844924055913,9
0.5776476654351202,2.181132066484014e-05,0.0008148131390352434,0.0014105711626481946,0.40276797181948737,0.488413756502168,0.493209259781419,6.033471936798079,8.088097761107829,5.261312655382183,0.1026084163510014,133.mat,dis_bilezik,3,28.833333333333332,28.76561427244652,2.2080844924055913,10
0.5887586945280168,2.0232597630605298e-05,0.0008846129517120555,0.001502505117855984,1.1021517366612785,0.47007502645452326,0.448213678860944,6.252264533472127,7.904998580846131,5.143920373682062,0.10262578886962416,133.mat,dis_bilezik,3,28.833333333333332,28.76561427244652,2.2080844924055913,11
0.5829404973867622,2.0781204039101112e-05,0.0007819322563613661,0.001341358611839997,0.9372926177137804,0.549291136234927,0.5271899624722608,3.420020803704965,7.938281966490347,5.54331847142058,0.10438424595073985,133.mat,dis_bilezik,3,28.833333333333332,28.76561427244652,2.2080844924055913,12
0.5852173757636381,2.1199237684626184e-05,0.0007952792384950885,0.0013589467289073331,0.3985484148352253,0.43511937175552773,0.579438505681099,7.097908379352302,7.856117884115253,5.022845742041771,0.10118712513248473,133.mat,dis_bilezik,3,28.833333333333332,28.76561427244652,2.2080844924055913,13
0.5790145689030917,2.1696236776893817e-05,0.0007959473368760594,0.0013746585658156395,0.6569126315562318,0.42267610597583444,0.6021253789196698,6.129032438552055,7.987504275990798,5.44572133925437,0.10334285308211431,133.mat,dis_bilezik,3,28.833333333333332,28.76561427244652,2.2080844924055913,14
0.586989026006005,2.085102445114822e-05,0.0008692046423049598,0.001480785165981258,0.8417496348752408,0.483687438123316,0.46658430964450354,3.920224356911034,7.729171855163186,5.136552213287939,0.10342110158904616,133.mat,dis_bilezik,3,28.833333333333332,28.76561427244652,2.2080844924055913,15
0.5746530928137186,2.2637947942762823e-05,0.0008998839726000816,0.0015659603747929798,0.8429888829525706,0.4787535778956498,0.4533538636271827,6.866957424186438,8.403593343742546,5.435889614342779,0.10890033652947026,133.mat,dis_bilezik,3,28.833333333333332,28.76561427244652,2.2080844924055913,16
0.580047146833931,2.162163653479851e-05,0.0008635781483361245,0.0014888068203564155,0.6227209434147087,0.4981374011783468,0.3781668496290601,4.719405861361678,7.824374430471822,4.505268168929147,0.10248767467173575,133.mat,dis_bilezik,3,28.833333333333332,28.76561427244652,2.2080844924055913,17
0.5921689230542618,2.1176374759117953e-05,0.0007864094434698089,0.001328015390291632,0.8854045102261848,0.5245468387906413,0.5860120117786328,5.492173815543481,7.6076006261908695,4.841427420198979,0.09669129842264652,133.mat,dis_bilezik,3,28.833333333333332,28.76561427244652,2.2080844924055913,18
0.5845667321444714,2.1844758724095103e-05,0.0008856262388237088,0.0015150130688643393,0.9398887096967478,0.4086499169951568,0.4672982549571405,6.944168607947431,8.256968073470194,5.397837594365915,0.09981804566399065,133.mat,dis_bilezik,3,28.833333333333332,28.76561427244652,2.2080844924055913,19
0.5734288140683064,2.1537375930638656e-05,0.0008544045852848701,0.0014899924181026665,1.0054900770925523,0.5850207436882675,0.46542613721079984,4.026843275106593,8.0148989735046,5.2309001638808965,0.10581662103042601,133.mat,dis_bilezik,3,28.833333333333332,28.76561427244652,2.2080844924055913,20
0.5856768948803499,2.2396135105269878e-05,0.0008575683299024718,0.0014642345248675097,0.2218235061966897,0.47805188937888177,0.4582372537016535,6.298672688791667,7.691299328152024,4.914542924233553,0.10280021929179438,133.mat,dis_bilezik,3,28.833333333333332,28.76561427244652,2.2080844924055913,21
0.5798286489695343,2.197544557559641e-05,0.000828931909136564,0.0014296153020522595,0.3555920193546841,0.4643793248768661,0.45766801750924224,6.536017307310419,7.904886787886648,5.120552634363218,0.09989814223979807,133.mat,dis_bilezik,3,28.833333333333332,28.76561427244652,2.2080844924055913,22
0.5713031952440837,2.1919184790085748e-05,0.0008138448629802329,0.001424541066379125,1.3131639788788387,0.5646813555824873,0.43840273752543757,4.135034114586806,8.102755697407572,5.209974429453816,0.1022549953658001,133.mat,dis_bilezik,3,28.833333333333332,28.76561427244652,2.2080844924055913,23
0.5859992147850858,2.3055952852615053e-05,0.0007973140466568761,0.0013606059983338528,0.9041548069619101,0.44065056381120316,0.5597263761732516,7.645188711578388,7.955298200733224,5.067710639704204,0.1067205061002449,133.mat,dis_bilezik,3,28.833333333333332,28.76561427244652,2.2080844924055913,24
0.5901031609358932,2.2704116555205234e-05,0.0008310056995472496,0.0014082380074492077,0.4333583041131974,0.5390062861796713,0.60211392496282,5.3700052051690355,7.874707860297101,5.058086277812721,0.10423003298057726,133.mat,dis_bilezik,3,28.833333333333332,28.76561427244652,2.2080844924055913,25
0.5771533439444128,2.13347531019523e-05,0.0008220316607104553,0.0014242864038369032,0.8871898460027343,0.5316361277505426,0.5606540028742315,4.954996310245244,7.855289265543066,5.214295288723314,0.09504824364166826,133.mat,dis_bilezik,3,28.833333333333332,28.76561427244652,2.2080844924055913,26
0.5890346611979551,2.347645043632147e-05,0.0008357852315025565,0.0014189067071220412,0.9455568493753488,0.40620236255009595,0.5382321943969727,7.831699935830549,8.170649132084419,5.273970005728197,0.10747405410447011,133.mat,dis_bilezik,3,28.833333333333332,28.76561427244652,2.2080844924055913,27
0.5872434637912144,2.1376201318482796e-05,0.0008153682351375915,0.00138846711016965,0.7164005575546192,0.4848384949899053,0.5915824103217282,4.395695430725552,7.853744680723491,5.02840497077218,0.09456864409036556,133.mat,dis_bilezik,3,28.833333333333332,28.76561427244652,2.2080844924055913,28
